log	job_id	family	mtime_date	anchor	d	norm	out_pkl	env	level	episode_length	r2_linear	r2_trained	coursey_frac_zero	coursey_weight_min	coursey_weight_mean	n_samples	adv_r_std	adv_c_std	dual_cosine	dual_overlap10	variant	top1_pct	top10_pct
fisher_6244676.log	6244676	fisher	2026-07-31	models/diag_safe_push_point_L1_p3o_budget_nosink_d5_s901/anchor	5	by_threshold	fisher/bt_d5_s901.pkl																
fisher_6244677.log	6244677	fisher	2026-07-31	models/diag_safe_push_point_L1_p3o_budget_nosink_d5_s902/anchor	5	by_threshold	fisher/bt_d5_s902.pkl																
fisher_6244678.log	6244678	fisher	2026-07-31	models/diag_safe_push_point_L1_p3o_budget_nosink_d5_s903/anchor	5	by_threshold	fisher/bt_d5_s903.pkl																
fisher_6244687.log	6244687	fisher	2026-07-31	models/diag_safe_push_point_L1_p3o_budget_nosink_d5_s901/anchor	5	by_threshold	fisher/bt_d5_s901.pkl	safe_push_point	1							51200	1.094	0.678	0.999	0.758			
fisher_6244688.log	6244688	fisher	2026-07-31	models/diag_safe_push_point_L1_p3o_budget_nosink_d5_s902/anchor	5	by_threshold	fisher/bt_d5_s902.pkl	safe_push_point	1							51200	0.747	0.602	0.922	0.693			
fisher_6244689.log	6244689	fisher	2026-07-31	models/diag_safe_push_point_L1_p3o_budget_nosink_d5_s903/anchor	5	by_threshold	fisher/bt_d5_s903.pkl	safe_push_point	1							51200	1.013	0.772	0.984	0.704			
fisher_6244696.log	6244696	fisher	2026-07-31	models/diag_safe_push_point_L1_p3o_budget_nosink_d5_s901/anchor	5	by_threshold	fisher/bt_d5_s901.pkl	safe_push_point	1	2000						51200	1.094	0.678	0.999	0.758			
fisher_6244697.log	6244697	fisher	2026-07-31	models/diag_safe_push_point_L1_p3o_budget_nosink_d5_s902/anchor	5	by_threshold	fisher/bt_d5_s902.pkl	safe_push_point	1	2000						51200	0.747	0.602	0.922	0.693			
fisher_6244698.log	6244698	fisher	2026-07-31	models/diag_safe_push_point_L1_p3o_budget_nosink_d5_s903/anchor	5	by_threshold	fisher/bt_d5_s903.pkl	safe_push_point	1	2000						51200	0.995	0.764	0.958	0.596			
fisher_6259230.log	6259230	fisher	2026-08-01	models/diag_safe_push_point_L1_p3o_budget_nosink_by_const_d5_s901/anchor	5	by_const	fisher/bc_d5_s901.pkl	safe_push_point	1	2000						51200	0.947	0.542	0.864	0.707			
fisher_6259231.log	6259231	fisher	2026-08-01	models/diag_safe_push_point_L1_p3o_budget_nosink_by_const_d5_s902/anchor	5	by_const	fisher/bc_d5_s902.pkl	safe_push_point	1	2000						51200	0.679	0.794	0.948	0.585			
fisher_6259232.log	6259232	fisher	2026-08-01	models/diag_safe_push_point_L1_p3o_budget_nosink_by_const_d5_s903/anchor	5	by_const	fisher/bc_d5_s903.pkl	safe_push_point	1	2000						51200	1.131	0.874	0.967	0.673			
fisher_6264396.log	6264396	fisher	2026-08-03	models/diag_safe_push_point_L1_p3o_budget_nosink_by_const_d5_s801/anchor	5	by_const	fisher/bc_d5_s801.pkl	safe_push_point	1	2000						51200	0.943	0.766	0.949	0.621			
fisher_6264397.log	6264397	fisher	2026-08-03	models/diag_safe_push_point_L1_p3o_budget_nosink_by_const_d5_s802/anchor	5	by_const	fisher/bc_d5_s802.pkl	safe_push_point	1	2000						51200	1.119	0.744	0.984	0.846			
fisher_6264444.log	6264444	fisher	2026-08-03	models/diag_safe_push_point_L2_p3o_budget_nosink_by_const_d25_s801/anchor	25	by_const	fisher/L2_d25_s801.pkl	safe_push_point	2	2000						51200	0.696	1.996	0.973	0.803			
fisher_6264445.log	6264445	fisher	2026-08-03	models/diag_safe_push_point_L2_p3o_budget_nosink_by_const_d25_s802/anchor	25	by_const	fisher/L2_d25_s802.pkl	safe_push_point	2	2000						51200	0.694	1.844	0.975	0.882			
fisher_6264446.log	6264446	fisher	2026-08-03	models/diag_safe_push_point_L2_p3o_budget_nosink_by_const_d25_s901/anchor	25	by_const	fisher/L2_d25_s901.pkl	safe_push_point	2	2000						51200	0.599	1.529	0.957	0.844			
fisher_6264447.log	6264447	fisher	2026-08-03	models/diag_safe_push_point_L2_p3o_budget_nosink_by_const_d25_s902/anchor	25	by_const	fisher/L2_d25_s902.pkl	safe_push_point	2	2000						51200	0.635	1.942	0.993	0.846			
fisher_6266178.log	6266178	fisher	2026-08-03	models/diag_safe_push_point_L2_p3o_budget_nosink_by_const_d25_s903/anchor	25	by_const	fisher/L2_d25_s903.pkl	safe_push_point	2	2000						51200	0.712	2.265	0.988	0.774			
fisher_6267414.log	6267414	fisher	2026-08-04	models/diag_safe_push_point_L1_p3o_budget_nosink_by_const_d5_s801/anchor	5	by_const	fisher/bc_d5_s801.pkl	safe_push_point	1	2000			0.993	0.250	0.998	51200	0.971	0.777	0.975	0.702			
fisher_6267415.log	6267415	fisher	2026-08-04	models/diag_safe_push_point_L1_p3o_budget_nosink_by_const_d5_s802/anchor	5	by_const	fisher/bc_d5_s802.pkl	safe_push_point	1	2000			0.990	0.250	0.998	51200	1.056	0.881	0.963	0.790			
fisher_6267416.log	6267416	fisher	2026-08-04	models/diag_safe_push_point_L1_p3o_budget_nosink_by_const_d5_s901/anchor	5	by_const	fisher/bc_d5_s901.pkl	safe_push_point	1	2000			0.994	0.250	0.999	51200	0.947	0.542	0.864	0.707			
fisher_6267417.log	6267417	fisher	2026-08-04	models/diag_safe_push_point_L1_p3o_budget_nosink_by_const_d5_s902/anchor	5	by_const	fisher/bc_d5_s902.pkl	safe_push_point	1	2000			0.990	0.250	0.998	51200	0.679	0.794	0.948	0.585			
fisher_6267418.log	6267418	fisher	2026-08-04	models/diag_safe_push_point_L1_p3o_budget_nosink_by_const_d5_s903/anchor	5	by_const	fisher/bc_d5_s903.pkl	safe_push_point	1	2000			0.990	0.250	0.998	51200	1.131	0.874	0.967	0.673			
fisher_6269666.log	6269666	fisher	2026-08-04	models/diag_safe_push_point_L2_p3o_budget_nosink_by_const_d25_s801/anchor	25	by_const	fisher/L2_d25_s801.pkl	safe_push_point	2	2000			0.974	0.250	0.993	51200	0.681	2.294	0.967	0.801			
fisher_6269667.log	6269667	fisher	2026-08-04	models/diag_safe_push_point_L2_p3o_budget_nosink_by_const_d25_s802/anchor	25	by_const	fisher/L2_d25_s802.pkl	safe_push_point	2	2000			0.978	0.250	0.994	51200	0.702	1.759	0.972	0.804			
fisher_6269668.log	6269668	fisher	2026-08-04	models/diag_safe_push_point_L2_p3o_budget_nosink_by_const_d25_s901/anchor	25	by_const	fisher/L2_d25_s901.pkl	safe_push_point	2	2000			0.981	0.250	0.995	51200	0.599	1.529	0.957	0.844			
fisher_6269669.log	6269669	fisher	2026-08-04	models/diag_safe_push_point_L2_p3o_budget_nosink_by_const_d25_s902/anchor	25	by_const	fisher/L2_d25_s902.pkl	safe_push_point	2	2000			0.974	0.250	0.993	51200	0.672	1.875	0.997	0.864			
fisher_6269670.log	6269670	fisher	2026-08-04	models/diag_safe_push_point_L2_p3o_budget_nosink_by_const_d25_s903/anchor	25	by_const	fisher/L2_d25_s903.pkl	safe_push_point	2	2000			0.977	0.250	0.993	51200	0.705	2.042	0.991	0.772			
fisher_6294091.log	6294091	fisher	2026-08-11	models/diag_safe_push_point_L14_p3o_budget_nosink_by_const_lr1e3ent_d5_s901/anchor	5	by_const	fisher/L14_d5_s901.pkl	safe_push_point	14	2000	0.015		0.990	0.250	0.998	51200	0.714	0.522	0.985	0.831			
fisher_6294130.log	6294130	fisher	2026-08-12	models/diag_safe_push_point_L14_p3o_budget_nosink_by_const_lr1e3ent_d5_s902/anchor	5	by_const	fisher/L14_d5_s902.pkl	safe_push_point	14	2000	0.021		0.993	0.250	0.999	51200	0.817	0.663	0.984	0.727			
fisher_6294131.log	6294131	fisher	2026-08-12	models/diag_safe_push_point_L14_p3o_budget_nosink_by_const_lr1e3ent_d5_s903/anchor	5	by_const	fisher/L14_d5_s903.pkl	safe_push_point	14	2000	0.016		0.990	0.250	0.998	51200	0.810	0.567	0.961	0.698			
fisher_6295288.log	6295288	fisher	2026-08-12	models/diag_safe_push_point_L14_p3o_budget_nosink_by_const_cv_d5_s901/anchor	5	by_const	fisher/L14cv_d5_s901.pkl	safe_push_point	14	2000	0.029												
fisher_6295371.log	6295371	fisher	2026-08-12	models/diag_safe_push_point_L14_p3o_budget_nosink_by_const_cv_d5_s901/anchor	5	by_const	fisher/L14cv_d5_s901.pkl	safe_push_point	14	2000	0.029	0.009	0.990	0.250	0.998	51200	0.743	0.559	0.992	0.792			
fisher_6297525.log	6297525	fisher	2026-08-13	models/diag_safe_goal_point_L1_p3o_budget_nosink_by_const_padtest_d25_s901/anchor	25	by_const	fisher/goalL1_d25_s901.pkl	safe_goal_point	1	1000	0.039		0.947	0.250	0.988	51200	1.051	1.870	0.979	0.846			
fisher_6297545.log	6297545	fisher	2026-08-13	models/diag_safe_push_point_L14_p3o_budget_nosink_by_const_lr1e3ent_d25_s901/anchor	25	by_const	fisher/L14_d25_s901.pkl	safe_push_point	14	2000	0.018		0.968	0.250	0.994	51200	0.808	1.177	0.999	0.894			
fisher_6297546.log	6297546	fisher	2026-08-13	models/diag_safe_push_point_L14_p3o_budget_nosink_by_const_lr1e3ent_d25_s902/anchor	25	by_const	fisher/L14_d25_s902.pkl	safe_push_point	14	2000	0.054		0.956	0.250	0.991	51200	0.963	1.425	0.992	0.874			
fisher_6297547.log	6297547	fisher	2026-08-13	models/diag_safe_push_point_L14_p3o_budget_nosink_by_const_lr1e3ent_d25_s903/anchor	25	by_const	fisher/L14_d25_s903.pkl	safe_push_point	14	2000	0.052		0.959	0.250	0.992	51200	0.983	1.521	0.992	0.756			
fisher_6298858.log	6298858	fisher	2026-08-13	models/diag_safe_push_point_L14_p3o_budget_nosink_by_const_lr1e3ent_d15_s901/anchor	15	by_const	fisher/L14_d15_s901.pkl	safe_push_point	14	2000	0.031		0.980	0.250	0.996	51200	0.855	1.164	0.996	0.785			
fisher_6298859.log	6298859	fisher	2026-08-13	models/diag_safe_push_point_L16_p3o_budget_nosink_by_const_lr1e3ent_d25_s901/anchor	25	by_const	fisher/L16_d25_s901.pkl	safe_push_point	16	2000	0.029		0.964	0.250	0.993	51200	0.788	1.280	1.000	0.894			
fisher_6298860.log	6298860	fisher	2026-08-13	models/diag_safe_push_point_L1_p3o_budget_nosink_by_const_lr1e3ent_d25_s901/anchor	25	by_const	fisher/pushL1_d25_s901.pkl	safe_push_point	1	2000	0.070		0.974	0.250	0.992	51200	1.108	2.045	0.994	0.806			
fisher_6298861.log	6298861	fisher	2026-08-13	models/diag_safe_push_point_L14_p3o_budget_nosink_by_const_lr1e3ent_d15_s902/anchor	15	by_const	fisher/L14_d15_s902.pkl	safe_push_point	14	2000	0.042		0.978	0.250	0.996	51200	0.901	1.388	0.982	0.774			
fisher_6298862.log	6298862	fisher	2026-08-13	models/diag_safe_push_point_L16_p3o_budget_nosink_by_const_lr1e3ent_d25_s902/anchor	25	by_const	fisher/L16_d25_s902.pkl	safe_push_point	16	2000	0.036		0.967	0.250	0.993	51200	0.923	1.209	0.995	0.734			
fisher_6298863.log	6298863	fisher	2026-08-13	models/diag_safe_push_point_L1_p3o_budget_nosink_by_const_lr1e3ent_d25_s902/anchor	25	by_const	fisher/pushL1_d25_s902.pkl	safe_push_point	1	2000	0.062		0.974	0.250	0.992	51200	1.190	1.858	0.988	0.779			
fisher_6298864.log	6298864	fisher	2026-08-13	models/diag_safe_goal_point_L1_p3o_budget_nosink_by_const_padtest_d25_s902/anchor	25	by_const	fisher/goalL1_d25_s902.pkl	safe_goal_point	1	1000	0.039		0.941	0.250	0.985	51200	1.089	1.978	0.994	0.890			
fisher_6298865.log	6298865	fisher	2026-08-13	models/diag_safe_push_point_L14_p3o_budget_nosink_by_const_lr1e3ent_d15_s903/anchor	15	by_const	fisher/L14_d15_s903.pkl	safe_push_point	14	2000	0.206		0.978	0.250	0.996	51200	0.881	1.195	0.998	0.711			
fisher_6298866.log	6298866	fisher	2026-08-13	models/diag_safe_push_point_L16_p3o_budget_nosink_by_const_lr1e3ent_d25_s903/anchor	25	by_const	fisher/L16_d25_s903.pkl	safe_push_point	16	2000	0.058		0.958	0.250	0.991	51200	1.014	1.882	0.985	0.754			
fisher_6298867.log	6298867	fisher	2026-08-13	models/diag_safe_push_point_L1_p3o_budget_nosink_by_const_lr1e3ent_d25_s903/anchor	25	by_const	fisher/pushL1_d25_s903.pkl	safe_push_point	1	2000	0.068		0.975	0.250	0.993	51200	1.232	1.800	0.989	0.779			
fisher_6298868.log	6298868	fisher	2026-08-13	models/diag_safe_goal_point_L1_p3o_budget_nosink_by_const_padtest_d25_s903/anchor	25	by_const	fisher/goalL1_d25_s903.pkl	safe_goal_point	1	1000	0.021		0.941	0.250	0.985	51200	1.099	2.021	0.992	0.828			
fisher_6298869.log	6298869	fisher	2026-08-13	models/diag_safe_push_point_L14_p3o_budget_nosink_by_const_lr1e3ent_d5_s904/anchor	5	by_const	fisher/L14_d5_s904.pkl	safe_push_point	14	2000	0.043	0.045	0.989	0.250	0.998	51200	0.736	1.049	0.849	0.639			
fisher_6298870.log	6298870	fisher	2026-08-13	models/diag_safe_push_point_L14_p3o_budget_nosink_by_const_lr1e3ent_d25_s904/anchor	25	by_const	fisher/L14_d25_s904.pkl	safe_push_point	14	2000	0.025	0.063	0.958	0.250	0.991	51200	0.806	1.496	0.998	0.828			
fisher_6298871.log	6298871	fisher	2026-08-13	models/diag_safe_push_point_L14_p3o_budget_nosink_by_const_lr1e3ent_d15_s904/anchor	15	by_const	fisher/L14_d15_s904.pkl	safe_push_point	14	2000	0.028	0.029	0.980	0.250	0.996	51200	0.780	0.920	0.999	0.835			
fisher_6298872.log	6298872	fisher	2026-08-13	models/diag_safe_push_point_L16_p3o_budget_nosink_by_const_lr1e3ent_d25_s904/anchor	25	by_const	fisher/L16_d25_s904.pkl	safe_push_point	16	2000	0.041	0.074	0.956	0.250	0.991	51200	0.839	1.455	0.998	0.824			
fisher_6298873.log	6298873	fisher	2026-08-13	models/diag_safe_push_point_L1_p3o_budget_nosink_by_const_lr1e3ent_d25_s904/anchor	25	by_const	fisher/pushL1_d25_s904.pkl	safe_push_point	1	2000	0.076	0.399	0.975	0.250	0.992	51200	1.149	1.945	0.993	0.833			
fisher_6298874.log	6298874	fisher	2026-08-13	models/diag_safe_goal_point_L1_p3o_budget_nosink_by_const_padtest_d25_s904/anchor	25	by_const	fisher/goalL1_d25_s904.pkl	safe_goal_point	1	1000	0.046	0.217	0.939	0.250	0.985	51200	1.105	2.047	0.993	0.876			
fisher_6298875.log	6298875	fisher	2026-08-13	models/diag_safe_push_point_L14_p3o_budget_nosink_by_const_lr1e3ent_d5_s905/anchor	5	by_const	fisher/L14_d5_s905.pkl	safe_push_point	14	2000	0.018	-0.130	0.991	0.250	0.999	51200	0.814	0.668	0.965	0.756			
fisher_6298876.log	6298876	fisher	2026-08-13	models/diag_safe_push_point_L14_p3o_budget_nosink_by_const_lr1e3ent_d25_s905/anchor	25	by_const	fisher/L14_d25_s905.pkl	safe_push_point	14	2000	0.055	0.133	0.961	0.250	0.992	51200	0.941	1.351	0.996	0.804			
fisher_6298877.log	6298877	fisher	2026-08-13	models/diag_safe_push_point_L14_p3o_budget_nosink_by_const_lr1e3ent_d15_s905/anchor	15	by_const	fisher/L14_d15_s905.pkl	safe_push_point	14	2000	0.023	0.065	0.980	0.250	0.997	51200	0.921	1.005	0.900	0.734			
fisher_6298878.log	6298878	fisher	2026-08-13	models/diag_safe_push_point_L16_p3o_budget_nosink_by_const_lr1e3ent_d25_s905/anchor	25	by_const	fisher/L16_d25_s905.pkl	safe_push_point	16	2000	0.036	0.110	0.956	0.250	0.991	51200	0.882	1.322	0.996	0.826			
fisher_6298879.log	6298879	fisher	2026-08-13	models/diag_safe_push_point_L1_p3o_budget_nosink_by_const_lr1e3ent_d25_s905/anchor	25	by_const	fisher/pushL1_d25_s905.pkl	safe_push_point	1	2000	0.080	0.393	0.975	0.250	0.993	51200	1.134	2.170	0.997	0.820			
fisher_6298880.log	6298880	fisher	2026-08-13	models/diag_safe_goal_point_L1_p3o_budget_nosink_by_const_padtest_d25_s905/anchor	25	by_const	fisher/goalL1_d25_s905.pkl	safe_goal_point	1	1000	0.047	0.200	0.942	0.250	0.986	51200	1.080	1.968	0.989	0.862			
fisher_6301039.log	6301039	fisher	2026-08-14	models/diag_safe_push_point_L14_p3o_budget_nosink_by_const_lr1e3ent_d5_s901/anchor	5	by_const	fisher/L14_d5_s901.pkl	safe_push_point	14	2000	0.014	0.011	0.989	0.250	0.998	51200	0.688	0.600	0.989	0.765			
fisher_6301040.log	6301040	fisher	2026-08-14	models/diag_safe_push_point_L14_p3o_budget_nosink_by_const_lr1e3ent_d15_s901/anchor	15	by_const	fisher/L14_d15_s901.pkl	safe_push_point	14	2000	0.042	0.010	0.980	0.250	0.996	51200	0.794	0.774	0.994	0.838			
fisher_6301041.log	6301041	fisher	2026-08-14	models/diag_safe_push_point_L14_p3o_budget_nosink_by_const_lr1e3ent_d25_s901/anchor	25	by_const	fisher/L14_d25_s901.pkl	safe_push_point	14	2000	0.057	0.163	0.966	0.250	0.993	51200	0.856	1.865	0.991	0.736			
fisher_6301042.log	6301042	fisher	2026-08-14	models/diag_safe_push_point_L16_p3o_budget_nosink_by_const_lr1e3ent_d25_s901/anchor	25	by_const	fisher/L16_d25_s901.pkl	safe_push_point	16	2000	0.237	0.324	0.962	0.250	0.993	51200	0.803	1.786	0.956	0.585			
fisher_6301043.log	6301043	fisher	2026-08-14	models/diag_safe_push_point_L1_p3o_budget_nosink_by_const_lr1e3ent_d25_s901/anchor	25	by_const	fisher/pushL1_d25_s901.pkl	safe_push_point	1	2000	0.085	0.399	0.971	0.250	0.991	51200	1.111	2.097	0.997	0.815			
fisher_6301044.log	6301044	fisher	2026-08-14	models/diag_safe_goal_point_L1_p3o_budget_nosink_by_const_padtest_d25_s901/anchor	25	by_const	fisher/goalL1_d25_s901.pkl	safe_goal_point	1	1000	0.039	0.218	0.947	0.250	0.988	51200	1.051	1.870	0.979	0.846			
fisher_6301045.log	6301045	fisher	2026-08-14	models/diag_safe_push_point_L14_p3o_budget_nosink_by_const_lr1e3ent_d5_s902/anchor	5	by_const	fisher/L14_d5_s902.pkl	safe_push_point	14	2000	0.021	0.038	0.993	0.250	0.999	51200	0.817	0.663	0.984	0.727			
fisher_6301046.log	6301046	fisher	2026-08-14	models/diag_safe_push_point_L14_p3o_budget_nosink_by_const_lr1e3ent_d15_s902/anchor	15	by_const	fisher/L14_d15_s902.pkl	safe_push_point	14	2000	0.032	0.256	0.975	0.250	0.995	51200	0.899	1.442	0.997	0.682			
fisher_6301047.log	6301047	fisher	2026-08-14	models/diag_safe_push_point_L14_p3o_budget_nosink_by_const_lr1e3ent_d25_s902/anchor	25	by_const	fisher/L14_d25_s902.pkl	safe_push_point	14	2000	0.033	0.097	0.968	0.250	0.994	51200	0.943	1.232	0.997	0.729			
fisher_6301048.log	6301048	fisher	2026-08-14	models/diag_safe_push_point_L16_p3o_budget_nosink_by_const_lr1e3ent_d25_s902/anchor	25	by_const	fisher/L16_d25_s902.pkl	safe_push_point	16	2000	0.042	0.091	0.965	0.250	0.993	51200	0.763	1.372	0.994	0.829			
fisher_6301049.log	6301049	fisher	2026-08-14	models/diag_safe_push_point_L1_p3o_budget_nosink_by_const_lr1e3ent_d25_s902/anchor	25	by_const	fisher/pushL1_d25_s902.pkl	safe_push_point	1	2000	0.077	0.448	0.966	0.250	0.990	51200	1.242	2.360	0.995	0.815			
fisher_6301050.log	6301050	fisher	2026-08-14	models/diag_safe_goal_point_L1_p3o_budget_nosink_by_const_padtest_d25_s902/anchor	25	by_const	fisher/goalL1_d25_s902.pkl	safe_goal_point	1	1000	0.029	0.200	0.951	0.250	0.989	51200	1.057	1.667	0.994	0.871			
fisher_6301051.log	6301051	fisher	2026-08-14	models/diag_safe_push_point_L14_p3o_budget_nosink_by_const_lr1e3ent_d5_s903/anchor	5	by_const	fisher/L14_d5_s903.pkl	safe_push_point	14	2000	0.027	-0.000	0.986	0.250	0.998	51200	0.769	0.918	0.979	0.713			
fisher_6301052.log	6301052	fisher	2026-08-14	models/diag_safe_push_point_L14_p3o_budget_nosink_by_const_lr1e3ent_d15_s903/anchor	15	by_const	fisher/L14_d15_s903.pkl	safe_push_point	14	2000	0.031	0.107	0.980	0.250	0.996	51200	0.892	1.023	0.997	0.804			
fisher_6301053.log	6301053	fisher	2026-08-14	models/diag_safe_push_point_L14_p3o_budget_nosink_by_const_lr1e3ent_d25_s903/anchor	25	by_const	fisher/L14_d25_s903.pkl	safe_push_point	14	2000	0.052	0.120	0.959	0.250	0.992	51200	0.983	1.521	0.992	0.756			
fisher_6301054.log	6301054	fisher	2026-08-14	models/diag_safe_push_point_L16_p3o_budget_nosink_by_const_lr1e3ent_d25_s903/anchor	25	by_const	fisher/L16_d25_s903.pkl	safe_push_point	16	2000	0.030	0.107	0.959	0.250	0.992	51200	0.972	1.427	0.998	0.808			
fisher_6301055.log	6301055	fisher	2026-08-14	models/diag_safe_push_point_L1_p3o_budget_nosink_by_const_lr1e3ent_d25_s903/anchor	25	by_const	fisher/pushL1_d25_s903.pkl	safe_push_point	1	2000	0.068	0.365	0.972	0.250	0.992	51200	1.231	1.910	0.994	0.799			
fisher_6301056.log	6301056	fisher	2026-08-14	models/diag_safe_goal_point_L1_p3o_budget_nosink_by_const_padtest_d25_s903/anchor	25	by_const	fisher/goalL1_d25_s903.pkl	safe_goal_point	1	1000	0.028	0.189	0.942	0.250	0.986	51200	1.084	1.958	0.998	0.856			
fisher_6301057.log	6301057	fisher	2026-08-14	models/diag_safe_push_point_L14_p3o_budget_nosink_by_const_lr1e3ent_d5_s904/anchor	5	by_const	fisher/L14_d5_s904.pkl	safe_push_point	14	2000	0.017	0.045	0.988	0.250	0.998	51200	0.723	0.791	0.980	0.777			
fisher_6301058.log	6301058	fisher	2026-08-14	models/diag_safe_push_point_L14_p3o_budget_nosink_by_const_lr1e3ent_d15_s904/anchor	15	by_const	fisher/L14_d15_s904.pkl	safe_push_point	14	2000	0.052	0.074	0.982	0.250	0.996	51200	0.806	1.515	0.974	0.722			
fisher_6301059.log	6301059	fisher	2026-08-14	models/diag_safe_push_point_L14_p3o_budget_nosink_by_const_lr1e3ent_d25_s904/anchor	25	by_const	fisher/L14_d25_s904.pkl	safe_push_point	14	2000	0.023	0.076	0.960	0.250	0.992	51200	0.788	1.375	0.996	0.768			
fisher_6301060.log	6301060	fisher	2026-08-14	models/diag_safe_push_point_L16_p3o_budget_nosink_by_const_lr1e3ent_d25_s904/anchor	25	by_const	fisher/L16_d25_s904.pkl	safe_push_point	16	2000	0.036	0.100	0.956	0.250	0.991	51200	0.842	1.536	0.998	0.862			
fisher_6301061.log	6301061	fisher	2026-08-14	models/diag_safe_push_point_L1_p3o_budget_nosink_by_const_lr1e3ent_d25_s904/anchor	25	by_const	fisher/pushL1_d25_s904.pkl	safe_push_point	1	2000	0.082	0.374	0.973	0.250	0.991	51200	1.127	2.285	0.995	0.776			
fisher_6301062.log	6301062	fisher	2026-08-14	models/diag_safe_goal_point_L1_p3o_budget_nosink_by_const_padtest_d25_s904/anchor	25	by_const	fisher/goalL1_d25_s904.pkl	safe_goal_point	1	1000	0.046	0.217	0.939	0.250	0.985	51200	1.105	2.047	0.993	0.876			
fisher_6301063.log	6301063	fisher	2026-08-14	models/diag_safe_push_point_L14_p3o_budget_nosink_by_const_lr1e3ent_d5_s905/anchor	5	by_const	fisher/L14_d5_s905.pkl	safe_push_point	14	2000	0.022	-0.167	0.990	0.250	0.998	51200	0.849	0.674	0.991	0.770			
fisher_6301064.log	6301064	fisher	2026-08-14	models/diag_safe_push_point_L14_p3o_budget_nosink_by_const_lr1e3ent_d15_s905/anchor	15	by_const	fisher/L14_d15_s905.pkl	safe_push_point	14	2000	0.029	0.084	0.983	0.250	0.997	51200	0.961	1.312	0.999	0.806			
fisher_6301065.log	6301065	fisher	2026-08-14	models/diag_safe_push_point_L14_p3o_budget_nosink_by_const_lr1e3ent_d25_s905/anchor	25	by_const	fisher/L14_d25_s905.pkl	safe_push_point	14	2000	0.045	0.106	0.960	0.250	0.992	51200	0.944	1.341	0.990	0.803			
fisher_6301066.log	6301066	fisher	2026-08-14	models/diag_safe_push_point_L16_p3o_budget_nosink_by_const_lr1e3ent_d25_s905/anchor	25	by_const	fisher/L16_d25_s905.pkl	safe_push_point	16	2000	0.031	0.071	0.959	0.250	0.992	51200	0.909	1.454	0.998	0.849			
fisher_6301067.log	6301067	fisher	2026-08-14	models/diag_safe_push_point_L1_p3o_budget_nosink_by_const_lr1e3ent_d25_s905/anchor	25	by_const	fisher/pushL1_d25_s905.pkl	safe_push_point	1	2000	0.074	0.399	0.975	0.250	0.993	51200	1.088	2.075	0.994	0.851			
fisher_6301068.log	6301068	fisher	2026-08-14	models/diag_safe_goal_point_L1_p3o_budget_nosink_by_const_padtest_d25_s905/anchor	25	by_const	fisher/goalL1_d25_s905.pkl	safe_goal_point	1	1000	0.076	0.203	0.936	0.250	0.984	51200	1.056	2.125	0.981	0.842			
fisher_6301273.log	6301273	fisher	2026-08-14	models/diag_safe_push_point_L14_p3o_budget_nosink_by_const_lr1e3ent_d5_s901/anchor	5	by_const	fisher/L14_d5_s901.pkl	safe_push_point	14	2000	0.014	0.011	0.989	0.250	0.998	51200	0.688	0.600	0.989	0.765	vanilla	0.309	0.613
fisher_6301273.log	6301273	fisher	2026-08-14	models/diag_safe_push_point_L14_p3o_budget_nosink_by_const_lr1e3ent_d5_s901/anchor	5	by_const	fisher/L14_d5_s901.pkl	safe_push_point	14	2000	0.014	0.011	0.989	0.250	0.998	51200	0.688	0.600	0.989	0.765	ours_cf	0.273	0.592
fisher_6301273.log	6301273	fisher	2026-08-14	models/diag_safe_push_point_L14_p3o_budget_nosink_by_const_lr1e3ent_d5_s901/anchor	5	by_const	fisher/L14_d5_s901.pkl	safe_push_point	14	2000	0.014	0.011	0.989	0.250	0.998	51200	0.688	0.600	0.989	0.765	reward	0.291	0.600
fisher_6301273.log	6301273	fisher	2026-08-14	models/diag_safe_push_point_L14_p3o_budget_nosink_by_const_lr1e3ent_d5_s901/anchor	5	by_const	fisher/L14_d5_s901.pkl	safe_push_point	14	2000	0.014	0.011	0.989	0.250	0.998	51200	0.688	0.600	0.989	0.765	coursey_cf	0.309	0.613
fisher_6301273.log	6301273	fisher	2026-08-14	models/diag_safe_push_point_L14_p3o_budget_nosink_by_const_lr1e3ent_d5_s901/anchor	5	by_const	fisher/L14_d5_s901.pkl	safe_push_point	14	2000	0.014	0.011	0.989	0.250	0.998	51200	0.688	0.600	0.989	0.765	ours_cf_vb	0.274	0.592
fisher_6301273.log	6301273	fisher	2026-08-14	models/diag_safe_push_point_L14_p3o_budget_nosink_by_const_lr1e3ent_d5_s901/anchor	5	by_const	fisher/L14_d5_s901.pkl	safe_push_point	14	2000	0.014	0.011	0.989	0.250	0.998	51200	0.688	0.600	0.989	0.765	ours_cf_realvb	0.272	0.588
fisher_6301274.log	6301274	fisher	2026-08-14	models/diag_safe_push_point_L14_p3o_budget_nosink_by_const_lr1e3ent_d15_s901/anchor	15	by_const	fisher/L14_d15_s901.pkl	safe_push_point	14	2000	0.030	0.078	0.978	0.250	0.996	51200	0.798	0.993	0.998	0.822	vanilla	0.474	0.710
fisher_6301274.log	6301274	fisher	2026-08-14	models/diag_safe_push_point_L14_p3o_budget_nosink_by_const_lr1e3ent_d15_s901/anchor	15	by_const	fisher/L14_d15_s901.pkl	safe_push_point	14	2000	0.030	0.078	0.978	0.250	0.996	51200	0.798	0.993	0.998	0.822	ours_cf	0.433	0.688
fisher_6301274.log	6301274	fisher	2026-08-14	models/diag_safe_push_point_L14_p3o_budget_nosink_by_const_lr1e3ent_d15_s901/anchor	15	by_const	fisher/L14_d15_s901.pkl	safe_push_point	14	2000	0.030	0.078	0.978	0.250	0.996	51200	0.798	0.993	0.998	0.822	reward	0.468	0.702
fisher_6301274.log	6301274	fisher	2026-08-14	models/diag_safe_push_point_L14_p3o_budget_nosink_by_const_lr1e3ent_d15_s901/anchor	15	by_const	fisher/L14_d15_s901.pkl	safe_push_point	14	2000	0.030	0.078	0.978	0.250	0.996	51200	0.798	0.993	0.998	0.822	coursey_cf	0.474	0.710
fisher_6301274.log	6301274	fisher	2026-08-14	models/diag_safe_push_point_L14_p3o_budget_nosink_by_const_lr1e3ent_d15_s901/anchor	15	by_const	fisher/L14_d15_s901.pkl	safe_push_point	14	2000	0.030	0.078	0.978	0.250	0.996	51200	0.798	0.993	0.998	0.822	ours_cf_vb	0.436	0.689
fisher_6301274.log	6301274	fisher	2026-08-14	models/diag_safe_push_point_L14_p3o_budget_nosink_by_const_lr1e3ent_d15_s901/anchor	15	by_const	fisher/L14_d15_s901.pkl	safe_push_point	14	2000	0.030	0.078	0.978	0.250	0.996	51200	0.798	0.993	0.998	0.822	ours_cf_realvb	0.438	0.690
fisher_6301275.log	6301275	fisher	2026-08-14	models/diag_safe_push_point_L14_p3o_budget_nosink_by_const_lr1e3ent_d25_s901/anchor	25	by_const	fisher/L14_d25_s901.pkl	safe_push_point	14	2000	0.057	0.163	0.966	0.250	0.993	51200	0.856	1.865	0.991	0.736	vanilla	0.461	0.705
fisher_6301275.log	6301275	fisher	2026-08-14	models/diag_safe_push_point_L14_p3o_budget_nosink_by_const_lr1e3ent_d25_s901/anchor	25	by_const	fisher/L14_d25_s901.pkl	safe_push_point	14	2000	0.057	0.163	0.966	0.250	0.993	51200	0.856	1.865	0.991	0.736	ours_cf	0.393	0.673
fisher_6301275.log	6301275	fisher	2026-08-14	models/diag_safe_push_point_L14_p3o_budget_nosink_by_const_lr1e3ent_d25_s901/anchor	25	by_const	fisher/L14_d25_s901.pkl	safe_push_point	14	2000	0.057	0.163	0.966	0.250	0.993	51200	0.856	1.865	0.991	0.736	reward	0.459	0.705
fisher_6301275.log	6301275	fisher	2026-08-14	models/diag_safe_push_point_L14_p3o_budget_nosink_by_const_lr1e3ent_d25_s901/anchor	25	by_const	fisher/L14_d25_s901.pkl	safe_push_point	14	2000	0.057	0.163	0.966	0.250	0.993	51200	0.856	1.865	0.991	0.736	coursey_cf	0.461	0.705
fisher_6301275.log	6301275	fisher	2026-08-14	models/diag_safe_push_point_L14_p3o_budget_nosink_by_const_lr1e3ent_d25_s901/anchor	25	by_const	fisher/L14_d25_s901.pkl	safe_push_point	14	2000	0.057	0.163	0.966	0.250	0.993	51200	0.856	1.865	0.991	0.736	ours_cf_vb	0.400	0.674
fisher_6301275.log	6301275	fisher	2026-08-14	models/diag_safe_push_point_L14_p3o_budget_nosink_by_const_lr1e3ent_d25_s901/anchor	25	by_const	fisher/L14_d25_s901.pkl	safe_push_point	14	2000	0.057	0.163	0.966	0.250	0.993	51200	0.856	1.865	0.991	0.736	ours_cf_realvb	0.412	0.684
fisher_6301276.log	6301276	fisher	2026-08-14	models/diag_safe_push_point_L16_p3o_budget_nosink_by_const_lr1e3ent_d25_s901/anchor	25	by_const	fisher/L16_d25_s901.pkl	safe_push_point	16	2000	0.237	0.324	0.962	0.250	0.993	51200	0.803	1.786	0.956	0.585	vanilla	0.615	0.796
fisher_6301276.log	6301276	fisher	2026-08-14	models/diag_safe_push_point_L16_p3o_budget_nosink_by_const_lr1e3ent_d25_s901/anchor	25	by_const	fisher/L16_d25_s901.pkl	safe_push_point	16	2000	0.237	0.324	0.962	0.250	0.993	51200	0.803	1.786	0.956	0.585	ours_cf	0.505	0.778
fisher_6301276.log	6301276	fisher	2026-08-14	models/diag_safe_push_point_L16_p3o_budget_nosink_by_const_lr1e3ent_d25_s901/anchor	25	by_const	fisher/L16_d25_s901.pkl	safe_push_point	16	2000	0.237	0.324	0.962	0.250	0.993	51200	0.803	1.786	0.956	0.585	reward	0.616	0.798
fisher_6301276.log	6301276	fisher	2026-08-14	models/diag_safe_push_point_L16_p3o_budget_nosink_by_const_lr1e3ent_d25_s901/anchor	25	by_const	fisher/L16_d25_s901.pkl	safe_push_point	16	2000	0.237	0.324	0.962	0.250	0.993	51200	0.803	1.786	0.956	0.585	coursey_cf	0.615	0.796
fisher_6301276.log	6301276	fisher	2026-08-14	models/diag_safe_push_point_L16_p3o_budget_nosink_by_const_lr1e3ent_d25_s901/anchor	25	by_const	fisher/L16_d25_s901.pkl	safe_push_point	16	2000	0.237	0.324	0.962	0.250	0.993	51200	0.803	1.786	0.956	0.585	ours_cf_vb	0.532	0.757
fisher_6301276.log	6301276	fisher	2026-08-14	models/diag_safe_push_point_L16_p3o_budget_nosink_by_const_lr1e3ent_d25_s901/anchor	25	by_const	fisher/L16_d25_s901.pkl	safe_push_point	16	2000	0.237	0.324	0.962	0.250	0.993	51200	0.803	1.786	0.956	0.585	ours_cf_realvb	0.527	0.755
fisher_6301277.log	6301277	fisher	2026-08-14	models/diag_safe_push_point_L1_p3o_budget_nosink_by_const_lr1e3ent_d25_s901/anchor	25	by_const	fisher/pushL1_d25_s901.pkl	safe_push_point	1	2000	0.071	0.371	0.972	0.250	0.991	51200	1.129	2.342	0.995	0.770	vanilla	0.575	0.784
fisher_6301277.log	6301277	fisher	2026-08-14	models/diag_safe_push_point_L1_p3o_budget_nosink_by_const_lr1e3ent_d25_s901/anchor	25	by_const	fisher/pushL1_d25_s901.pkl	safe_push_point	1	2000	0.071	0.371	0.972	0.250	0.991	51200	1.129	2.342	0.995	0.770	ours_cf	0.528	0.753
fisher_6301277.log	6301277	fisher	2026-08-14	models/diag_safe_push_point_L1_p3o_budget_nosink_by_const_lr1e3ent_d25_s901/anchor	25	by_const	fisher/pushL1_d25_s901.pkl	safe_push_point	1	2000	0.071	0.371	0.972	0.250	0.991	51200	1.129	2.342	0.995	0.770	reward	0.575	0.783
fisher_6301277.log	6301277	fisher	2026-08-14	models/diag_safe_push_point_L1_p3o_budget_nosink_by_const_lr1e3ent_d25_s901/anchor	25	by_const	fisher/pushL1_d25_s901.pkl	safe_push_point	1	2000	0.071	0.371	0.972	0.250	0.991	51200	1.129	2.342	0.995	0.770	coursey_cf	0.575	0.784
fisher_6301277.log	6301277	fisher	2026-08-14	models/diag_safe_push_point_L1_p3o_budget_nosink_by_const_lr1e3ent_d25_s901/anchor	25	by_const	fisher/pushL1_d25_s901.pkl	safe_push_point	1	2000	0.071	0.371	0.972	0.250	0.991	51200	1.129	2.342	0.995	0.770	ours_cf_vb	0.531	0.754
fisher_6301277.log	6301277	fisher	2026-08-14	models/diag_safe_push_point_L1_p3o_budget_nosink_by_const_lr1e3ent_d25_s901/anchor	25	by_const	fisher/pushL1_d25_s901.pkl	safe_push_point	1	2000	0.071	0.371	0.972	0.250	0.991	51200	1.129	2.342	0.995	0.770	ours_cf_realvb	0.561	0.771
fisher_6301278.log	6301278	fisher	2026-08-14	models/diag_safe_goal_point_L1_p3o_budget_nosink_by_const_padtest_d25_s901/anchor	25	by_const	fisher/goalL1_d25_s901.pkl	safe_goal_point	1	1000	0.031	0.209	0.949	0.250	0.988	51200	1.063	1.879	0.980	0.844	vanilla	0.486	0.709
fisher_6301278.log	6301278	fisher	2026-08-14	models/diag_safe_goal_point_L1_p3o_budget_nosink_by_const_padtest_d25_s901/anchor	25	by_const	fisher/goalL1_d25_s901.pkl	safe_goal_point	1	1000	0.031	0.209	0.949	0.250	0.988	51200	1.063	1.879	0.980	0.844	ours_cf	0.492	0.719
fisher_6301278.log	6301278	fisher	2026-08-14	models/diag_safe_goal_point_L1_p3o_budget_nosink_by_const_padtest_d25_s901/anchor	25	by_const	fisher/goalL1_d25_s901.pkl	safe_goal_point	1	1000	0.031	0.209	0.949	0.250	0.988	51200	1.063	1.879	0.980	0.844	reward	0.476	0.699
fisher_6301278.log	6301278	fisher	2026-08-14	models/diag_safe_goal_point_L1_p3o_budget_nosink_by_const_padtest_d25_s901/anchor	25	by_const	fisher/goalL1_d25_s901.pkl	safe_goal_point	1	1000	0.031	0.209	0.949	0.250	0.988	51200	1.063	1.879	0.980	0.844	coursey_cf	0.485	0.708
fisher_6301278.log	6301278	fisher	2026-08-14	models/diag_safe_goal_point_L1_p3o_budget_nosink_by_const_padtest_d25_s901/anchor	25	by_const	fisher/goalL1_d25_s901.pkl	safe_goal_point	1	1000	0.031	0.209	0.949	0.250	0.988	51200	1.063	1.879	0.980	0.844	ours_cf_vb	0.494	0.720
fisher_6301278.log	6301278	fisher	2026-08-14	models/diag_safe_goal_point_L1_p3o_budget_nosink_by_const_padtest_d25_s901/anchor	25	by_const	fisher/goalL1_d25_s901.pkl	safe_goal_point	1	1000	0.031	0.209	0.949	0.250	0.988	51200	1.063	1.879	0.980	0.844	ours_cf_realvb	0.490	0.715
fisher_6301279.log	6301279	fisher	2026-08-14	models/diag_safe_push_point_L14_p3o_budget_nosink_by_const_lr1e3ent_d5_s902/anchor	5	by_const	fisher/L14_d5_s902.pkl	safe_push_point	14	2000	0.025	0.030	0.993	0.250	0.999	51200	0.843	0.514	0.993	0.743	vanilla	0.522	0.758
fisher_6301279.log	6301279	fisher	2026-08-14	models/diag_safe_push_point_L14_p3o_budget_nosink_by_const_lr1e3ent_d5_s902/anchor	5	by_const	fisher/L14_d5_s902.pkl	safe_push_point	14	2000	0.025	0.030	0.993	0.250	0.999	51200	0.843	0.514	0.993	0.743	ours_cf	0.394	0.681
fisher_6301279.log	6301279	fisher	2026-08-14	models/diag_safe_push_point_L14_p3o_budget_nosink_by_const_lr1e3ent_d5_s902/anchor	5	by_const	fisher/L14_d5_s902.pkl	safe_push_point	14	2000	0.025	0.030	0.993	0.250	0.999	51200	0.843	0.514	0.993	0.743	reward	0.511	0.745
fisher_6301279.log	6301279	fisher	2026-08-14	models/diag_safe_push_point_L14_p3o_budget_nosink_by_const_lr1e3ent_d5_s902/anchor	5	by_const	fisher/L14_d5_s902.pkl	safe_push_point	14	2000	0.025	0.030	0.993	0.250	0.999	51200	0.843	0.514	0.993	0.743	coursey_cf	0.522	0.758
fisher_6301279.log	6301279	fisher	2026-08-14	models/diag_safe_push_point_L14_p3o_budget_nosink_by_const_lr1e3ent_d5_s902/anchor	5	by_const	fisher/L14_d5_s902.pkl	safe_push_point	14	2000	0.025	0.030	0.993	0.250	0.999	51200	0.843	0.514	0.993	0.743	ours_cf_vb	0.398	0.682
fisher_6301279.log	6301279	fisher	2026-08-14	models/diag_safe_push_point_L14_p3o_budget_nosink_by_const_lr1e3ent_d5_s902/anchor	5	by_const	fisher/L14_d5_s902.pkl	safe_push_point	14	2000	0.025	0.030	0.993	0.250	0.999	51200	0.843	0.514	0.993	0.743	ours_cf_realvb	0.401	0.683
fisher_6301280.log	6301280	fisher	2026-08-14	models/diag_safe_push_point_L14_p3o_budget_nosink_by_const_lr1e3ent_d15_s902/anchor	15	by_const	fisher/L14_d15_s902.pkl	safe_push_point	14	2000	0.042	0.118	0.978	0.250	0.996	51200	0.901	1.388	0.982	0.774	vanilla	0.582	0.762
fisher_6301280.log	6301280	fisher	2026-08-14	models/diag_safe_push_point_L14_p3o_budget_nosink_by_const_lr1e3ent_d15_s902/anchor	15	by_const	fisher/L14_d15_s902.pkl	safe_push_point	14	2000	0.042	0.118	0.978	0.250	0.996	51200	0.901	1.388	0.982	0.774	ours_cf	0.532	0.724
fisher_6301280.log	6301280	fisher	2026-08-14	models/diag_safe_push_point_L14_p3o_budget_nosink_by_const_lr1e3ent_d15_s902/anchor	15	by_const	fisher/L14_d15_s902.pkl	safe_push_point	14	2000	0.042	0.118	0.978	0.250	0.996	51200	0.901	1.388	0.982	0.774	reward	0.575	0.760
fisher_6301280.log	6301280	fisher	2026-08-14	models/diag_safe_push_point_L14_p3o_budget_nosink_by_const_lr1e3ent_d15_s902/anchor	15	by_const	fisher/L14_d15_s902.pkl	safe_push_point	14	2000	0.042	0.118	0.978	0.250	0.996	51200	0.901	1.388	0.982	0.774	coursey_cf	0.582	0.762
fisher_6301280.log	6301280	fisher	2026-08-14	models/diag_safe_push_point_L14_p3o_budget_nosink_by_const_lr1e3ent_d15_s902/anchor	15	by_const	fisher/L14_d15_s902.pkl	safe_push_point	14	2000	0.042	0.118	0.978	0.250	0.996	51200	0.901	1.388	0.982	0.774	ours_cf_vb	0.538	0.727
fisher_6301280.log	6301280	fisher	2026-08-14	models/diag_safe_push_point_L14_p3o_budget_nosink_by_const_lr1e3ent_d15_s902/anchor	15	by_const	fisher/L14_d15_s902.pkl	safe_push_point	14	2000	0.042	0.118	0.978	0.250	0.996	51200	0.901	1.388	0.982	0.774	ours_cf_realvb	0.542	0.732
fisher_6301281.log	6301281	fisher	2026-08-14	models/diag_safe_push_point_L14_p3o_budget_nosink_by_const_lr1e3ent_d25_s902/anchor	25	by_const	fisher/L14_d25_s902.pkl	safe_push_point	14	2000	0.042	0.113	0.965	0.250	0.993	51200	0.971	1.286	0.999	0.849	vanilla	0.606	0.797
fisher_6301281.log	6301281	fisher	2026-08-14	models/diag_safe_push_point_L14_p3o_budget_nosink_by_const_lr1e3ent_d25_s902/anchor	25	by_const	fisher/L14_d25_s902.pkl	safe_push_point	14	2000	0.042	0.113	0.965	0.250	0.993	51200	0.971	1.286	0.999	0.849	ours_cf	0.554	0.757
fisher_6301281.log	6301281	fisher	2026-08-14	models/diag_safe_push_point_L14_p3o_budget_nosink_by_const_lr1e3ent_d25_s902/anchor	25	by_const	fisher/L14_d25_s902.pkl	safe_push_point	14	2000	0.042	0.113	0.965	0.250	0.993	51200	0.971	1.286	0.999	0.849	reward	0.590	0.789
fisher_6301281.log	6301281	fisher	2026-08-14	models/diag_safe_push_point_L14_p3o_budget_nosink_by_const_lr1e3ent_d25_s902/anchor	25	by_const	fisher/L14_d25_s902.pkl	safe_push_point	14	2000	0.042	0.113	0.965	0.250	0.993	51200	0.971	1.286	0.999	0.849	coursey_cf	0.606	0.797
fisher_6301281.log	6301281	fisher	2026-08-14	models/diag_safe_push_point_L14_p3o_budget_nosink_by_const_lr1e3ent_d25_s902/anchor	25	by_const	fisher/L14_d25_s902.pkl	safe_push_point	14	2000	0.042	0.113	0.965	0.250	0.993	51200	0.971	1.286	0.999	0.849	ours_cf_vb	0.554	0.757
fisher_6301281.log	6301281	fisher	2026-08-14	models/diag_safe_push_point_L14_p3o_budget_nosink_by_const_lr1e3ent_d25_s902/anchor	25	by_const	fisher/L14_d25_s902.pkl	safe_push_point	14	2000	0.042	0.113	0.965	0.250	0.993	51200	0.971	1.286	0.999	0.849	ours_cf_realvb	0.572	0.772
fisher_6301282.log	6301282	fisher	2026-08-14	models/diag_safe_push_point_L16_p3o_budget_nosink_by_const_lr1e3ent_d25_s902/anchor	25	by_const	fisher/L16_d25_s902.pkl	safe_push_point	16	2000	0.022	0.071	0.965	0.250	0.993	51200	0.802	1.373	0.997	0.851	vanilla	0.578	0.782
fisher_6301282.log	6301282	fisher	2026-08-14	models/diag_safe_push_point_L16_p3o_budget_nosink_by_const_lr1e3ent_d25_s902/anchor	25	by_const	fisher/L16_d25_s902.pkl	safe_push_point	16	2000	0.022	0.071	0.965	0.250	0.993	51200	0.802	1.373	0.997	0.851	ours_cf	0.554	0.763
fisher_6301282.log	6301282	fisher	2026-08-14	models/diag_safe_push_point_L16_p3o_budget_nosink_by_const_lr1e3ent_d25_s902/anchor	25	by_const	fisher/L16_d25_s902.pkl	safe_push_point	16	2000	0.022	0.071	0.965	0.250	0.993	51200	0.802	1.373	0.997	0.851	reward	0.581	0.782
fisher_6301282.log	6301282	fisher	2026-08-14	models/diag_safe_push_point_L16_p3o_budget_nosink_by_const_lr1e3ent_d25_s902/anchor	25	by_const	fisher/L16_d25_s902.pkl	safe_push_point	16	2000	0.022	0.071	0.965	0.250	0.993	51200	0.802	1.373	0.997	0.851	coursey_cf	0.577	0.782
fisher_6301282.log	6301282	fisher	2026-08-14	models/diag_safe_push_point_L16_p3o_budget_nosink_by_const_lr1e3ent_d25_s902/anchor	25	by_const	fisher/L16_d25_s902.pkl	safe_push_point	16	2000	0.022	0.071	0.965	0.250	0.993	51200	0.802	1.373	0.997	0.851	ours_cf_vb	0.556	0.763
fisher_6301282.log	6301282	fisher	2026-08-14	models/diag_safe_push_point_L16_p3o_budget_nosink_by_const_lr1e3ent_d25_s902/anchor	25	by_const	fisher/L16_d25_s902.pkl	safe_push_point	16	2000	0.022	0.071	0.965	0.250	0.993	51200	0.802	1.373	0.997	0.851	ours_cf_realvb	0.561	0.765
fisher_6301283.log	6301283	fisher	2026-08-14	models/diag_safe_push_point_L1_p3o_budget_nosink_by_const_lr1e3ent_d25_s902/anchor	25	by_const	fisher/pushL1_d25_s902.pkl	safe_push_point	1	2000	0.071	0.422	0.969	0.250	0.990	51200	1.235	2.393	0.992	0.801	vanilla	0.491	0.751
fisher_6301283.log	6301283	fisher	2026-08-14	models/diag_safe_push_point_L1_p3o_budget_nosink_by_const_lr1e3ent_d25_s902/anchor	25	by_const	fisher/pushL1_d25_s902.pkl	safe_push_point	1	2000	0.071	0.422	0.969	0.250	0.990	51200	1.235	2.393	0.992	0.801	ours_cf	0.479	0.739
fisher_6301283.log	6301283	fisher	2026-08-14	models/diag_safe_push_point_L1_p3o_budget_nosink_by_const_lr1e3ent_d25_s902/anchor	25	by_const	fisher/pushL1_d25_s902.pkl	safe_push_point	1	2000	0.071	0.422	0.969	0.250	0.990	51200	1.235	2.393	0.992	0.801	reward	0.489	0.749
fisher_6301283.log	6301283	fisher	2026-08-14	models/diag_safe_push_point_L1_p3o_budget_nosink_by_const_lr1e3ent_d25_s902/anchor	25	by_const	fisher/pushL1_d25_s902.pkl	safe_push_point	1	2000	0.071	0.422	0.969	0.250	0.990	51200	1.235	2.393	0.992	0.801	coursey_cf	0.491	0.751
fisher_6301283.log	6301283	fisher	2026-08-14	models/diag_safe_push_point_L1_p3o_budget_nosink_by_const_lr1e3ent_d25_s902/anchor	25	by_const	fisher/pushL1_d25_s902.pkl	safe_push_point	1	2000	0.071	0.422	0.969	0.250	0.990	51200	1.235	2.393	0.992	0.801	ours_cf_vb	0.483	0.740
fisher_6301283.log	6301283	fisher	2026-08-14	models/diag_safe_push_point_L1_p3o_budget_nosink_by_const_lr1e3ent_d25_s902/anchor	25	by_const	fisher/pushL1_d25_s902.pkl	safe_push_point	1	2000	0.071	0.422	0.969	0.250	0.990	51200	1.235	2.393	0.992	0.801	ours_cf_realvb	0.483	0.746
fisher_6301284.log	6301284	fisher	2026-08-14	models/diag_safe_goal_point_L1_p3o_budget_nosink_by_const_padtest_d25_s902/anchor	25	by_const	fisher/goalL1_d25_s902.pkl	safe_goal_point	1	1000	0.060	0.204	0.947	0.250	0.987	51200	1.047	1.790	0.986	0.905	vanilla	0.435	0.680
fisher_6301284.log	6301284	fisher	2026-08-14	models/diag_safe_goal_point_L1_p3o_budget_nosink_by_const_padtest_d25_s902/anchor	25	by_const	fisher/goalL1_d25_s902.pkl	safe_goal_point	1	1000	0.060	0.204	0.947	0.250	0.987	51200	1.047	1.790	0.986	0.905	ours_cf	0.450	0.693
fisher_6301284.log	6301284	fisher	2026-08-14	models/diag_safe_goal_point_L1_p3o_budget_nosink_by_const_padtest_d25_s902/anchor	25	by_const	fisher/goalL1_d25_s902.pkl	safe_goal_point	1	1000	0.060	0.204	0.947	0.250	0.987	51200	1.047	1.790	0.986	0.905	reward	0.427	0.675
fisher_6301284.log	6301284	fisher	2026-08-14	models/diag_safe_goal_point_L1_p3o_budget_nosink_by_const_padtest_d25_s902/anchor	25	by_const	fisher/goalL1_d25_s902.pkl	safe_goal_point	1	1000	0.060	0.204	0.947	0.250	0.987	51200	1.047	1.790	0.986	0.905	coursey_cf	0.435	0.679
fisher_6301284.log	6301284	fisher	2026-08-14	models/diag_safe_goal_point_L1_p3o_budget_nosink_by_const_padtest_d25_s902/anchor	25	by_const	fisher/goalL1_d25_s902.pkl	safe_goal_point	1	1000	0.060	0.204	0.947	0.250	0.987	51200	1.047	1.790	0.986	0.905	ours_cf_vb	0.450	0.694
fisher_6301284.log	6301284	fisher	2026-08-14	models/diag_safe_goal_point_L1_p3o_budget_nosink_by_const_padtest_d25_s902/anchor	25	by_const	fisher/goalL1_d25_s902.pkl	safe_goal_point	1	1000	0.060	0.204	0.947	0.250	0.987	51200	1.047	1.790	0.986	0.905	ours_cf_realvb	0.434	0.683
fisher_6301285.log	6301285	fisher	2026-08-14	models/diag_safe_push_point_L14_p3o_budget_nosink_by_const_lr1e3ent_d5_s903/anchor	5	by_const	fisher/L14_d5_s903.pkl	safe_push_point	14	2000	0.027	-0.000	0.986	0.250	0.998	51200	0.769	0.918	0.979	0.713	vanilla	0.640	0.815
fisher_6301285.log	6301285	fisher	2026-08-14	models/diag_safe_push_point_L14_p3o_budget_nosink_by_const_lr1e3ent_d5_s903/anchor	5	by_const	fisher/L14_d5_s903.pkl	safe_push_point	14	2000	0.027	-0.000	0.986	0.250	0.998	51200	0.769	0.918	0.979	0.713	ours_cf	0.546	0.791
fisher_6301285.log	6301285	fisher	2026-08-14	models/diag_safe_push_point_L14_p3o_budget_nosink_by_const_lr1e3ent_d5_s903/anchor	5	by_const	fisher/L14_d5_s903.pkl	safe_push_point	14	2000	0.027	-0.000	0.986	0.250	0.998	51200	0.769	0.918	0.979	0.713	reward	0.653	0.819
fisher_6301285.log	6301285	fisher	2026-08-14	models/diag_safe_push_point_L14_p3o_budget_nosink_by_const_lr1e3ent_d5_s903/anchor	5	by_const	fisher/L14_d5_s903.pkl	safe_push_point	14	2000	0.027	-0.000	0.986	0.250	0.998	51200	0.769	0.918	0.979	0.713	coursey_cf	0.641	0.815
fisher_6301285.log	6301285	fisher	2026-08-14	models/diag_safe_push_point_L14_p3o_budget_nosink_by_const_lr1e3ent_d5_s903/anchor	5	by_const	fisher/L14_d5_s903.pkl	safe_push_point	14	2000	0.027	-0.000	0.986	0.250	0.998	51200	0.769	0.918	0.979	0.713	ours_cf_vb	0.544	0.791
fisher_6301285.log	6301285	fisher	2026-08-14	models/diag_safe_push_point_L14_p3o_budget_nosink_by_const_lr1e3ent_d5_s903/anchor	5	by_const	fisher/L14_d5_s903.pkl	safe_push_point	14	2000	0.027	-0.000	0.986	0.250	0.998	51200	0.769	0.918	0.979	0.713	ours_cf_realvb	0.547	0.791
fisher_6301286.log	6301286	fisher	2026-08-14	models/diag_safe_push_point_L14_p3o_budget_nosink_by_const_lr1e3ent_d15_s903/anchor	15	by_const	fisher/L14_d15_s903.pkl	safe_push_point	14	2000	0.028	0.043	0.977	0.250	0.996	51200	0.901	0.999	0.996	0.847	vanilla	0.529	0.743
fisher_6301286.log	6301286	fisher	2026-08-14	models/diag_safe_push_point_L14_p3o_budget_nosink_by_const_lr1e3ent_d15_s903/anchor	15	by_const	fisher/L14_d15_s903.pkl	safe_push_point	14	2000	0.028	0.043	0.977	0.250	0.996	51200	0.901	0.999	0.996	0.847	ours_cf	0.504	0.717
fisher_6301286.log	6301286	fisher	2026-08-14	models/diag_safe_push_point_L14_p3o_budget_nosink_by_const_lr1e3ent_d15_s903/anchor	15	by_const	fisher/L14_d15_s903.pkl	safe_push_point	14	2000	0.028	0.043	0.977	0.250	0.996	51200	0.901	0.999	0.996	0.847	reward	0.530	0.748
fisher_6301286.log	6301286	fisher	2026-08-14	models/diag_safe_push_point_L14_p3o_budget_nosink_by_const_lr1e3ent_d15_s903/anchor	15	by_const	fisher/L14_d15_s903.pkl	safe_push_point	14	2000	0.028	0.043	0.977	0.250	0.996	51200	0.901	0.999	0.996	0.847	coursey_cf	0.529	0.743
fisher_6301286.log	6301286	fisher	2026-08-14	models/diag_safe_push_point_L14_p3o_budget_nosink_by_const_lr1e3ent_d15_s903/anchor	15	by_const	fisher/L14_d15_s903.pkl	safe_push_point	14	2000	0.028	0.043	0.977	0.250	0.996	51200	0.901	0.999	0.996	0.847	ours_cf_vb	0.505	0.718
fisher_6301286.log	6301286	fisher	2026-08-14	models/diag_safe_push_point_L14_p3o_budget_nosink_by_const_lr1e3ent_d15_s903/anchor	15	by_const	fisher/L14_d15_s903.pkl	safe_push_point	14	2000	0.028	0.043	0.977	0.250	0.996	51200	0.901	0.999	0.996	0.847	ours_cf_realvb	0.509	0.721
fisher_6301287.log	6301287	fisher	2026-08-14	models/diag_safe_push_point_L14_p3o_budget_nosink_by_const_lr1e3ent_d25_s903/anchor	25	by_const	fisher/L14_d25_s903.pkl	safe_push_point	14	2000	0.056	0.133	0.960	0.250	0.992	51200	0.969	1.373	0.995	0.788	vanilla	0.581	0.789
fisher_6301287.log	6301287	fisher	2026-08-14	models/diag_safe_push_point_L14_p3o_budget_nosink_by_const_lr1e3ent_d25_s903/anchor	25	by_const	fisher/L14_d25_s903.pkl	safe_push_point	14	2000	0.056	0.133	0.960	0.250	0.992	51200	0.969	1.373	0.995	0.788	ours_cf	0.531	0.751
fisher_6301287.log	6301287	fisher	2026-08-14	models/diag_safe_push_point_L14_p3o_budget_nosink_by_const_lr1e3ent_d25_s903/anchor	25	by_const	fisher/L14_d25_s903.pkl	safe_push_point	14	2000	0.056	0.133	0.960	0.250	0.992	51200	0.969	1.373	0.995	0.788	reward	0.577	0.789
fisher_6301287.log	6301287	fisher	2026-08-14	models/diag_safe_push_point_L14_p3o_budget_nosink_by_const_lr1e3ent_d25_s903/anchor	25	by_const	fisher/L14_d25_s903.pkl	safe_push_point	14	2000	0.056	0.133	0.960	0.250	0.992	51200	0.969	1.373	0.995	0.788	coursey_cf	0.581	0.789
fisher_6301287.log	6301287	fisher	2026-08-14	models/diag_safe_push_point_L14_p3o_budget_nosink_by_const_lr1e3ent_d25_s903/anchor	25	by_const	fisher/L14_d25_s903.pkl	safe_push_point	14	2000	0.056	0.133	0.960	0.250	0.992	51200	0.969	1.373	0.995	0.788	ours_cf_vb	0.537	0.754
fisher_6301287.log	6301287	fisher	2026-08-14	models/diag_safe_push_point_L14_p3o_budget_nosink_by_const_lr1e3ent_d25_s903/anchor	25	by_const	fisher/L14_d25_s903.pkl	safe_push_point	14	2000	0.056	0.133	0.960	0.250	0.992	51200	0.969	1.373	0.995	0.788	ours_cf_realvb	0.551	0.765
fisher_6301288.log	6301288	fisher	2026-08-14	models/diag_safe_push_point_L16_p3o_budget_nosink_by_const_lr1e3ent_d25_s903/anchor	25	by_const	fisher/L16_d25_s903.pkl	safe_push_point	16	2000	0.058	0.183	0.958	0.250	0.991	51200	1.014	1.882	0.985	0.754	vanilla	0.642	0.811
fisher_6301288.log	6301288	fisher	2026-08-14	models/diag_safe_push_point_L16_p3o_budget_nosink_by_const_lr1e3ent_d25_s903/anchor	25	by_const	fisher/L16_d25_s903.pkl	safe_push_point	16	2000	0.058	0.183	0.958	0.250	0.991	51200	1.014	1.882	0.985	0.754	ours_cf	0.586	0.787
fisher_6301288.log	6301288	fisher	2026-08-14	models/diag_safe_push_point_L16_p3o_budget_nosink_by_const_lr1e3ent_d25_s903/anchor	25	by_const	fisher/L16_d25_s903.pkl	safe_push_point	16	2000	0.058	0.183	0.958	0.250	0.991	51200	1.014	1.882	0.985	0.754	reward	0.626	0.801
fisher_6301288.log	6301288	fisher	2026-08-14	models/diag_safe_push_point_L16_p3o_budget_nosink_by_const_lr1e3ent_d25_s903/anchor	25	by_const	fisher/L16_d25_s903.pkl	safe_push_point	16	2000	0.058	0.183	0.958	0.250	0.991	51200	1.014	1.882	0.985	0.754	coursey_cf	0.642	0.811
fisher_6301288.log	6301288	fisher	2026-08-14	models/diag_safe_push_point_L16_p3o_budget_nosink_by_const_lr1e3ent_d25_s903/anchor	25	by_const	fisher/L16_d25_s903.pkl	safe_push_point	16	2000	0.058	0.183	0.958	0.250	0.991	51200	1.014	1.882	0.985	0.754	ours_cf_vb	0.593	0.788
fisher_6301288.log	6301288	fisher	2026-08-14	models/diag_safe_push_point_L16_p3o_budget_nosink_by_const_lr1e3ent_d25_s903/anchor	25	by_const	fisher/L16_d25_s903.pkl	safe_push_point	16	2000	0.058	0.183	0.958	0.250	0.991	51200	1.014	1.882	0.985	0.754	ours_cf_realvb	0.601	0.792
fisher_6301289.log	6301289	fisher	2026-08-14	models/diag_safe_push_point_L1_p3o_budget_nosink_by_const_lr1e3ent_d25_s903/anchor	25	by_const	fisher/pushL1_d25_s903.pkl	safe_push_point	1	2000	0.069	0.273	0.969	0.250	0.991	51200	1.240	1.987	0.953	0.785	vanilla	0.582	0.787
fisher_6301289.log	6301289	fisher	2026-08-14	models/diag_safe_push_point_L1_p3o_budget_nosink_by_const_lr1e3ent_d25_s903/anchor	25	by_const	fisher/pushL1_d25_s903.pkl	safe_push_point	1	2000	0.069	0.273	0.969	0.250	0.991	51200	1.240	1.987	0.953	0.785	ours_cf	0.600	0.804
fisher_6301289.log	6301289	fisher	2026-08-14	models/diag_safe_push_point_L1_p3o_budget_nosink_by_const_lr1e3ent_d25_s903/anchor	25	by_const	fisher/pushL1_d25_s903.pkl	safe_push_point	1	2000	0.069	0.273	0.969	0.250	0.991	51200	1.240	1.987	0.953	0.785	reward	0.576	0.779
fisher_6301289.log	6301289	fisher	2026-08-14	models/diag_safe_push_point_L1_p3o_budget_nosink_by_const_lr1e3ent_d25_s903/anchor	25	by_const	fisher/pushL1_d25_s903.pkl	safe_push_point	1	2000	0.069	0.273	0.969	0.250	0.991	51200	1.240	1.987	0.953	0.785	coursey_cf	0.582	0.786
fisher_6301289.log	6301289	fisher	2026-08-14	models/diag_safe_push_point_L1_p3o_budget_nosink_by_const_lr1e3ent_d25_s903/anchor	25	by_const	fisher/pushL1_d25_s903.pkl	safe_push_point	1	2000	0.069	0.273	0.969	0.250	0.991	51200	1.240	1.987	0.953	0.785	ours_cf_vb	0.586	0.792
fisher_6301289.log	6301289	fisher	2026-08-14	models/diag_safe_push_point_L1_p3o_budget_nosink_by_const_lr1e3ent_d25_s903/anchor	25	by_const	fisher/pushL1_d25_s903.pkl	safe_push_point	1	2000	0.069	0.273	0.969	0.250	0.991	51200	1.240	1.987	0.953	0.785	ours_cf_realvb	0.636	0.835
fisher_6301290.log	6301290	fisher	2026-08-14	models/diag_safe_goal_point_L1_p3o_budget_nosink_by_const_padtest_d25_s903/anchor	25	by_const	fisher/goalL1_d25_s903.pkl	safe_goal_point	1	1000	0.028	0.187	0.942	0.250	0.986	51200	1.089	1.974	0.995	0.829	vanilla	0.491	0.719
fisher_6301290.log	6301290	fisher	2026-08-14	models/diag_safe_goal_point_L1_p3o_budget_nosink_by_const_padtest_d25_s903/anchor	25	by_const	fisher/goalL1_d25_s903.pkl	safe_goal_point	1	1000	0.028	0.187	0.942	0.250	0.986	51200	1.089	1.974	0.995	0.829	ours_cf	0.488	0.721
fisher_6301290.log	6301290	fisher	2026-08-14	models/diag_safe_goal_point_L1_p3o_budget_nosink_by_const_padtest_d25_s903/anchor	25	by_const	fisher/goalL1_d25_s903.pkl	safe_goal_point	1	1000	0.028	0.187	0.942	0.250	0.986	51200	1.089	1.974	0.995	0.829	reward	0.496	0.723
fisher_6301290.log	6301290	fisher	2026-08-14	models/diag_safe_goal_point_L1_p3o_budget_nosink_by_const_padtest_d25_s903/anchor	25	by_const	fisher/goalL1_d25_s903.pkl	safe_goal_point	1	1000	0.028	0.187	0.942	0.250	0.986	51200	1.089	1.974	0.995	0.829	coursey_cf	0.490	0.719
fisher_6301290.log	6301290	fisher	2026-08-14	models/diag_safe_goal_point_L1_p3o_budget_nosink_by_const_padtest_d25_s903/anchor	25	by_const	fisher/goalL1_d25_s903.pkl	safe_goal_point	1	1000	0.028	0.187	0.942	0.250	0.986	51200	1.089	1.974	0.995	0.829	ours_cf_vb	0.489	0.721
fisher_6301290.log	6301290	fisher	2026-08-14	models/diag_safe_goal_point_L1_p3o_budget_nosink_by_const_padtest_d25_s903/anchor	25	by_const	fisher/goalL1_d25_s903.pkl	safe_goal_point	1	1000	0.028	0.187	0.942	0.250	0.986	51200	1.089	1.974	0.995	0.829	ours_cf_realvb	0.494	0.720
fisher_6301291.log	6301291	fisher	2026-08-14	models/diag_safe_push_point_L14_p3o_budget_nosink_by_const_lr1e3ent_d5_s904/anchor	5	by_const	fisher/L14_d5_s904.pkl	safe_push_point	14	2000	0.045	0.040	0.991	0.250	0.998	51200	0.731	0.714	0.943	0.707	vanilla	0.294	0.615
fisher_6301291.log	6301291	fisher	2026-08-14	models/diag_safe_push_point_L14_p3o_budget_nosink_by_const_lr1e3ent_d5_s904/anchor	5	by_const	fisher/L14_d5_s904.pkl	safe_push_point	14	2000	0.045	0.040	0.991	0.250	0.998	51200	0.731	0.714	0.943	0.707	ours_cf	0.221	0.599
fisher_6301291.log	6301291	fisher	2026-08-14	models/diag_safe_push_point_L14_p3o_budget_nosink_by_const_lr1e3ent_d5_s904/anchor	5	by_const	fisher/L14_d5_s904.pkl	safe_push_point	14	2000	0.045	0.040	0.991	0.250	0.998	51200	0.731	0.714	0.943	0.707	reward	0.269	0.589
fisher_6301291.log	6301291	fisher	2026-08-14	models/diag_safe_push_point_L14_p3o_budget_nosink_by_const_lr1e3ent_d5_s904/anchor	5	by_const	fisher/L14_d5_s904.pkl	safe_push_point	14	2000	0.045	0.040	0.991	0.250	0.998	51200	0.731	0.714	0.943	0.707	coursey_cf	0.294	0.615
fisher_6301291.log	6301291	fisher	2026-08-14	models/diag_safe_push_point_L14_p3o_budget_nosink_by_const_lr1e3ent_d5_s904/anchor	5	by_const	fisher/L14_d5_s904.pkl	safe_push_point	14	2000	0.045	0.040	0.991	0.250	0.998	51200	0.731	0.714	0.943	0.707	ours_cf_vb	0.225	0.597
fisher_6301291.log	6301291	fisher	2026-08-14	models/diag_safe_push_point_L14_p3o_budget_nosink_by_const_lr1e3ent_d5_s904/anchor	5	by_const	fisher/L14_d5_s904.pkl	safe_push_point	14	2000	0.045	0.040	0.991	0.250	0.998	51200	0.731	0.714	0.943	0.707	ours_cf_realvb	0.223	0.598
fisher_6301292.log	6301292	fisher	2026-08-14	models/diag_safe_push_point_L14_p3o_budget_nosink_by_const_lr1e3ent_d15_s904/anchor	15	by_const	fisher/L14_d15_s904.pkl	safe_push_point	14	2000	0.022	0.068	0.981	0.250	0.996	51200	0.772	1.064	0.983	0.711	vanilla	0.454	0.692
fisher_6301292.log	6301292	fisher	2026-08-14	models/diag_safe_push_point_L14_p3o_budget_nosink_by_const_lr1e3ent_d15_s904/anchor	15	by_const	fisher/L14_d15_s904.pkl	safe_push_point	14	2000	0.022	0.068	0.981	0.250	0.996	51200	0.772	1.064	0.983	0.711	ours_cf	0.399	0.680
fisher_6301292.log	6301292	fisher	2026-08-14	models/diag_safe_push_point_L14_p3o_budget_nosink_by_const_lr1e3ent_d15_s904/anchor	15	by_const	fisher/L14_d15_s904.pkl	safe_push_point	14	2000	0.022	0.068	0.981	0.250	0.996	51200	0.772	1.064	0.983	0.711	reward	0.459	0.697
fisher_6301292.log	6301292	fisher	2026-08-14	models/diag_safe_push_point_L14_p3o_budget_nosink_by_const_lr1e3ent_d15_s904/anchor	15	by_const	fisher/L14_d15_s904.pkl	safe_push_point	14	2000	0.022	0.068	0.981	0.250	0.996	51200	0.772	1.064	0.983	0.711	coursey_cf	0.454	0.692
fisher_6301292.log	6301292	fisher	2026-08-14	models/diag_safe_push_point_L14_p3o_budget_nosink_by_const_lr1e3ent_d15_s904/anchor	15	by_const	fisher/L14_d15_s904.pkl	safe_push_point	14	2000	0.022	0.068	0.981	0.250	0.996	51200	0.772	1.064	0.983	0.711	ours_cf_vb	0.401	0.680
fisher_6301292.log	6301292	fisher	2026-08-14	models/diag_safe_push_point_L14_p3o_budget_nosink_by_const_lr1e3ent_d15_s904/anchor	15	by_const	fisher/L14_d15_s904.pkl	safe_push_point	14	2000	0.022	0.068	0.981	0.250	0.996	51200	0.772	1.064	0.983	0.711	ours_cf_realvb	0.410	0.683
fisher_6301293.log	6301293	fisher	2026-08-14	models/diag_safe_push_point_L14_p3o_budget_nosink_by_const_lr1e3ent_d25_s904/anchor	25	by_const	fisher/L14_d25_s904.pkl	safe_push_point	14	2000	0.041	0.065	0.963	0.250	0.992	51200	0.823	1.305	0.993	0.813	vanilla	0.532	0.739
fisher_6301293.log	6301293	fisher	2026-08-14	models/diag_safe_push_point_L14_p3o_budget_nosink_by_const_lr1e3ent_d25_s904/anchor	25	by_const	fisher/L14_d25_s904.pkl	safe_push_point	14	2000	0.041	0.065	0.963	0.250	0.992	51200	0.823	1.305	0.993	0.813	ours_cf	0.509	0.717
fisher_6301293.log	6301293	fisher	2026-08-14	models/diag_safe_push_point_L14_p3o_budget_nosink_by_const_lr1e3ent_d25_s904/anchor	25	by_const	fisher/L14_d25_s904.pkl	safe_push_point	14	2000	0.041	0.065	0.963	0.250	0.992	51200	0.823	1.305	0.993	0.813	reward	0.538	0.741
fisher_6301293.log	6301293	fisher	2026-08-14	models/diag_safe_push_point_L14_p3o_budget_nosink_by_const_lr1e3ent_d25_s904/anchor	25	by_const	fisher/L14_d25_s904.pkl	safe_push_point	14	2000	0.041	0.065	0.963	0.250	0.992	51200	0.823	1.305	0.993	0.813	coursey_cf	0.533	0.739
fisher_6301293.log	6301293	fisher	2026-08-14	models/diag_safe_push_point_L14_p3o_budget_nosink_by_const_lr1e3ent_d25_s904/anchor	25	by_const	fisher/L14_d25_s904.pkl	safe_push_point	14	2000	0.041	0.065	0.963	0.250	0.992	51200	0.823	1.305	0.993	0.813	ours_cf_vb	0.510	0.717
fisher_6301293.log	6301293	fisher	2026-08-14	models/diag_safe_push_point_L14_p3o_budget_nosink_by_const_lr1e3ent_d25_s904/anchor	25	by_const	fisher/L14_d25_s904.pkl	safe_push_point	14	2000	0.041	0.065	0.963	0.250	0.992	51200	0.823	1.305	0.993	0.813	ours_cf_realvb	0.515	0.721
fisher_6301294.log	6301294	fisher	2026-08-14	models/diag_safe_push_point_L16_p3o_budget_nosink_by_const_lr1e3ent_d25_s904/anchor	25	by_const	fisher/L16_d25_s904.pkl	safe_push_point	16	2000	0.031	0.089	0.953	0.250	0.990	51200	0.822	1.449	0.999	0.867	vanilla	0.564	0.783
fisher_6301294.log	6301294	fisher	2026-08-14	models/diag_safe_push_point_L16_p3o_budget_nosink_by_const_lr1e3ent_d25_s904/anchor	25	by_const	fisher/L16_d25_s904.pkl	safe_push_point	16	2000	0.031	0.089	0.953	0.250	0.990	51200	0.822	1.449	0.999	0.867	ours_cf	0.545	0.762
fisher_6301294.log	6301294	fisher	2026-08-14	models/diag_safe_push_point_L16_p3o_budget_nosink_by_const_lr1e3ent_d25_s904/anchor	25	by_const	fisher/L16_d25_s904.pkl	safe_push_point	16	2000	0.031	0.089	0.953	0.250	0.990	51200	0.822	1.449	0.999	0.867	reward	0.564	0.783
fisher_6301294.log	6301294	fisher	2026-08-14	models/diag_safe_push_point_L16_p3o_budget_nosink_by_const_lr1e3ent_d25_s904/anchor	25	by_const	fisher/L16_d25_s904.pkl	safe_push_point	16	2000	0.031	0.089	0.953	0.250	0.990	51200	0.822	1.449	0.999	0.867	coursey_cf	0.564	0.783
fisher_6301294.log	6301294	fisher	2026-08-14	models/diag_safe_push_point_L16_p3o_budget_nosink_by_const_lr1e3ent_d25_s904/anchor	25	by_const	fisher/L16_d25_s904.pkl	safe_push_point	16	2000	0.031	0.089	0.953	0.250	0.990	51200	0.822	1.449	0.999	0.867	ours_cf_vb	0.545	0.762
fisher_6301294.log	6301294	fisher	2026-08-14	models/diag_safe_push_point_L16_p3o_budget_nosink_by_const_lr1e3ent_d25_s904/anchor	25	by_const	fisher/L16_d25_s904.pkl	safe_push_point	16	2000	0.031	0.089	0.953	0.250	0.990	51200	0.822	1.449	0.999	0.867	ours_cf_realvb	0.555	0.770
fisher_6301295.log	6301295	fisher	2026-08-14	models/diag_safe_push_point_L1_p3o_budget_nosink_by_const_lr1e3ent_d25_s904/anchor	25	by_const	fisher/pushL1_d25_s904.pkl	safe_push_point	1	2000	0.093	0.355	0.972	0.250	0.991	51200	1.123	2.174	0.996	0.826	vanilla	0.553	0.763
fisher_6301295.log	6301295	fisher	2026-08-14	models/diag_safe_push_point_L1_p3o_budget_nosink_by_const_lr1e3ent_d25_s904/anchor	25	by_const	fisher/pushL1_d25_s904.pkl	safe_push_point	1	2000	0.093	0.355	0.972	0.250	0.991	51200	1.123	2.174	0.996	0.826	ours_cf	0.510	0.738
fisher_6301295.log	6301295	fisher	2026-08-14	models/diag_safe_push_point_L1_p3o_budget_nosink_by_const_lr1e3ent_d25_s904/anchor	25	by_const	fisher/pushL1_d25_s904.pkl	safe_push_point	1	2000	0.093	0.355	0.972	0.250	0.991	51200	1.123	2.174	0.996	0.826	reward	0.555	0.761
fisher_6301295.log	6301295	fisher	2026-08-14	models/diag_safe_push_point_L1_p3o_budget_nosink_by_const_lr1e3ent_d25_s904/anchor	25	by_const	fisher/pushL1_d25_s904.pkl	safe_push_point	1	2000	0.093	0.355	0.972	0.250	0.991	51200	1.123	2.174	0.996	0.826	coursey_cf	0.553	0.763
fisher_6301295.log	6301295	fisher	2026-08-14	models/diag_safe_push_point_L1_p3o_budget_nosink_by_const_lr1e3ent_d25_s904/anchor	25	by_const	fisher/pushL1_d25_s904.pkl	safe_push_point	1	2000	0.093	0.355	0.972	0.250	0.991	51200	1.123	2.174	0.996	0.826	ours_cf_vb	0.522	0.744
fisher_6301295.log	6301295	fisher	2026-08-14	models/diag_safe_push_point_L1_p3o_budget_nosink_by_const_lr1e3ent_d25_s904/anchor	25	by_const	fisher/pushL1_d25_s904.pkl	safe_push_point	1	2000	0.093	0.355	0.972	0.250	0.991	51200	1.123	2.174	0.996	0.826	ours_cf_realvb	0.516	0.744
fisher_6301296.log	6301296	fisher	2026-08-14	models/diag_safe_goal_point_L1_p3o_budget_nosink_by_const_padtest_d25_s904/anchor	25	by_const	fisher/goalL1_d25_s904.pkl	safe_goal_point	1	1000	0.046	0.217	0.939	0.250	0.985	51200	1.105	2.047	0.993	0.876	vanilla	0.438	0.704
fisher_6301296.log	6301296	fisher	2026-08-14	models/diag_safe_goal_point_L1_p3o_budget_nosink_by_const_padtest_d25_s904/anchor	25	by_const	fisher/goalL1_d25_s904.pkl	safe_goal_point	1	1000	0.046	0.217	0.939	0.250	0.985	51200	1.105	2.047	0.993	0.876	ours_cf	0.440	0.703
fisher_6301296.log	6301296	fisher	2026-08-14	models/diag_safe_goal_point_L1_p3o_budget_nosink_by_const_padtest_d25_s904/anchor	25	by_const	fisher/goalL1_d25_s904.pkl	safe_goal_point	1	1000	0.046	0.217	0.939	0.250	0.985	51200	1.105	2.047	0.993	0.876	reward	0.433	0.700
fisher_6301296.log	6301296	fisher	2026-08-14	models/diag_safe_goal_point_L1_p3o_budget_nosink_by_const_padtest_d25_s904/anchor	25	by_const	fisher/goalL1_d25_s904.pkl	safe_goal_point	1	1000	0.046	0.217	0.939	0.250	0.985	51200	1.105	2.047	0.993	0.876	coursey_cf	0.438	0.703
fisher_6301296.log	6301296	fisher	2026-08-14	models/diag_safe_goal_point_L1_p3o_budget_nosink_by_const_padtest_d25_s904/anchor	25	by_const	fisher/goalL1_d25_s904.pkl	safe_goal_point	1	1000	0.046	0.217	0.939	0.250	0.985	51200	1.105	2.047	0.993	0.876	ours_cf_vb	0.440	0.701
fisher_6301296.log	6301296	fisher	2026-08-14	models/diag_safe_goal_point_L1_p3o_budget_nosink_by_const_padtest_d25_s904/anchor	25	by_const	fisher/goalL1_d25_s904.pkl	safe_goal_point	1	1000	0.046	0.217	0.939	0.250	0.985	51200	1.105	2.047	0.993	0.876	ours_cf_realvb	0.441	0.703
fisher_6301297.log	6301297	fisher	2026-08-14	models/diag_safe_push_point_L14_p3o_budget_nosink_by_const_lr1e3ent_d5_s905/anchor	5	by_const	fisher/L14_d5_s905.pkl	safe_push_point	14	2000	0.028	-0.103	0.990	0.250	0.998	51200	0.827	0.811	0.985	0.761	vanilla	0.466	0.707
fisher_6301297.log	6301297	fisher	2026-08-14	models/diag_safe_push_point_L14_p3o_budget_nosink_by_const_lr1e3ent_d5_s905/anchor	5	by_const	fisher/L14_d5_s905.pkl	safe_push_point	14	2000	0.028	-0.103	0.990	0.250	0.998	51200	0.827	0.811	0.985	0.761	ours_cf	0.393	0.680
fisher_6301297.log	6301297	fisher	2026-08-14	models/diag_safe_push_point_L14_p3o_budget_nosink_by_const_lr1e3ent_d5_s905/anchor	5	by_const	fisher/L14_d5_s905.pkl	safe_push_point	14	2000	0.028	-0.103	0.990	0.250	0.998	51200	0.827	0.811	0.985	0.761	reward	0.471	0.703
fisher_6301297.log	6301297	fisher	2026-08-14	models/diag_safe_push_point_L14_p3o_budget_nosink_by_const_lr1e3ent_d5_s905/anchor	5	by_const	fisher/L14_d5_s905.pkl	safe_push_point	14	2000	0.028	-0.103	0.990	0.250	0.998	51200	0.827	0.811	0.985	0.761	coursey_cf	0.466	0.707
fisher_6301297.log	6301297	fisher	2026-08-14	models/diag_safe_push_point_L14_p3o_budget_nosink_by_const_lr1e3ent_d5_s905/anchor	5	by_const	fisher/L14_d5_s905.pkl	safe_push_point	14	2000	0.028	-0.103	0.990	0.250	0.998	51200	0.827	0.811	0.985	0.761	ours_cf_vb	0.395	0.682
fisher_6301297.log	6301297	fisher	2026-08-14	models/diag_safe_push_point_L14_p3o_budget_nosink_by_const_lr1e3ent_d5_s905/anchor	5	by_const	fisher/L14_d5_s905.pkl	safe_push_point	14	2000	0.028	-0.103	0.990	0.250	0.998	51200	0.827	0.811	0.985	0.761	ours_cf_realvb	0.389	0.672
fisher_6301298.log	6301298	fisher	2026-08-14	models/diag_safe_push_point_L14_p3o_budget_nosink_by_const_lr1e3ent_d15_s905/anchor	15	by_const	fisher/L14_d15_s905.pkl	safe_push_point	14	2000	0.047	0.063	0.981	0.250	0.996	51200	0.902	0.982	0.999	0.887	vanilla	0.559	0.777
fisher_6301298.log	6301298	fisher	2026-08-14	models/diag_safe_push_point_L14_p3o_budget_nosink_by_const_lr1e3ent_d15_s905/anchor	15	by_const	fisher/L14_d15_s905.pkl	safe_push_point	14	2000	0.047	0.063	0.981	0.250	0.996	51200	0.902	0.982	0.999	0.887	ours_cf	0.533	0.755
fisher_6301298.log	6301298	fisher	2026-08-14	models/diag_safe_push_point_L14_p3o_budget_nosink_by_const_lr1e3ent_d15_s905/anchor	15	by_const	fisher/L14_d15_s905.pkl	safe_push_point	14	2000	0.047	0.063	0.981	0.250	0.996	51200	0.902	0.982	0.999	0.887	reward	0.561	0.778
fisher_6301298.log	6301298	fisher	2026-08-14	models/diag_safe_push_point_L14_p3o_budget_nosink_by_const_lr1e3ent_d15_s905/anchor	15	by_const	fisher/L14_d15_s905.pkl	safe_push_point	14	2000	0.047	0.063	0.981	0.250	0.996	51200	0.902	0.982	0.999	0.887	coursey_cf	0.559	0.777
fisher_6301298.log	6301298	fisher	2026-08-14	models/diag_safe_push_point_L14_p3o_budget_nosink_by_const_lr1e3ent_d15_s905/anchor	15	by_const	fisher/L14_d15_s905.pkl	safe_push_point	14	2000	0.047	0.063	0.981	0.250	0.996	51200	0.902	0.982	0.999	0.887	ours_cf_vb	0.533	0.755
fisher_6301298.log	6301298	fisher	2026-08-14	models/diag_safe_push_point_L14_p3o_budget_nosink_by_const_lr1e3ent_d15_s905/anchor	15	by_const	fisher/L14_d15_s905.pkl	safe_push_point	14	2000	0.047	0.063	0.981	0.250	0.996	51200	0.902	0.982	0.999	0.887	ours_cf_realvb	0.541	0.759
fisher_6301299.log	6301299	fisher	2026-08-14	models/diag_safe_push_point_L14_p3o_budget_nosink_by_const_lr1e3ent_d25_s905/anchor	25	by_const	fisher/L14_d25_s905.pkl	safe_push_point	14	2000	0.055	0.133	0.961	0.250	0.992	51200	0.941	1.351	0.996	0.804	vanilla	0.576	0.764
fisher_6301299.log	6301299	fisher	2026-08-14	models/diag_safe_push_point_L14_p3o_budget_nosink_by_const_lr1e3ent_d25_s905/anchor	25	by_const	fisher/L14_d25_s905.pkl	safe_push_point	14	2000	0.055	0.133	0.961	0.250	0.992	51200	0.941	1.351	0.996	0.804	ours_cf	0.550	0.748
fisher_6301299.log	6301299	fisher	2026-08-14	models/diag_safe_push_point_L14_p3o_budget_nosink_by_const_lr1e3ent_d25_s905/anchor	25	by_const	fisher/L14_d25_s905.pkl	safe_push_point	14	2000	0.055	0.133	0.961	0.250	0.992	51200	0.941	1.351	0.996	0.804	reward	0.585	0.773
fisher_6301299.log	6301299	fisher	2026-08-14	models/diag_safe_push_point_L14_p3o_budget_nosink_by_const_lr1e3ent_d25_s905/anchor	25	by_const	fisher/L14_d25_s905.pkl	safe_push_point	14	2000	0.055	0.133	0.961	0.250	0.992	51200	0.941	1.351	0.996	0.804	coursey_cf	0.576	0.765
fisher_6301299.log	6301299	fisher	2026-08-14	models/diag_safe_push_point_L14_p3o_budget_nosink_by_const_lr1e3ent_d25_s905/anchor	25	by_const	fisher/L14_d25_s905.pkl	safe_push_point	14	2000	0.055	0.133	0.961	0.250	0.992	51200	0.941	1.351	0.996	0.804	ours_cf_vb	0.555	0.751
fisher_6301299.log	6301299	fisher	2026-08-14	models/diag_safe_push_point_L14_p3o_budget_nosink_by_const_lr1e3ent_d25_s905/anchor	25	by_const	fisher/L14_d25_s905.pkl	safe_push_point	14	2000	0.055	0.133	0.961	0.250	0.992	51200	0.941	1.351	0.996	0.804	ours_cf_realvb	0.562	0.756
fisher_6301300.log	6301300	fisher	2026-08-14	models/diag_safe_push_point_L16_p3o_budget_nosink_by_const_lr1e3ent_d25_s905/anchor	25	by_const	fisher/L16_d25_s905.pkl	safe_push_point	16	2000	0.054	0.141	0.957	0.250	0.991	51200	0.908	1.470	0.992	0.795	vanilla	0.649	0.807
fisher_6301300.log	6301300	fisher	2026-08-14	models/diag_safe_push_point_L16_p3o_budget_nosink_by_const_lr1e3ent_d25_s905/anchor	25	by_const	fisher/L16_d25_s905.pkl	safe_push_point	16	2000	0.054	0.141	0.957	0.250	0.991	51200	0.908	1.470	0.992	0.795	ours_cf	0.615	0.778
fisher_6301300.log	6301300	fisher	2026-08-14	models/diag_safe_push_point_L16_p3o_budget_nosink_by_const_lr1e3ent_d25_s905/anchor	25	by_const	fisher/L16_d25_s905.pkl	safe_push_point	16	2000	0.054	0.141	0.957	0.250	0.991	51200	0.908	1.470	0.992	0.795	reward	0.645	0.808
fisher_6301300.log	6301300	fisher	2026-08-14	models/diag_safe_push_point_L16_p3o_budget_nosink_by_const_lr1e3ent_d25_s905/anchor	25	by_const	fisher/L16_d25_s905.pkl	safe_push_point	16	2000	0.054	0.141	0.957	0.250	0.991	51200	0.908	1.470	0.992	0.795	coursey_cf	0.649	0.807
fisher_6301300.log	6301300	fisher	2026-08-14	models/diag_safe_push_point_L16_p3o_budget_nosink_by_const_lr1e3ent_d25_s905/anchor	25	by_const	fisher/L16_d25_s905.pkl	safe_push_point	16	2000	0.054	0.141	0.957	0.250	0.991	51200	0.908	1.470	0.992	0.795	ours_cf_vb	0.618	0.780
fisher_6301300.log	6301300	fisher	2026-08-14	models/diag_safe_push_point_L16_p3o_budget_nosink_by_const_lr1e3ent_d25_s905/anchor	25	by_const	fisher/L16_d25_s905.pkl	safe_push_point	16	2000	0.054	0.141	0.957	0.250	0.991	51200	0.908	1.470	0.992	0.795	ours_cf_realvb	0.628	0.788
fisher_6301301.log	6301301	fisher	2026-08-14	models/diag_safe_push_point_L1_p3o_budget_nosink_by_const_lr1e3ent_d25_s905/anchor	25	by_const	fisher/pushL1_d25_s905.pkl	safe_push_point	1	2000	0.067	0.379	0.976	0.250	0.993	51200	1.096	1.886	0.992	0.822	vanilla	0.557	0.781
fisher_6301301.log	6301301	fisher	2026-08-14	models/diag_safe_push_point_L1_p3o_budget_nosink_by_const_lr1e3ent_d25_s905/anchor	25	by_const	fisher/pushL1_d25_s905.pkl	safe_push_point	1	2000	0.067	0.379	0.976	0.250	0.993	51200	1.096	1.886	0.992	0.822	ours_cf	0.494	0.741
fisher_6301301.log	6301301	fisher	2026-08-14	models/diag_safe_push_point_L1_p3o_budget_nosink_by_const_lr1e3ent_d25_s905/anchor	25	by_const	fisher/pushL1_d25_s905.pkl	safe_push_point	1	2000	0.067	0.379	0.976	0.250	0.993	51200	1.096	1.886	0.992	0.822	reward	0.551	0.776
fisher_6301301.log	6301301	fisher	2026-08-14	models/diag_safe_push_point_L1_p3o_budget_nosink_by_const_lr1e3ent_d25_s905/anchor	25	by_const	fisher/pushL1_d25_s905.pkl	safe_push_point	1	2000	0.067	0.379	0.976	0.250	0.993	51200	1.096	1.886	0.992	0.822	coursey_cf	0.557	0.781
fisher_6301301.log	6301301	fisher	2026-08-14	models/diag_safe_push_point_L1_p3o_budget_nosink_by_const_lr1e3ent_d25_s905/anchor	25	by_const	fisher/pushL1_d25_s905.pkl	safe_push_point	1	2000	0.067	0.379	0.976	0.250	0.993	51200	1.096	1.886	0.992	0.822	ours_cf_vb	0.499	0.744
fisher_6301301.log	6301301	fisher	2026-08-14	models/diag_safe_push_point_L1_p3o_budget_nosink_by_const_lr1e3ent_d25_s905/anchor	25	by_const	fisher/pushL1_d25_s905.pkl	safe_push_point	1	2000	0.067	0.379	0.976	0.250	0.993	51200	1.096	1.886	0.992	0.822	ours_cf_realvb	0.523	0.760
fisher_6301302.log	6301302	fisher	2026-08-14	models/diag_safe_goal_point_L1_p3o_budget_nosink_by_const_padtest_d25_s905/anchor	25	by_const	fisher/goalL1_d25_s905.pkl	safe_goal_point	1	1000	0.054	0.220	0.935	0.250	0.984	51200	1.060	2.159	0.983	0.844	vanilla	0.450	0.691
fisher_6301302.log	6301302	fisher	2026-08-14	models/diag_safe_goal_point_L1_p3o_budget_nosink_by_const_padtest_d25_s905/anchor	25	by_const	fisher/goalL1_d25_s905.pkl	safe_goal_point	1	1000	0.054	0.220	0.935	0.250	0.984	51200	1.060	2.159	0.983	0.844	ours_cf	0.446	0.686
fisher_6301302.log	6301302	fisher	2026-08-14	models/diag_safe_goal_point_L1_p3o_budget_nosink_by_const_padtest_d25_s905/anchor	25	by_const	fisher/goalL1_d25_s905.pkl	safe_goal_point	1	1000	0.054	0.220	0.935	0.250	0.984	51200	1.060	2.159	0.983	0.844	reward	0.444	0.690
fisher_6301302.log	6301302	fisher	2026-08-14	models/diag_safe_goal_point_L1_p3o_budget_nosink_by_const_padtest_d25_s905/anchor	25	by_const	fisher/goalL1_d25_s905.pkl	safe_goal_point	1	1000	0.054	0.220	0.935	0.250	0.984	51200	1.060	2.159	0.983	0.844	coursey_cf	0.449	0.690
fisher_6301302.log	6301302	fisher	2026-08-14	models/diag_safe_goal_point_L1_p3o_budget_nosink_by_const_padtest_d25_s905/anchor	25	by_const	fisher/goalL1_d25_s905.pkl	safe_goal_point	1	1000	0.054	0.220	0.935	0.250	0.984	51200	1.060	2.159	0.983	0.844	ours_cf_vb	0.447	0.687
fisher_6301302.log	6301302	fisher	2026-08-14	models/diag_safe_goal_point_L1_p3o_budget_nosink_by_const_padtest_d25_s905/anchor	25	by_const	fisher/goalL1_d25_s905.pkl	safe_goal_point	1	1000	0.054	0.220	0.935	0.250	0.984	51200	1.060	2.159	0.983	0.844	ours_cf_realvb	0.444	0.687
fisher_6306465.log	6306465	fisher	2026-08-15	models/diag_safe_push_point_L14_p3o_budget_nosink_by_threshold_bt_d5_s901/anchor	5	by_threshold	fisher/btL14_d5_s901.pkl	safe_push_point	14	2000	0.022	0.019	0.991	0.250	0.999	51200	0.670	0.454	0.991	0.756	vanilla	0.377	0.643
fisher_6306465.log	6306465	fisher	2026-08-15	models/diag_safe_push_point_L14_p3o_budget_nosink_by_threshold_bt_d5_s901/anchor	5	by_threshold	fisher/btL14_d5_s901.pkl	safe_push_point	14	2000	0.022	0.019	0.991	0.250	0.999	51200	0.670	0.454	0.991	0.756	ours_cf	0.328	0.624
fisher_6306465.log	6306465	fisher	2026-08-15	models/diag_safe_push_point_L14_p3o_budget_nosink_by_threshold_bt_d5_s901/anchor	5	by_threshold	fisher/btL14_d5_s901.pkl	safe_push_point	14	2000	0.022	0.019	0.991	0.250	0.999	51200	0.670	0.454	0.991	0.756	reward	0.365	0.633
fisher_6306465.log	6306465	fisher	2026-08-15	models/diag_safe_push_point_L14_p3o_budget_nosink_by_threshold_bt_d5_s901/anchor	5	by_threshold	fisher/btL14_d5_s901.pkl	safe_push_point	14	2000	0.022	0.019	0.991	0.250	0.999	51200	0.670	0.454	0.991	0.756	coursey_cf	0.377	0.644
fisher_6306465.log	6306465	fisher	2026-08-15	models/diag_safe_push_point_L14_p3o_budget_nosink_by_threshold_bt_d5_s901/anchor	5	by_threshold	fisher/btL14_d5_s901.pkl	safe_push_point	14	2000	0.022	0.019	0.991	0.250	0.999	51200	0.670	0.454	0.991	0.756	ours_cf_vb	0.331	0.625
fisher_6306465.log	6306465	fisher	2026-08-15	models/diag_safe_push_point_L14_p3o_budget_nosink_by_threshold_bt_d5_s901/anchor	5	by_threshold	fisher/btL14_d5_s901.pkl	safe_push_point	14	2000	0.022	0.019	0.991	0.250	0.999	51200	0.670	0.454	0.991	0.756	ours_cf_realvb	0.332	0.618
fisher_6306466.log	6306466	fisher	2026-08-15	models/diag_safe_push_point_L14_p3o_budget_nosink_by_threshold_bt_d25_s901/anchor	25	by_threshold	fisher/btL14_d25_s901.pkl	safe_push_point	14	2000	0.055	0.087	0.958	0.250	0.991	51200	0.814	1.440	0.988	0.862	vanilla	0.601	0.777
fisher_6306466.log	6306466	fisher	2026-08-15	models/diag_safe_push_point_L14_p3o_budget_nosink_by_threshold_bt_d25_s901/anchor	25	by_threshold	fisher/btL14_d25_s901.pkl	safe_push_point	14	2000	0.055	0.087	0.958	0.250	0.991	51200	0.814	1.440	0.988	0.862	ours_cf	0.558	0.761
fisher_6306466.log	6306466	fisher	2026-08-15	models/diag_safe_push_point_L14_p3o_budget_nosink_by_threshold_bt_d25_s901/anchor	25	by_threshold	fisher/btL14_d25_s901.pkl	safe_push_point	14	2000	0.055	0.087	0.958	0.250	0.991	51200	0.814	1.440	0.988	0.862	reward	0.591	0.772
fisher_6306466.log	6306466	fisher	2026-08-15	models/diag_safe_push_point_L14_p3o_budget_nosink_by_threshold_bt_d25_s901/anchor	25	by_threshold	fisher/btL14_d25_s901.pkl	safe_push_point	14	2000	0.055	0.087	0.958	0.250	0.991	51200	0.814	1.440	0.988	0.862	coursey_cf	0.600	0.777
fisher_6306466.log	6306466	fisher	2026-08-15	models/diag_safe_push_point_L14_p3o_budget_nosink_by_threshold_bt_d25_s901/anchor	25	by_threshold	fisher/btL14_d25_s901.pkl	safe_push_point	14	2000	0.055	0.087	0.958	0.250	0.991	51200	0.814	1.440	0.988	0.862	ours_cf_vb	0.559	0.761
fisher_6306466.log	6306466	fisher	2026-08-15	models/diag_safe_push_point_L14_p3o_budget_nosink_by_threshold_bt_d25_s901/anchor	25	by_threshold	fisher/btL14_d25_s901.pkl	safe_push_point	14	2000	0.055	0.087	0.958	0.250	0.991	51200	0.814	1.440	0.988	0.862	ours_cf_realvb	0.570	0.768
fisher_6306467.log	6306467	fisher	2026-08-15	models/diag_safe_push_point_L14_p3o_budget_nosink_by_threshold_bt_d5_s903/anchor	5	by_threshold	fisher/btL14_d5_s903.pkl	safe_push_point	14	2000	0.030	0.013	0.992	0.250	0.999	51200	0.877	0.588	0.860	0.634	vanilla	0.382	0.652
fisher_6306467.log	6306467	fisher	2026-08-15	models/diag_safe_push_point_L14_p3o_budget_nosink_by_threshold_bt_d5_s903/anchor	5	by_threshold	fisher/btL14_d5_s903.pkl	safe_push_point	14	2000	0.030	0.013	0.992	0.250	0.999	51200	0.877	0.588	0.860	0.634	ours_cf	0.310	0.641
fisher_6306467.log	6306467	fisher	2026-08-15	models/diag_safe_push_point_L14_p3o_budget_nosink_by_threshold_bt_d5_s903/anchor	5	by_threshold	fisher/btL14_d5_s903.pkl	safe_push_point	14	2000	0.030	0.013	0.992	0.250	0.999	51200	0.877	0.588	0.860	0.634	reward	0.367	0.638
fisher_6306467.log	6306467	fisher	2026-08-15	models/diag_safe_push_point_L14_p3o_budget_nosink_by_threshold_bt_d5_s903/anchor	5	by_threshold	fisher/btL14_d5_s903.pkl	safe_push_point	14	2000	0.030	0.013	0.992	0.250	0.999	51200	0.877	0.588	0.860	0.634	coursey_cf	0.382	0.652
fisher_6306467.log	6306467	fisher	2026-08-15	models/diag_safe_push_point_L14_p3o_budget_nosink_by_threshold_bt_d5_s903/anchor	5	by_threshold	fisher/btL14_d5_s903.pkl	safe_push_point	14	2000	0.030	0.013	0.992	0.250	0.999	51200	0.877	0.588	0.860	0.634	ours_cf_vb	0.307	0.637
fisher_6306467.log	6306467	fisher	2026-08-15	models/diag_safe_push_point_L14_p3o_budget_nosink_by_threshold_bt_d5_s903/anchor	5	by_threshold	fisher/btL14_d5_s903.pkl	safe_push_point	14	2000	0.030	0.013	0.992	0.250	0.999	51200	0.877	0.588	0.860	0.634	ours_cf_realvb	0.309	0.630
fisher_6306468.log	6306468	fisher	2026-08-15	models/diag_safe_push_point_L14_p3o_budget_nosink_by_threshold_bt_d25_s903/anchor	25	by_threshold	fisher/btL14_d25_s903.pkl	safe_push_point	14	2000	0.029	0.115	0.970	0.250	0.994	51200	0.846	1.492	0.998	0.824	vanilla	0.605	0.787
fisher_6306468.log	6306468	fisher	2026-08-15	models/diag_safe_push_point_L14_p3o_budget_nosink_by_threshold_bt_d25_s903/anchor	25	by_threshold	fisher/btL14_d25_s903.pkl	safe_push_point	14	2000	0.029	0.115	0.970	0.250	0.994	51200	0.846	1.492	0.998	0.824	ours_cf	0.592	0.787
fisher_6306468.log	6306468	fisher	2026-08-15	models/diag_safe_push_point_L14_p3o_budget_nosink_by_threshold_bt_d25_s903/anchor	25	by_threshold	fisher/btL14_d25_s903.pkl	safe_push_point	14	2000	0.029	0.115	0.970	0.250	0.994	51200	0.846	1.492	0.998	0.824	reward	0.608	0.789
fisher_6306468.log	6306468	fisher	2026-08-15	models/diag_safe_push_point_L14_p3o_budget_nosink_by_threshold_bt_d25_s903/anchor	25	by_threshold	fisher/btL14_d25_s903.pkl	safe_push_point	14	2000	0.029	0.115	0.970	0.250	0.994	51200	0.846	1.492	0.998	0.824	coursey_cf	0.605	0.787
fisher_6306468.log	6306468	fisher	2026-08-15	models/diag_safe_push_point_L14_p3o_budget_nosink_by_threshold_bt_d25_s903/anchor	25	by_threshold	fisher/btL14_d25_s903.pkl	safe_push_point	14	2000	0.029	0.115	0.970	0.250	0.994	51200	0.846	1.492	0.998	0.824	ours_cf_vb	0.593	0.787
fisher_6306468.log	6306468	fisher	2026-08-15	models/diag_safe_push_point_L14_p3o_budget_nosink_by_threshold_bt_d25_s903/anchor	25	by_threshold	fisher/btL14_d25_s903.pkl	safe_push_point	14	2000	0.029	0.115	0.970	0.250	0.994	51200	0.846	1.492	0.998	0.824	ours_cf_realvb	0.597	0.788
fisher_6335085.log	6335085	fisher	2026-08-20	models/diag_safe_push_point_L8_p3o_budget_nosink_by_const_lr1e3ent_d25_s901/anchor	25	by_const	fisher/L8_d25_s901.pkl	safe_push_point	8	2000	0.058		0.968	0.250	0.993	51200	0.872	1.844	0.997	0.724	vanilla	0.527	0.745
fisher_6335085.log	6335085	fisher	2026-08-20	models/diag_safe_push_point_L8_p3o_budget_nosink_by_const_lr1e3ent_d25_s901/anchor	25	by_const	fisher/L8_d25_s901.pkl	safe_push_point	8	2000	0.058		0.968	0.250	0.993	51200	0.872	1.844	0.997	0.724	ours_cf	0.493	0.728
fisher_6335085.log	6335085	fisher	2026-08-20	models/diag_safe_push_point_L8_p3o_budget_nosink_by_const_lr1e3ent_d25_s901/anchor	25	by_const	fisher/L8_d25_s901.pkl	safe_push_point	8	2000	0.058		0.968	0.250	0.993	51200	0.872	1.844	0.997	0.724	reward	0.529	0.747
fisher_6335085.log	6335085	fisher	2026-08-20	models/diag_safe_push_point_L8_p3o_budget_nosink_by_const_lr1e3ent_d25_s901/anchor	25	by_const	fisher/L8_d25_s901.pkl	safe_push_point	8	2000	0.058		0.968	0.250	0.993	51200	0.872	1.844	0.997	0.724	coursey_cf	0.527	0.745
fisher_6335085.log	6335085	fisher	2026-08-20	models/diag_safe_push_point_L8_p3o_budget_nosink_by_const_lr1e3ent_d25_s901/anchor	25	by_const	fisher/L8_d25_s901.pkl	safe_push_point	8	2000	0.058		0.968	0.250	0.993	51200	0.872	1.844	0.997	0.724	ours_cf_vb	0.498	0.730
fisher_6335086.log	6335086	fisher	2026-08-20	models/diag_safe_push_point_L11_p3o_budget_nosink_by_const_lr1e3ent_d25_s901/anchor	25	by_const	fisher/L11_d25_s901.pkl	safe_push_point	11	2000	0.027		0.954	0.250	0.992	51200	0.787	1.480	0.995	0.831	vanilla	0.569	0.769
fisher_6335086.log	6335086	fisher	2026-08-20	models/diag_safe_push_point_L11_p3o_budget_nosink_by_const_lr1e3ent_d25_s901/anchor	25	by_const	fisher/L11_d25_s901.pkl	safe_push_point	11	2000	0.027		0.954	0.250	0.992	51200	0.787	1.480	0.995	0.831	ours_cf	0.538	0.749
fisher_6335086.log	6335086	fisher	2026-08-20	models/diag_safe_push_point_L11_p3o_budget_nosink_by_const_lr1e3ent_d25_s901/anchor	25	by_const	fisher/L11_d25_s901.pkl	safe_push_point	11	2000	0.027		0.954	0.250	0.992	51200	0.787	1.480	0.995	0.831	reward	0.571	0.772
fisher_6335086.log	6335086	fisher	2026-08-20	models/diag_safe_push_point_L11_p3o_budget_nosink_by_const_lr1e3ent_d25_s901/anchor	25	by_const	fisher/L11_d25_s901.pkl	safe_push_point	11	2000	0.027		0.954	0.250	0.992	51200	0.787	1.480	0.995	0.831	coursey_cf	0.569	0.769
fisher_6335086.log	6335086	fisher	2026-08-20	models/diag_safe_push_point_L11_p3o_budget_nosink_by_const_lr1e3ent_d25_s901/anchor	25	by_const	fisher/L11_d25_s901.pkl	safe_push_point	11	2000	0.027		0.954	0.250	0.992	51200	0.787	1.480	0.995	0.831	ours_cf_vb	0.535	0.748
fisher_6335087.log	6335087	fisher	2026-08-20	models/diag_safe_push_point_L8_p3o_budget_nosink_by_const_lr1e3ent_d25_s902/anchor	25	by_const	fisher/L8_d25_s902.pkl	safe_push_point	8	2000	0.039		0.968	0.250	0.992	51200	1.012	2.130	0.995	0.749	vanilla	0.542	0.774
fisher_6335087.log	6335087	fisher	2026-08-20	models/diag_safe_push_point_L8_p3o_budget_nosink_by_const_lr1e3ent_d25_s902/anchor	25	by_const	fisher/L8_d25_s902.pkl	safe_push_point	8	2000	0.039		0.968	0.250	0.992	51200	1.012	2.130	0.995	0.749	ours_cf	0.481	0.728
fisher_6335087.log	6335087	fisher	2026-08-20	models/diag_safe_push_point_L8_p3o_budget_nosink_by_const_lr1e3ent_d25_s902/anchor	25	by_const	fisher/L8_d25_s902.pkl	safe_push_point	8	2000	0.039		0.968	0.250	0.992	51200	1.012	2.130	0.995	0.749	reward	0.537	0.769
fisher_6335087.log	6335087	fisher	2026-08-20	models/diag_safe_push_point_L8_p3o_budget_nosink_by_const_lr1e3ent_d25_s902/anchor	25	by_const	fisher/L8_d25_s902.pkl	safe_push_point	8	2000	0.039		0.968	0.250	0.992	51200	1.012	2.130	0.995	0.749	coursey_cf	0.542	0.774
fisher_6335087.log	6335087	fisher	2026-08-20	models/diag_safe_push_point_L8_p3o_budget_nosink_by_const_lr1e3ent_d25_s902/anchor	25	by_const	fisher/L8_d25_s902.pkl	safe_push_point	8	2000	0.039		0.968	0.250	0.992	51200	1.012	2.130	0.995	0.749	ours_cf_vb	0.484	0.728
fisher_6335088.log	6335088	fisher	2026-08-20	models/diag_safe_push_point_L11_p3o_budget_nosink_by_const_lr1e3ent_d25_s902/anchor	25	by_const	fisher/L11_d25_s902.pkl	safe_push_point	11	2000	0.072		0.951	0.250	0.991	51200	0.998	1.313	0.996	0.849	vanilla	0.570	0.779
fisher_6335088.log	6335088	fisher	2026-08-20	models/diag_safe_push_point_L11_p3o_budget_nosink_by_const_lr1e3ent_d25_s902/anchor	25	by_const	fisher/L11_d25_s902.pkl	safe_push_point	11	2000	0.072		0.951	0.250	0.991	51200	0.998	1.313	0.996	0.849	ours_cf	0.508	0.736
fisher_6335088.log	6335088	fisher	2026-08-20	models/diag_safe_push_point_L11_p3o_budget_nosink_by_const_lr1e3ent_d25_s902/anchor	25	by_const	fisher/L11_d25_s902.pkl	safe_push_point	11	2000	0.072		0.951	0.250	0.991	51200	0.998	1.313	0.996	0.849	reward	0.559	0.777
fisher_6335088.log	6335088	fisher	2026-08-20	models/diag_safe_push_point_L11_p3o_budget_nosink_by_const_lr1e3ent_d25_s902/anchor	25	by_const	fisher/L11_d25_s902.pkl	safe_push_point	11	2000	0.072		0.951	0.250	0.991	51200	0.998	1.313	0.996	0.849	coursey_cf	0.569	0.779
fisher_6335088.log	6335088	fisher	2026-08-20	models/diag_safe_push_point_L11_p3o_budget_nosink_by_const_lr1e3ent_d25_s902/anchor	25	by_const	fisher/L11_d25_s902.pkl	safe_push_point	11	2000	0.072		0.951	0.250	0.991	51200	0.998	1.313	0.996	0.849	ours_cf_vb	0.516	0.742
fisher_6335089.log	6335089	fisher	2026-08-20	models/diag_safe_push_point_L8_p3o_budget_nosink_by_const_lr1e3ent_d25_s903/anchor	25	by_const	fisher/L8_d25_s903.pkl	safe_push_point	8	2000	0.071		0.961	0.250	0.991	51200	0.883	1.975	0.988	0.745	vanilla	0.563	0.772
fisher_6335089.log	6335089	fisher	2026-08-20	models/diag_safe_push_point_L8_p3o_budget_nosink_by_const_lr1e3ent_d25_s903/anchor	25	by_const	fisher/L8_d25_s903.pkl	safe_push_point	8	2000	0.071		0.961	0.250	0.991	51200	0.883	1.975	0.988	0.745	ours_cf	0.513	0.729
fisher_6335089.log	6335089	fisher	2026-08-20	models/diag_safe_push_point_L8_p3o_budget_nosink_by_const_lr1e3ent_d25_s903/anchor	25	by_const	fisher/L8_d25_s903.pkl	safe_push_point	8	2000	0.071		0.961	0.250	0.991	51200	0.883	1.975	0.988	0.745	reward	0.562	0.770
fisher_6335089.log	6335089	fisher	2026-08-20	models/diag_safe_push_point_L8_p3o_budget_nosink_by_const_lr1e3ent_d25_s903/anchor	25	by_const	fisher/L8_d25_s903.pkl	safe_push_point	8	2000	0.071		0.961	0.250	0.991	51200	0.883	1.975	0.988	0.745	coursey_cf	0.563	0.773
fisher_6335089.log	6335089	fisher	2026-08-20	models/diag_safe_push_point_L8_p3o_budget_nosink_by_const_lr1e3ent_d25_s903/anchor	25	by_const	fisher/L8_d25_s903.pkl	safe_push_point	8	2000	0.071		0.961	0.250	0.991	51200	0.883	1.975	0.988	0.745	ours_cf_vb	0.519	0.732
fisher_6335090.log	6335090	fisher	2026-08-20	models/diag_safe_push_point_L11_p3o_budget_nosink_by_const_lr1e3ent_d25_s903/anchor	25	by_const	fisher/L11_d25_s903.pkl	safe_push_point	11	2000	0.048		0.951	0.250	0.991	51200	0.917	1.671	0.990	0.824	vanilla	0.605	0.789
fisher_6335090.log	6335090	fisher	2026-08-20	models/diag_safe_push_point_L11_p3o_budget_nosink_by_const_lr1e3ent_d25_s903/anchor	25	by_const	fisher/L11_d25_s903.pkl	safe_push_point	11	2000	0.048		0.951	0.250	0.991	51200	0.917	1.671	0.990	0.824	ours_cf	0.562	0.767
fisher_6335090.log	6335090	fisher	2026-08-20	models/diag_safe_push_point_L11_p3o_budget_nosink_by_const_lr1e3ent_d25_s903/anchor	25	by_const	fisher/L11_d25_s903.pkl	safe_push_point	11	2000	0.048		0.951	0.250	0.991	51200	0.917	1.671	0.990	0.824	reward	0.602	0.788
fisher_6335090.log	6335090	fisher	2026-08-20	models/diag_safe_push_point_L11_p3o_budget_nosink_by_const_lr1e3ent_d25_s903/anchor	25	by_const	fisher/L11_d25_s903.pkl	safe_push_point	11	2000	0.048		0.951	0.250	0.991	51200	0.917	1.671	0.990	0.824	coursey_cf	0.605	0.789
fisher_6335090.log	6335090	fisher	2026-08-20	models/diag_safe_push_point_L11_p3o_budget_nosink_by_const_lr1e3ent_d25_s903/anchor	25	by_const	fisher/L11_d25_s903.pkl	safe_push_point	11	2000	0.048		0.951	0.250	0.991	51200	0.917	1.671	0.990	0.824	ours_cf_vb	0.563	0.767
fisher_20650.log	20650	fisher	2026-09-01	models/diag_safe_push_point_L11_p3o_budget_nosink_by_const_lr1e3ent_rvfix_d25_s901/anchor	25	by_const	fisher/L11_d25_rvfix_s901.pkl	safe_push_point	11	2000	0.036	0.142	0.955	0.250	0.992	51200	0.839	1.496	0.994	0.799	vanilla	0.491	0.751
fisher_20650.log	20650	fisher	2026-09-01	models/diag_safe_push_point_L11_p3o_budget_nosink_by_const_lr1e3ent_rvfix_d25_s901/anchor	25	by_const	fisher/L11_d25_rvfix_s901.pkl	safe_push_point	11	2000	0.036	0.142	0.955	0.250	0.992	51200	0.839	1.496	0.994	0.799	ours_cf	0.442	0.715
fisher_20650.log	20650	fisher	2026-09-01	models/diag_safe_push_point_L11_p3o_budget_nosink_by_const_lr1e3ent_rvfix_d25_s901/anchor	25	by_const	fisher/L11_d25_rvfix_s901.pkl	safe_push_point	11	2000	0.036	0.142	0.955	0.250	0.992	51200	0.839	1.496	0.994	0.799	reward	0.483	0.747
fisher_20650.log	20650	fisher	2026-09-01	models/diag_safe_push_point_L11_p3o_budget_nosink_by_const_lr1e3ent_rvfix_d25_s901/anchor	25	by_const	fisher/L11_d25_rvfix_s901.pkl	safe_push_point	11	2000	0.036	0.142	0.955	0.250	0.992	51200	0.839	1.496	0.994	0.799	coursey_cf	0.491	0.751
fisher_20650.log	20650	fisher	2026-09-01	models/diag_safe_push_point_L11_p3o_budget_nosink_by_const_lr1e3ent_rvfix_d25_s901/anchor	25	by_const	fisher/L11_d25_rvfix_s901.pkl	safe_push_point	11	2000	0.036	0.142	0.955	0.250	0.992	51200	0.839	1.496	0.994	0.799	ours_cf_vb	0.444	0.716
fisher_20650.log	20650	fisher	2026-09-01	models/diag_safe_push_point_L11_p3o_budget_nosink_by_const_lr1e3ent_rvfix_d25_s901/anchor	25	by_const	fisher/L11_d25_rvfix_s901.pkl	safe_push_point	11	2000	0.036	0.142	0.955	0.250	0.992	51200	0.839	1.496	0.994	0.799	ours_cf_realvb	0.460	0.728
fisher_20651.log	20651	fisher	2026-09-01	models/diag_safe_push_point_L11_p3o_budget_nosink_by_const_lr1e3ent_rvfix_d25_s902/anchor	25	by_const	fisher/L11_d25_rvfix_s902.pkl	safe_push_point	11	2000	0.048	0.141	0.947	0.250	0.990	51200	0.900	1.895	0.995	0.803	vanilla	0.658	0.810
fisher_20651.log	20651	fisher	2026-09-01	models/diag_safe_push_point_L11_p3o_budget_nosink_by_const_lr1e3ent_rvfix_d25_s902/anchor	25	by_const	fisher/L11_d25_rvfix_s902.pkl	safe_push_point	11	2000	0.048	0.141	0.947	0.250	0.990	51200	0.900	1.895	0.995	0.803	ours_cf	0.639	0.793
fisher_20651.log	20651	fisher	2026-09-01	models/diag_safe_push_point_L11_p3o_budget_nosink_by_const_lr1e3ent_rvfix_d25_s902/anchor	25	by_const	fisher/L11_d25_rvfix_s902.pkl	safe_push_point	11	2000	0.048	0.141	0.947	0.250	0.990	51200	0.900	1.895	0.995	0.803	reward	0.648	0.803
fisher_20651.log	20651	fisher	2026-09-01	models/diag_safe_push_point_L11_p3o_budget_nosink_by_const_lr1e3ent_rvfix_d25_s902/anchor	25	by_const	fisher/L11_d25_rvfix_s902.pkl	safe_push_point	11	2000	0.048	0.141	0.947	0.250	0.990	51200	0.900	1.895	0.995	0.803	coursey_cf	0.658	0.810
fisher_20651.log	20651	fisher	2026-09-01	models/diag_safe_push_point_L11_p3o_budget_nosink_by_const_lr1e3ent_rvfix_d25_s902/anchor	25	by_const	fisher/L11_d25_rvfix_s902.pkl	safe_push_point	11	2000	0.048	0.141	0.947	0.250	0.990	51200	0.900	1.895	0.995	0.803	ours_cf_vb	0.644	0.797
fisher_20651.log	20651	fisher	2026-09-01	models/diag_safe_push_point_L11_p3o_budget_nosink_by_const_lr1e3ent_rvfix_d25_s902/anchor	25	by_const	fisher/L11_d25_rvfix_s902.pkl	safe_push_point	11	2000	0.048	0.141	0.947	0.250	0.990	51200	0.900	1.895	0.995	0.803	ours_cf_realvb	0.648	0.800
fisher_20652.log	20652	fisher	2026-09-01	models/diag_safe_push_point_L11_p3o_budget_nosink_by_const_lr1e3ent_rvfix_d25_s903/anchor	25	by_const	fisher/L11_d25_rvfix_s903.pkl	safe_push_point	11	2000	0.061	0.185	0.948	0.250	0.990	51200	0.935	1.597	0.997	0.862	vanilla	0.604	0.789
fisher_20652.log	20652	fisher	2026-09-01	models/diag_safe_push_point_L11_p3o_budget_nosink_by_const_lr1e3ent_rvfix_d25_s903/anchor	25	by_const	fisher/L11_d25_rvfix_s903.pkl	safe_push_point	11	2000	0.061	0.185	0.948	0.250	0.990	51200	0.935	1.597	0.997	0.862	ours_cf	0.574	0.765
fisher_20652.log	20652	fisher	2026-09-01	models/diag_safe_push_point_L11_p3o_budget_nosink_by_const_lr1e3ent_rvfix_d25_s903/anchor	25	by_const	fisher/L11_d25_rvfix_s903.pkl	safe_push_point	11	2000	0.061	0.185	0.948	0.250	0.990	51200	0.935	1.597	0.997	0.862	reward	0.607	0.791
fisher_20652.log	20652	fisher	2026-09-01	models/diag_safe_push_point_L11_p3o_budget_nosink_by_const_lr1e3ent_rvfix_d25_s903/anchor	25	by_const	fisher/L11_d25_rvfix_s903.pkl	safe_push_point	11	2000	0.061	0.185	0.948	0.250	0.990	51200	0.935	1.597	0.997	0.862	coursey_cf	0.604	0.789
fisher_20652.log	20652	fisher	2026-09-01	models/diag_safe_push_point_L11_p3o_budget_nosink_by_const_lr1e3ent_rvfix_d25_s903/anchor	25	by_const	fisher/L11_d25_rvfix_s903.pkl	safe_push_point	11	2000	0.061	0.185	0.948	0.250	0.990	51200	0.935	1.597	0.997	0.862	ours_cf_vb	0.575	0.766
fisher_20652.log	20652	fisher	2026-09-01	models/diag_safe_push_point_L11_p3o_budget_nosink_by_const_lr1e3ent_rvfix_d25_s903/anchor	25	by_const	fisher/L11_d25_rvfix_s903.pkl	safe_push_point	11	2000	0.061	0.185	0.948	0.250	0.990	51200	0.935	1.597	0.997	0.862	ours_cf_realvb	0.587	0.777
fisher_20660.log	20660	fisher	2026-09-02	models/cl_safe_push_pointL11tosafe_push_pointL14_by_const_d25to25_vanilla_c10_s904/final	25	by_const	fisher/p2out_L11toL14_c10_onL14_d25_s904.pkl	safe_push_point	14	2000	0.027	0.083	0.964	0.250	0.992	51200	0.794	1.483	0.997	0.808	vanilla	0.444	0.665
fisher_20660.log	20660	fisher	2026-09-02	models/cl_safe_push_pointL11tosafe_push_pointL14_by_const_d25to25_vanilla_c10_s904/final	25	by_const	fisher/p2out_L11toL14_c10_onL14_d25_s904.pkl	safe_push_point	14	2000	0.027	0.083	0.964	0.250	0.992	51200	0.794	1.483	0.997	0.808	ours_cf	0.424	0.661
fisher_20660.log	20660	fisher	2026-09-02	models/cl_safe_push_pointL11tosafe_push_pointL14_by_const_d25to25_vanilla_c10_s904/final	25	by_const	fisher/p2out_L11toL14_c10_onL14_d25_s904.pkl	safe_push_point	14	2000	0.027	0.083	0.964	0.250	0.992	51200	0.794	1.483	0.997	0.808	reward	0.450	0.674
fisher_20660.log	20660	fisher	2026-09-02	models/cl_safe_push_pointL11tosafe_push_pointL14_by_const_d25to25_vanilla_c10_s904/final	25	by_const	fisher/p2out_L11toL14_c10_onL14_d25_s904.pkl	safe_push_point	14	2000	0.027	0.083	0.964	0.250	0.992	51200	0.794	1.483	0.997	0.808	coursey_cf	0.444	0.665
fisher_20660.log	20660	fisher	2026-09-02	models/cl_safe_push_pointL11tosafe_push_pointL14_by_const_d25to25_vanilla_c10_s904/final	25	by_const	fisher/p2out_L11toL14_c10_onL14_d25_s904.pkl	safe_push_point	14	2000	0.027	0.083	0.964	0.250	0.992	51200	0.794	1.483	0.997	0.808	ours_cf_vb	0.426	0.662
fisher_20660.log	20660	fisher	2026-09-02	models/cl_safe_push_pointL11tosafe_push_pointL14_by_const_d25to25_vanilla_c10_s904/final	25	by_const	fisher/p2out_L11toL14_c10_onL14_d25_s904.pkl	safe_push_point	14	2000	0.027	0.083	0.964	0.250	0.992	51200	0.794	1.483	0.997	0.808	ours_cf_realvb	0.431	0.665
fisher_20661.log	20661	fisher	2026-09-02	models/cl_safe_push_pointL11tosafe_push_pointL14_by_const_d25to25_vanilla_c10_s905/final	25	by_const	fisher/p2out_L11toL14_c10_onL14_d25_s905.pkl	safe_push_point	14	2000	0.090	0.193	0.965	0.250	0.992	51200	0.904	1.919	0.989	0.655	vanilla	0.490	0.707
fisher_20661.log	20661	fisher	2026-09-02	models/cl_safe_push_pointL11tosafe_push_pointL14_by_const_d25to25_vanilla_c10_s905/final	25	by_const	fisher/p2out_L11toL14_c10_onL14_d25_s905.pkl	safe_push_point	14	2000	0.090	0.193	0.965	0.250	0.992	51200	0.904	1.919	0.989	0.655	ours_cf	0.433	0.687
fisher_20661.log	20661	fisher	2026-09-02	models/cl_safe_push_pointL11tosafe_push_pointL14_by_const_d25to25_vanilla_c10_s905/final	25	by_const	fisher/p2out_L11toL14_c10_onL14_d25_s905.pkl	safe_push_point	14	2000	0.090	0.193	0.965	0.250	0.992	51200	0.904	1.919	0.989	0.655	reward	0.495	0.713
fisher_20661.log	20661	fisher	2026-09-02	models/cl_safe_push_pointL11tosafe_push_pointL14_by_const_d25to25_vanilla_c10_s905/final	25	by_const	fisher/p2out_L11toL14_c10_onL14_d25_s905.pkl	safe_push_point	14	2000	0.090	0.193	0.965	0.250	0.992	51200	0.904	1.919	0.989	0.655	coursey_cf	0.490	0.708
fisher_20661.log	20661	fisher	2026-09-02	models/cl_safe_push_pointL11tosafe_push_pointL14_by_const_d25to25_vanilla_c10_s905/final	25	by_const	fisher/p2out_L11toL14_c10_onL14_d25_s905.pkl	safe_push_point	14	2000	0.090	0.193	0.965	0.250	0.992	51200	0.904	1.919	0.989	0.655	ours_cf_vb	0.445	0.689
fisher_20661.log	20661	fisher	2026-09-02	models/cl_safe_push_pointL11tosafe_push_pointL14_by_const_d25to25_vanilla_c10_s905/final	25	by_const	fisher/p2out_L11toL14_c10_onL14_d25_s905.pkl	safe_push_point	14	2000	0.090	0.193	0.965	0.250	0.992	51200	0.904	1.919	0.989	0.655	ours_cf_realvb	0.449	0.691
fisher_20677.log	20677	fisher	2026-09-02	models/cl_safe_push_pointL14tosafe_push_pointL14_by_const_d25to5_vanilla_c0.01_s904/final	5	by_const	fisher/p2out_thresh_d25to5_c0.01_onD5_s904.pkl	safe_push_point	14	2000	0.030	0.062	0.991	0.250	0.998	51200	0.686	0.691	0.942	0.592	vanilla	0.358	0.595
fisher_20677.log	20677	fisher	2026-09-02	models/cl_safe_push_pointL14tosafe_push_pointL14_by_const_d25to5_vanilla_c0.01_s904/final	5	by_const	fisher/p2out_thresh_d25to5_c0.01_onD5_s904.pkl	safe_push_point	14	2000	0.030	0.062	0.991	0.250	0.998	51200	0.686	0.691	0.942	0.592	ours_cf	0.309	0.628
fisher_20677.log	20677	fisher	2026-09-02	models/cl_safe_push_pointL14tosafe_push_pointL14_by_const_d25to5_vanilla_c0.01_s904/final	5	by_const	fisher/p2out_thresh_d25to5_c0.01_onD5_s904.pkl	safe_push_point	14	2000	0.030	0.062	0.991	0.250	0.998	51200	0.686	0.691	0.942	0.592	reward	0.359	0.595
fisher_20677.log	20677	fisher	2026-09-02	models/cl_safe_push_pointL14tosafe_push_pointL14_by_const_d25to5_vanilla_c0.01_s904/final	5	by_const	fisher/p2out_thresh_d25to5_c0.01_onD5_s904.pkl	safe_push_point	14	2000	0.030	0.062	0.991	0.250	0.998	51200	0.686	0.691	0.942	0.592	coursey_cf	0.358	0.595
fisher_20677.log	20677	fisher	2026-09-02	models/cl_safe_push_pointL14tosafe_push_pointL14_by_const_d25to5_vanilla_c0.01_s904/final	5	by_const	fisher/p2out_thresh_d25to5_c0.01_onD5_s904.pkl	safe_push_point	14	2000	0.030	0.062	0.991	0.250	0.998	51200	0.686	0.691	0.942	0.592	ours_cf_vb	0.314	0.631
fisher_20677.log	20677	fisher	2026-09-02	models/cl_safe_push_pointL14tosafe_push_pointL14_by_const_d25to5_vanilla_c0.01_s904/final	5	by_const	fisher/p2out_thresh_d25to5_c0.01_onD5_s904.pkl	safe_push_point	14	2000	0.030	0.062	0.991	0.250	0.998	51200	0.686	0.691	0.942	0.592	ours_cf_realvb	0.321	0.636
fisher_20679.log	20679	fisher	2026-09-02	models/cl_safe_push_pointL14tosafe_push_pointL14_by_const_d25to5_vanilla_c0.01_s905/final	5	by_const	fisher/p2out_thresh_d25to5_c0.01_onD5_s905.pkl	safe_push_point	14	2000	0.025	0.010	0.992	0.250	0.999	51200	0.811	0.619	0.964	0.768	vanilla	0.365	0.587
fisher_20679.log	20679	fisher	2026-09-02	models/cl_safe_push_pointL14tosafe_push_pointL14_by_const_d25to5_vanilla_c0.01_s905/final	5	by_const	fisher/p2out_thresh_d25to5_c0.01_onD5_s905.pkl	safe_push_point	14	2000	0.025	0.010	0.992	0.250	0.999	51200	0.811	0.619	0.964	0.768	ours_cf	0.405	0.636
fisher_20679.log	20679	fisher	2026-09-02	models/cl_safe_push_pointL14tosafe_push_pointL14_by_const_d25to5_vanilla_c0.01_s905/final	5	by_const	fisher/p2out_thresh_d25to5_c0.01_onD5_s905.pkl	safe_push_point	14	2000	0.025	0.010	0.992	0.250	0.999	51200	0.811	0.619	0.964	0.768	reward	0.362	0.587
fisher_20679.log	20679	fisher	2026-09-02	models/cl_safe_push_pointL14tosafe_push_pointL14_by_const_d25to5_vanilla_c0.01_s905/final	5	by_const	fisher/p2out_thresh_d25to5_c0.01_onD5_s905.pkl	safe_push_point	14	2000	0.025	0.010	0.992	0.250	0.999	51200	0.811	0.619	0.964	0.768	coursey_cf	0.365	0.587
fisher_20679.log	20679	fisher	2026-09-02	models/cl_safe_push_pointL14tosafe_push_pointL14_by_const_d25to5_vanilla_c0.01_s905/final	5	by_const	fisher/p2out_thresh_d25to5_c0.01_onD5_s905.pkl	safe_push_point	14	2000	0.025	0.010	0.992	0.250	0.999	51200	0.811	0.619	0.964	0.768	ours_cf_vb	0.405	0.635
fisher_20679.log	20679	fisher	2026-09-02	models/cl_safe_push_pointL14tosafe_push_pointL14_by_const_d25to5_vanilla_c0.01_s905/final	5	by_const	fisher/p2out_thresh_d25to5_c0.01_onD5_s905.pkl	safe_push_point	14	2000	0.025	0.010	0.992	0.250	0.999	51200	0.811	0.619	0.964	0.768	ours_cf_realvb	0.393	0.625
fisher_20695.log	20695	fisher	2026-09-02	models/cl_safe_push_pointL14tosafe_push_pointL14_by_const_d15to25_vanilla_c0.1_s904/final	25	by_const	fisher/p2out_thresh_d15to25_c0.1_onD25_s904.pkl	safe_push_point	14	2000	0.061	0.068	0.960	0.250	0.992	51200	0.841	1.197	0.997	0.871	vanilla	0.470	0.724
fisher_20695.log	20695	fisher	2026-09-02	models/cl_safe_push_pointL14tosafe_push_pointL14_by_const_d15to25_vanilla_c0.1_s904/final	25	by_const	fisher/p2out_thresh_d15to25_c0.1_onD25_s904.pkl	safe_push_point	14	2000	0.061	0.068	0.960	0.250	0.992	51200	0.841	1.197	0.997	0.871	ours_cf	0.439	0.696
fisher_20695.log	20695	fisher	2026-09-02	models/cl_safe_push_pointL14tosafe_push_pointL14_by_const_d15to25_vanilla_c0.1_s904/final	25	by_const	fisher/p2out_thresh_d15to25_c0.1_onD25_s904.pkl	safe_push_point	14	2000	0.061	0.068	0.960	0.250	0.992	51200	0.841	1.197	0.997	0.871	reward	0.469	0.723
fisher_20695.log	20695	fisher	2026-09-02	models/cl_safe_push_pointL14tosafe_push_pointL14_by_const_d15to25_vanilla_c0.1_s904/final	25	by_const	fisher/p2out_thresh_d15to25_c0.1_onD25_s904.pkl	safe_push_point	14	2000	0.061	0.068	0.960	0.250	0.992	51200	0.841	1.197	0.997	0.871	coursey_cf	0.470	0.724
fisher_20695.log	20695	fisher	2026-09-02	models/cl_safe_push_pointL14tosafe_push_pointL14_by_const_d15to25_vanilla_c0.1_s904/final	25	by_const	fisher/p2out_thresh_d15to25_c0.1_onD25_s904.pkl	safe_push_point	14	2000	0.061	0.068	0.960	0.250	0.992	51200	0.841	1.197	0.997	0.871	ours_cf_vb	0.443	0.698
fisher_20695.log	20695	fisher	2026-09-02	models/cl_safe_push_pointL14tosafe_push_pointL14_by_const_d15to25_vanilla_c0.1_s904/final	25	by_const	fisher/p2out_thresh_d15to25_c0.1_onD25_s904.pkl	safe_push_point	14	2000	0.061	0.068	0.960	0.250	0.992	51200	0.841	1.197	0.997	0.871	ours_cf_realvb	0.448	0.705
fisher_91880.log	91880	fisher	2026-09-03	models/cl_safe_push_pointL14tosafe_push_pointL14_by_const_d15to25_vanilla_c0.1_s905/final	25	by_const	fisher/p2out_thresh_d15to25_c0.1_onD25_s905.pkl	safe_push_point	14	2000	0.050	0.132	0.953	0.250	0.991	51200	0.984	1.609	0.997	0.743	vanilla	0.594	0.804
fisher_91880.log	91880	fisher	2026-09-03	models/cl_safe_push_pointL14tosafe_push_pointL14_by_const_d15to25_vanilla_c0.1_s905/final	25	by_const	fisher/p2out_thresh_d15to25_c0.1_onD25_s905.pkl	safe_push_point	14	2000	0.050	0.132	0.953	0.250	0.991	51200	0.984	1.609	0.997	0.743	ours_cf	0.543	0.765
fisher_91880.log	91880	fisher	2026-09-03	models/cl_safe_push_pointL14tosafe_push_pointL14_by_const_d15to25_vanilla_c0.1_s905/final	25	by_const	fisher/p2out_thresh_d15to25_c0.1_onD25_s905.pkl	safe_push_point	14	2000	0.050	0.132	0.953	0.250	0.991	51200	0.984	1.609	0.997	0.743	reward	0.589	0.802
fisher_91880.log	91880	fisher	2026-09-03	models/cl_safe_push_pointL14tosafe_push_pointL14_by_const_d15to25_vanilla_c0.1_s905/final	25	by_const	fisher/p2out_thresh_d15to25_c0.1_onD25_s905.pkl	safe_push_point	14	2000	0.050	0.132	0.953	0.250	0.991	51200	0.984	1.609	0.997	0.743	coursey_cf	0.594	0.804
fisher_91880.log	91880	fisher	2026-09-03	models/cl_safe_push_pointL14tosafe_push_pointL14_by_const_d15to25_vanilla_c0.1_s905/final	25	by_const	fisher/p2out_thresh_d15to25_c0.1_onD25_s905.pkl	safe_push_point	14	2000	0.050	0.132	0.953	0.250	0.991	51200	0.984	1.609	0.997	0.743	ours_cf_vb	0.545	0.765
fisher_91880.log	91880	fisher	2026-09-03	models/cl_safe_push_pointL14tosafe_push_pointL14_by_const_d15to25_vanilla_c0.1_s905/final	25	by_const	fisher/p2out_thresh_d15to25_c0.1_onD25_s905.pkl	safe_push_point	14	2000	0.050	0.132	0.953	0.250	0.991	51200	0.984	1.609	0.997	0.743	ours_cf_realvb	0.562	0.780
fisher_14529.log	14529	fisher	2026-08-30	models/cl_safe_push_pointL11tosafe_push_pointL14_by_const_d25to25_vanilla_c10_s901/final	25	by_const	fisher/p2out_L11toL14_c10_onL14_d25_s901.pkl	safe_push_point	14	2000	0.041	0.076	0.972	0.250	0.994	51200	0.792	1.670	0.986	0.718	vanilla	0.563	0.761
fisher_14529.log	14529	fisher	2026-08-30	models/cl_safe_push_pointL11tosafe_push_pointL14_by_const_d25to25_vanilla_c10_s901/final	25	by_const	fisher/p2out_L11toL14_c10_onL14_d25_s901.pkl	safe_push_point	14	2000	0.041	0.076	0.972	0.250	0.994	51200	0.792	1.670	0.986	0.718	ours_cf	0.525	0.741
fisher_14529.log	14529	fisher	2026-08-30	models/cl_safe_push_pointL11tosafe_push_pointL14_by_const_d25to25_vanilla_c10_s901/final	25	by_const	fisher/p2out_L11toL14_c10_onL14_d25_s901.pkl	safe_push_point	14	2000	0.041	0.076	0.972	0.250	0.994	51200	0.792	1.670	0.986	0.718	reward	0.563	0.760
fisher_14529.log	14529	fisher	2026-08-30	models/cl_safe_push_pointL11tosafe_push_pointL14_by_const_d25to25_vanilla_c10_s901/final	25	by_const	fisher/p2out_L11toL14_c10_onL14_d25_s901.pkl	safe_push_point	14	2000	0.041	0.076	0.972	0.250	0.994	51200	0.792	1.670	0.986	0.718	coursey_cf	0.563	0.761
fisher_14529.log	14529	fisher	2026-08-30	models/cl_safe_push_pointL11tosafe_push_pointL14_by_const_d25to25_vanilla_c10_s901/final	25	by_const	fisher/p2out_L11toL14_c10_onL14_d25_s901.pkl	safe_push_point	14	2000	0.041	0.076	0.972	0.250	0.994	51200	0.792	1.670	0.986	0.718	ours_cf_vb	0.535	0.746
fisher_14529.log	14529	fisher	2026-08-30	models/cl_safe_push_pointL11tosafe_push_pointL14_by_const_d25to25_vanilla_c10_s901/final	25	by_const	fisher/p2out_L11toL14_c10_onL14_d25_s901.pkl	safe_push_point	14	2000	0.041	0.076	0.972	0.250	0.994	51200	0.792	1.670	0.986	0.718	ours_cf_realvb	0.540	0.749
fisher_14531.log	14531	fisher	2026-08-30	models/cl_safe_push_pointL11tosafe_push_pointL14_by_const_d25to25_vanilla_c10_s903/final	25	by_const	fisher/p2out_L11toL14_c10_onL14_d25_s903.pkl	safe_push_point	14	2000	0.045	0.140	0.963	0.250	0.992	51200	0.882	1.483	0.996	0.873	vanilla	0.590	0.767
fisher_14531.log	14531	fisher	2026-08-30	models/cl_safe_push_pointL11tosafe_push_pointL14_by_const_d25to25_vanilla_c10_s903/final	25	by_const	fisher/p2out_L11toL14_c10_onL14_d25_s903.pkl	safe_push_point	14	2000	0.045	0.140	0.963	0.250	0.992	51200	0.882	1.483	0.996	0.873	ours_cf	0.570	0.747
fisher_14531.log	14531	fisher	2026-08-30	models/cl_safe_push_pointL11tosafe_push_pointL14_by_const_d25to25_vanilla_c10_s903/final	25	by_const	fisher/p2out_L11toL14_c10_onL14_d25_s903.pkl	safe_push_point	14	2000	0.045	0.140	0.963	0.250	0.992	51200	0.882	1.483	0.996	0.873	reward	0.586	0.765
fisher_14531.log	14531	fisher	2026-08-30	models/cl_safe_push_pointL11tosafe_push_pointL14_by_const_d25to25_vanilla_c10_s903/final	25	by_const	fisher/p2out_L11toL14_c10_onL14_d25_s903.pkl	safe_push_point	14	2000	0.045	0.140	0.963	0.250	0.992	51200	0.882	1.483	0.996	0.873	coursey_cf	0.590	0.766
fisher_14531.log	14531	fisher	2026-08-30	models/cl_safe_push_pointL11tosafe_push_pointL14_by_const_d25to25_vanilla_c10_s903/final	25	by_const	fisher/p2out_L11toL14_c10_onL14_d25_s903.pkl	safe_push_point	14	2000	0.045	0.140	0.963	0.250	0.992	51200	0.882	1.483	0.996	0.873	ours_cf_vb	0.571	0.747
fisher_14531.log	14531	fisher	2026-08-30	models/cl_safe_push_pointL11tosafe_push_pointL14_by_const_d25to25_vanilla_c10_s903/final	25	by_const	fisher/p2out_L11toL14_c10_onL14_d25_s903.pkl	safe_push_point	14	2000	0.045	0.140	0.963	0.250	0.992	51200	0.882	1.483	0.996	0.873	ours_cf_realvb	0.579	0.754
fisher_14534.log	14534	fisher	2026-08-30	models/cl_safe_push_pointL14tosafe_push_pointL1_by_const_d25to25_vanilla_c0.1_s903/final	25	by_const	fisher/p2out_L14toL1_c0.1_onL1_d25_s903.pkl	safe_push_point	1	2000	0.064	0.443	0.968	0.250	0.992	51200	1.098	1.751	0.989	0.799	vanilla	0.634	0.832
fisher_14534.log	14534	fisher	2026-08-30	models/cl_safe_push_pointL14tosafe_push_pointL1_by_const_d25to25_vanilla_c0.1_s903/final	25	by_const	fisher/p2out_L14toL1_c0.1_onL1_d25_s903.pkl	safe_push_point	1	2000	0.064	0.443	0.968	0.250	0.992	51200	1.098	1.751	0.989	0.799	ours_cf	0.583	0.785
fisher_14534.log	14534	fisher	2026-08-30	models/cl_safe_push_pointL14tosafe_push_pointL1_by_const_d25to25_vanilla_c0.1_s903/final	25	by_const	fisher/p2out_L14toL1_c0.1_onL1_d25_s903.pkl	safe_push_point	1	2000	0.064	0.443	0.968	0.250	0.992	51200	1.098	1.751	0.989	0.799	reward	0.630	0.830
fisher_14534.log	14534	fisher	2026-08-30	models/cl_safe_push_pointL14tosafe_push_pointL1_by_const_d25to25_vanilla_c0.1_s903/final	25	by_const	fisher/p2out_L14toL1_c0.1_onL1_d25_s903.pkl	safe_push_point	1	2000	0.064	0.443	0.968	0.250	0.992	51200	1.098	1.751	0.989	0.799	coursey_cf	0.634	0.832
fisher_14534.log	14534	fisher	2026-08-30	models/cl_safe_push_pointL14tosafe_push_pointL1_by_const_d25to25_vanilla_c0.1_s903/final	25	by_const	fisher/p2out_L14toL1_c0.1_onL1_d25_s903.pkl	safe_push_point	1	2000	0.064	0.443	0.968	0.250	0.992	51200	1.098	1.751	0.989	0.799	ours_cf_vb	0.590	0.791
fisher_14534.log	14534	fisher	2026-08-30	models/cl_safe_push_pointL14tosafe_push_pointL1_by_const_d25to25_vanilla_c0.1_s903/final	25	by_const	fisher/p2out_L14toL1_c0.1_onL1_d25_s903.pkl	safe_push_point	1	2000	0.064	0.443	0.968	0.250	0.992	51200	1.098	1.751	0.989	0.799	ours_cf_realvb	0.615	0.813
fisher_14578.log	14578	fisher	2026-08-30	models/cl_safe_push_pointL11tosafe_push_pointL14_by_const_d25to25_vanilla_c10_s902/final	25	by_const	fisher/p2out_L11toL14_c10_onL14_d25_s902.pkl	safe_push_point	14	2000	0.035	0.139	0.964	0.250	0.993	51200	0.926	1.469	0.994	0.837	vanilla	0.550	0.755
fisher_14578.log	14578	fisher	2026-08-30	models/cl_safe_push_pointL11tosafe_push_pointL14_by_const_d25to25_vanilla_c10_s902/final	25	by_const	fisher/p2out_L11toL14_c10_onL14_d25_s902.pkl	safe_push_point	14	2000	0.035	0.139	0.964	0.250	0.993	51200	0.926	1.469	0.994	0.837	ours_cf	0.536	0.748
fisher_14578.log	14578	fisher	2026-08-30	models/cl_safe_push_pointL11tosafe_push_pointL14_by_const_d25to25_vanilla_c10_s902/final	25	by_const	fisher/p2out_L11toL14_c10_onL14_d25_s902.pkl	safe_push_point	14	2000	0.035	0.139	0.964	0.250	0.993	51200	0.926	1.469	0.994	0.837	reward	0.547	0.752
fisher_14578.log	14578	fisher	2026-08-30	models/cl_safe_push_pointL11tosafe_push_pointL14_by_const_d25to25_vanilla_c10_s902/final	25	by_const	fisher/p2out_L11toL14_c10_onL14_d25_s902.pkl	safe_push_point	14	2000	0.035	0.139	0.964	0.250	0.993	51200	0.926	1.469	0.994	0.837	coursey_cf	0.549	0.755
fisher_14578.log	14578	fisher	2026-08-30	models/cl_safe_push_pointL11tosafe_push_pointL14_by_const_d25to25_vanilla_c10_s902/final	25	by_const	fisher/p2out_L11toL14_c10_onL14_d25_s902.pkl	safe_push_point	14	2000	0.035	0.139	0.964	0.250	0.993	51200	0.926	1.469	0.994	0.837	ours_cf_vb	0.537	0.749
fisher_14578.log	14578	fisher	2026-08-30	models/cl_safe_push_pointL11tosafe_push_pointL14_by_const_d25to25_vanilla_c10_s902/final	25	by_const	fisher/p2out_L11toL14_c10_onL14_d25_s902.pkl	safe_push_point	14	2000	0.035	0.139	0.964	0.250	0.993	51200	0.926	1.469	0.994	0.837	ours_cf_realvb	0.544	0.755
fisher_14579.log	14579	fisher	2026-08-30	models/cl_safe_push_pointL14tosafe_push_pointL1_by_const_d25to25_vanilla_c0.1_s901/final	25	by_const	fisher/p2out_L14toL1_c0.1_onL1_d25_s901.pkl	safe_push_point	1	2000	0.069	0.365	0.965	0.250	0.991	51200	1.054	1.908	0.991	0.763	vanilla	0.455	0.734
fisher_14579.log	14579	fisher	2026-08-30	models/cl_safe_push_pointL14tosafe_push_pointL1_by_const_d25to25_vanilla_c0.1_s901/final	25	by_const	fisher/p2out_L14toL1_c0.1_onL1_d25_s901.pkl	safe_push_point	1	2000	0.069	0.365	0.965	0.250	0.991	51200	1.054	1.908	0.991	0.763	ours_cf	0.377	0.670
fisher_14579.log	14579	fisher	2026-08-30	models/cl_safe_push_pointL14tosafe_push_pointL1_by_const_d25to25_vanilla_c0.1_s901/final	25	by_const	fisher/p2out_L14toL1_c0.1_onL1_d25_s901.pkl	safe_push_point	1	2000	0.069	0.365	0.965	0.250	0.991	51200	1.054	1.908	0.991	0.763	reward	0.448	0.724
fisher_14579.log	14579	fisher	2026-08-30	models/cl_safe_push_pointL14tosafe_push_pointL1_by_const_d25to25_vanilla_c0.1_s901/final	25	by_const	fisher/p2out_L14toL1_c0.1_onL1_d25_s901.pkl	safe_push_point	1	2000	0.069	0.365	0.965	0.250	0.991	51200	1.054	1.908	0.991	0.763	coursey_cf	0.455	0.734
fisher_14579.log	14579	fisher	2026-08-30	models/cl_safe_push_pointL14tosafe_push_pointL1_by_const_d25to25_vanilla_c0.1_s901/final	25	by_const	fisher/p2out_L14toL1_c0.1_onL1_d25_s901.pkl	safe_push_point	1	2000	0.069	0.365	0.965	0.250	0.991	51200	1.054	1.908	0.991	0.763	ours_cf_vb	0.380	0.671
fisher_14579.log	14579	fisher	2026-08-30	models/cl_safe_push_pointL14tosafe_push_pointL1_by_const_d25to25_vanilla_c0.1_s901/final	25	by_const	fisher/p2out_L14toL1_c0.1_onL1_d25_s901.pkl	safe_push_point	1	2000	0.069	0.365	0.965	0.250	0.991	51200	1.054	1.908	0.991	0.763	ours_cf_realvb	0.414	0.696
fisher_14580.log	14580	fisher	2026-08-30	models/cl_safe_push_pointL14tosafe_push_pointL1_by_const_d25to25_vanilla_c0.1_s902/final	25	by_const	fisher/p2out_L14toL1_c0.1_onL1_d25_s902.pkl	safe_push_point	1	2000	0.047	0.386	0.970	0.250	0.992	51200	1.164	1.678	0.998	0.885	vanilla	0.618	0.826
fisher_14580.log	14580	fisher	2026-08-30	models/cl_safe_push_pointL14tosafe_push_pointL1_by_const_d25to25_vanilla_c0.1_s902/final	25	by_const	fisher/p2out_L14toL1_c0.1_onL1_d25_s902.pkl	safe_push_point	1	2000	0.047	0.386	0.970	0.250	0.992	51200	1.164	1.678	0.998	0.885	ours_cf	0.592	0.797
fisher_14580.log	14580	fisher	2026-08-30	models/cl_safe_push_pointL14tosafe_push_pointL1_by_const_d25to25_vanilla_c0.1_s902/final	25	by_const	fisher/p2out_L14toL1_c0.1_onL1_d25_s902.pkl	safe_push_point	1	2000	0.047	0.386	0.970	0.250	0.992	51200	1.164	1.678	0.998	0.885	reward	0.605	0.813
fisher_14580.log	14580	fisher	2026-08-30	models/cl_safe_push_pointL14tosafe_push_pointL1_by_const_d25to25_vanilla_c0.1_s902/final	25	by_const	fisher/p2out_L14toL1_c0.1_onL1_d25_s902.pkl	safe_push_point	1	2000	0.047	0.386	0.970	0.250	0.992	51200	1.164	1.678	0.998	0.885	coursey_cf	0.617	0.825
fisher_14580.log	14580	fisher	2026-08-30	models/cl_safe_push_pointL14tosafe_push_pointL1_by_const_d25to25_vanilla_c0.1_s902/final	25	by_const	fisher/p2out_L14toL1_c0.1_onL1_d25_s902.pkl	safe_push_point	1	2000	0.047	0.386	0.970	0.250	0.992	51200	1.164	1.678	0.998	0.885	ours_cf_vb	0.594	0.800
fisher_14580.log	14580	fisher	2026-08-30	models/cl_safe_push_pointL14tosafe_push_pointL1_by_const_d25to25_vanilla_c0.1_s902/final	25	by_const	fisher/p2out_L14toL1_c0.1_onL1_d25_s902.pkl	safe_push_point	1	2000	0.047	0.386	0.970	0.250	0.992	51200	1.164	1.678	0.998	0.885	ours_cf_realvb	0.608	0.812
fisher_16327.log	16327	fisher	2026-08-30	models/cl_safe_push_pointL14tosafe_push_pointL14_by_const_d25to5_vanilla_c0.01_s901/final	5	by_const	fisher/p2out_thresh_d25to5_c0.01_onD5_s901.pkl	safe_push_point	14	2000	0.017	0.060	0.991	0.250	0.998	51200	0.740	0.664	0.986	0.740	vanilla	0.310	0.575
fisher_16327.log	16327	fisher	2026-08-30	models/cl_safe_push_pointL14tosafe_push_pointL14_by_const_d25to5_vanilla_c0.01_s901/final	5	by_const	fisher/p2out_thresh_d25to5_c0.01_onD5_s901.pkl	safe_push_point	14	2000	0.017	0.060	0.991	0.250	0.998	51200	0.740	0.664	0.986	0.740	ours_cf	0.311	0.597
fisher_16327.log	16327	fisher	2026-08-30	models/cl_safe_push_pointL14tosafe_push_pointL14_by_const_d25to5_vanilla_c0.01_s901/final	5	by_const	fisher/p2out_thresh_d25to5_c0.01_onD5_s901.pkl	safe_push_point	14	2000	0.017	0.060	0.991	0.250	0.998	51200	0.740	0.664	0.986	0.740	reward	0.302	0.567
fisher_16327.log	16327	fisher	2026-08-30	models/cl_safe_push_pointL14tosafe_push_pointL14_by_const_d25to5_vanilla_c0.01_s901/final	5	by_const	fisher/p2out_thresh_d25to5_c0.01_onD5_s901.pkl	safe_push_point	14	2000	0.017	0.060	0.991	0.250	0.998	51200	0.740	0.664	0.986	0.740	coursey_cf	0.310	0.575
fisher_16327.log	16327	fisher	2026-08-30	models/cl_safe_push_pointL14tosafe_push_pointL14_by_const_d25to5_vanilla_c0.01_s901/final	5	by_const	fisher/p2out_thresh_d25to5_c0.01_onD5_s901.pkl	safe_push_point	14	2000	0.017	0.060	0.991	0.250	0.998	51200	0.740	0.664	0.986	0.740	ours_cf_vb	0.312	0.598
fisher_16327.log	16327	fisher	2026-08-30	models/cl_safe_push_pointL14tosafe_push_pointL14_by_const_d25to5_vanilla_c0.01_s901/final	5	by_const	fisher/p2out_thresh_d25to5_c0.01_onD5_s901.pkl	safe_push_point	14	2000	0.017	0.060	0.991	0.250	0.998	51200	0.740	0.664	0.986	0.740	ours_cf_realvb	0.318	0.597
fisher_16329.log	16329	fisher	2026-08-30	models/cl_safe_push_pointL14tosafe_push_pointL14_by_const_d25to5_vanilla_c0.01_s902/final	5	by_const	fisher/p2out_thresh_d25to5_c0.01_onD5_s902.pkl	safe_push_point	14	2000	0.084	0.105	0.990	0.250	0.999	51200	0.829	0.675	0.950	0.659	vanilla	0.335	0.605
fisher_16329.log	16329	fisher	2026-08-30	models/cl_safe_push_pointL14tosafe_push_pointL14_by_const_d25to5_vanilla_c0.01_s902/final	5	by_const	fisher/p2out_thresh_d25to5_c0.01_onD5_s902.pkl	safe_push_point	14	2000	0.084	0.105	0.990	0.250	0.999	51200	0.829	0.675	0.950	0.659	ours_cf	0.271	0.588
fisher_16329.log	16329	fisher	2026-08-30	models/cl_safe_push_pointL14tosafe_push_pointL14_by_const_d25to5_vanilla_c0.01_s902/final	5	by_const	fisher/p2out_thresh_d25to5_c0.01_onD5_s902.pkl	safe_push_point	14	2000	0.084	0.105	0.990	0.250	0.999	51200	0.829	0.675	0.950	0.659	reward	0.327	0.602
fisher_16329.log	16329	fisher	2026-08-30	models/cl_safe_push_pointL14tosafe_push_pointL14_by_const_d25to5_vanilla_c0.01_s902/final	5	by_const	fisher/p2out_thresh_d25to5_c0.01_onD5_s902.pkl	safe_push_point	14	2000	0.084	0.105	0.990	0.250	0.999	51200	0.829	0.675	0.950	0.659	coursey_cf	0.335	0.605
fisher_16329.log	16329	fisher	2026-08-30	models/cl_safe_push_pointL14tosafe_push_pointL14_by_const_d25to5_vanilla_c0.01_s902/final	5	by_const	fisher/p2out_thresh_d25to5_c0.01_onD5_s902.pkl	safe_push_point	14	2000	0.084	0.105	0.990	0.250	0.999	51200	0.829	0.675	0.950	0.659	ours_cf_vb	0.272	0.584
fisher_16329.log	16329	fisher	2026-08-30	models/cl_safe_push_pointL14tosafe_push_pointL14_by_const_d25to5_vanilla_c0.01_s902/final	5	by_const	fisher/p2out_thresh_d25to5_c0.01_onD5_s902.pkl	safe_push_point	14	2000	0.084	0.105	0.990	0.250	0.999	51200	0.829	0.675	0.950	0.659	ours_cf_realvb	0.274	0.583
fisher_16331.log	16331	fisher	2026-08-30	models/cl_safe_push_pointL14tosafe_push_pointL14_by_const_d25to5_vanilla_c0.01_s903/final	5	by_const	fisher/p2out_thresh_d25to5_c0.01_onD5_s903.pkl	safe_push_point	14	2000	0.043	0.037	0.991	0.250	0.998	51200	0.882	0.764	0.983	0.734	vanilla	0.380	0.636
fisher_16331.log	16331	fisher	2026-08-30	models/cl_safe_push_pointL14tosafe_push_pointL14_by_const_d25to5_vanilla_c0.01_s903/final	5	by_const	fisher/p2out_thresh_d25to5_c0.01_onD5_s903.pkl	safe_push_point	14	2000	0.043	0.037	0.991	0.250	0.998	51200	0.882	0.764	0.983	0.734	ours_cf	0.325	0.609
fisher_16331.log	16331	fisher	2026-08-30	models/cl_safe_push_pointL14tosafe_push_pointL14_by_const_d25to5_vanilla_c0.01_s903/final	5	by_const	fisher/p2out_thresh_d25to5_c0.01_onD5_s903.pkl	safe_push_point	14	2000	0.043	0.037	0.991	0.250	0.998	51200	0.882	0.764	0.983	0.734	reward	0.378	0.629
fisher_16331.log	16331	fisher	2026-08-30	models/cl_safe_push_pointL14tosafe_push_pointL14_by_const_d25to5_vanilla_c0.01_s903/final	5	by_const	fisher/p2out_thresh_d25to5_c0.01_onD5_s903.pkl	safe_push_point	14	2000	0.043	0.037	0.991	0.250	0.998	51200	0.882	0.764	0.983	0.734	coursey_cf	0.380	0.636
fisher_16331.log	16331	fisher	2026-08-30	models/cl_safe_push_pointL14tosafe_push_pointL14_by_const_d25to5_vanilla_c0.01_s903/final	5	by_const	fisher/p2out_thresh_d25to5_c0.01_onD5_s903.pkl	safe_push_point	14	2000	0.043	0.037	0.991	0.250	0.998	51200	0.882	0.764	0.983	0.734	ours_cf_vb	0.330	0.610
fisher_16331.log	16331	fisher	2026-08-30	models/cl_safe_push_pointL14tosafe_push_pointL14_by_const_d25to5_vanilla_c0.01_s903/final	5	by_const	fisher/p2out_thresh_d25to5_c0.01_onD5_s903.pkl	safe_push_point	14	2000	0.043	0.037	0.991	0.250	0.998	51200	0.882	0.764	0.983	0.734	ours_cf_realvb	0.328	0.609
fisher_17505.log	17505	fisher	2026-08-31	models/diag_safe_push_point_L11_p3o_budget_nosink_by_const_lr1e3ent_d25_s901/anchor	25	by_const	fisher/L11_d25_rv_s901.pkl	safe_push_point	11	2000	0.041		0.958	0.250	0.992	51200	0.816	1.752	0.978	0.750	vanilla	0.569	0.770
fisher_17505.log	17505	fisher	2026-08-31	models/diag_safe_push_point_L11_p3o_budget_nosink_by_const_lr1e3ent_d25_s901/anchor	25	by_const	fisher/L11_d25_rv_s901.pkl	safe_push_point	11	2000	0.041		0.958	0.250	0.992	51200	0.816	1.752	0.978	0.750	ours_cf	0.534	0.759
fisher_17505.log	17505	fisher	2026-08-31	models/diag_safe_push_point_L11_p3o_budget_nosink_by_const_lr1e3ent_d25_s901/anchor	25	by_const	fisher/L11_d25_rv_s901.pkl	safe_push_point	11	2000	0.041		0.958	0.250	0.992	51200	0.816	1.752	0.978	0.750	reward	0.559	0.771
fisher_17505.log	17505	fisher	2026-08-31	models/diag_safe_push_point_L11_p3o_budget_nosink_by_const_lr1e3ent_d25_s901/anchor	25	by_const	fisher/L11_d25_rv_s901.pkl	safe_push_point	11	2000	0.041		0.958	0.250	0.992	51200	0.816	1.752	0.978	0.750	coursey_cf	0.569	0.770
fisher_17505.log	17505	fisher	2026-08-31	models/diag_safe_push_point_L11_p3o_budget_nosink_by_const_lr1e3ent_d25_s901/anchor	25	by_const	fisher/L11_d25_rv_s901.pkl	safe_push_point	11	2000	0.041		0.958	0.250	0.992	51200	0.816	1.752	0.978	0.750	ours_cf_vb	0.537	0.762
fisher_17506.log	17506	fisher	2026-08-31	models/diag_safe_push_point_L11_p3o_budget_nosink_by_const_lr1e3ent_d25_s902/anchor	25	by_const	fisher/L11_d25_rv_s902.pkl	safe_push_point	11	2000	0.055		0.947	0.231	0.991	51200	0.975	1.899	0.991	0.794	vanilla	0.573	0.778
fisher_17506.log	17506	fisher	2026-08-31	models/diag_safe_push_point_L11_p3o_budget_nosink_by_const_lr1e3ent_d25_s902/anchor	25	by_const	fisher/L11_d25_rv_s902.pkl	safe_push_point	11	2000	0.055		0.947	0.231	0.991	51200	0.975	1.899	0.991	0.794	ours_cf	0.507	0.742
fisher_17506.log	17506	fisher	2026-08-31	models/diag_safe_push_point_L11_p3o_budget_nosink_by_const_lr1e3ent_d25_s902/anchor	25	by_const	fisher/L11_d25_rv_s902.pkl	safe_push_point	11	2000	0.055		0.947	0.231	0.991	51200	0.975	1.899	0.991	0.794	reward	0.562	0.772
fisher_17506.log	17506	fisher	2026-08-31	models/diag_safe_push_point_L11_p3o_budget_nosink_by_const_lr1e3ent_d25_s902/anchor	25	by_const	fisher/L11_d25_rv_s902.pkl	safe_push_point	11	2000	0.055		0.947	0.231	0.991	51200	0.975	1.899	0.991	0.794	coursey_cf	0.572	0.778
fisher_17506.log	17506	fisher	2026-08-31	models/diag_safe_push_point_L11_p3o_budget_nosink_by_const_lr1e3ent_d25_s902/anchor	25	by_const	fisher/L11_d25_rv_s902.pkl	safe_push_point	11	2000	0.055		0.947	0.231	0.991	51200	0.975	1.899	0.991	0.794	ours_cf_vb	0.511	0.744
fisher_17507.log	17507	fisher	2026-08-31	models/diag_safe_push_point_L11_p3o_budget_nosink_by_const_lr1e3ent_d25_s903/anchor	25	by_const	fisher/L11_d25_rv_s903.pkl	safe_push_point	11	2000	0.062		0.953	0.250	0.991	51200	0.917	1.437	0.986	0.856	vanilla	0.612	0.791
fisher_17507.log	17507	fisher	2026-08-31	models/diag_safe_push_point_L11_p3o_budget_nosink_by_const_lr1e3ent_d25_s903/anchor	25	by_const	fisher/L11_d25_rv_s903.pkl	safe_push_point	11	2000	0.062		0.953	0.250	0.991	51200	0.917	1.437	0.986	0.856	ours_cf	0.592	0.772
fisher_17507.log	17507	fisher	2026-08-31	models/diag_safe_push_point_L11_p3o_budget_nosink_by_const_lr1e3ent_d25_s903/anchor	25	by_const	fisher/L11_d25_rv_s903.pkl	safe_push_point	11	2000	0.062		0.953	0.250	0.991	51200	0.917	1.437	0.986	0.856	reward	0.618	0.795
fisher_17507.log	17507	fisher	2026-08-31	models/diag_safe_push_point_L11_p3o_budget_nosink_by_const_lr1e3ent_d25_s903/anchor	25	by_const	fisher/L11_d25_rv_s903.pkl	safe_push_point	11	2000	0.062		0.953	0.250	0.991	51200	0.917	1.437	0.986	0.856	coursey_cf	0.612	0.790
fisher_17507.log	17507	fisher	2026-08-31	models/diag_safe_push_point_L11_p3o_budget_nosink_by_const_lr1e3ent_d25_s903/anchor	25	by_const	fisher/L11_d25_rv_s903.pkl	safe_push_point	11	2000	0.062		0.953	0.250	0.991	51200	0.917	1.437	0.986	0.856	ours_cf_vb	0.596	0.775
fisher_17530.log	17530	fisher	2026-08-31	models/cl_safe_push_pointL14tosafe_push_pointL14_by_const_d15to25_vanilla_c0.1_s901/final	25	by_const	fisher/p2out_thresh_d15to25_c0.1_onD25_s901.pkl	safe_push_point	14	2000	0.017	0.092	0.959	0.250	0.992	51200	0.843	1.444	0.995	0.847	vanilla	0.462	0.726
fisher_17530.log	17530	fisher	2026-08-31	models/cl_safe_push_pointL14tosafe_push_pointL14_by_const_d15to25_vanilla_c0.1_s901/final	25	by_const	fisher/p2out_thresh_d15to25_c0.1_onD25_s901.pkl	safe_push_point	14	2000	0.017	0.092	0.959	0.250	0.992	51200	0.843	1.444	0.995	0.847	ours_cf	0.477	0.731
fisher_17530.log	17530	fisher	2026-08-31	models/cl_safe_push_pointL14tosafe_push_pointL14_by_const_d15to25_vanilla_c0.1_s901/final	25	by_const	fisher/p2out_thresh_d15to25_c0.1_onD25_s901.pkl	safe_push_point	14	2000	0.017	0.092	0.959	0.250	0.992	51200	0.843	1.444	0.995	0.847	reward	0.460	0.726
fisher_17530.log	17530	fisher	2026-08-31	models/cl_safe_push_pointL14tosafe_push_pointL14_by_const_d15to25_vanilla_c0.1_s901/final	25	by_const	fisher/p2out_thresh_d15to25_c0.1_onD25_s901.pkl	safe_push_point	14	2000	0.017	0.092	0.959	0.250	0.992	51200	0.843	1.444	0.995	0.847	coursey_cf	0.462	0.726
fisher_17530.log	17530	fisher	2026-08-31	models/cl_safe_push_pointL14tosafe_push_pointL14_by_const_d15to25_vanilla_c0.1_s901/final	25	by_const	fisher/p2out_thresh_d15to25_c0.1_onD25_s901.pkl	safe_push_point	14	2000	0.017	0.092	0.959	0.250	0.992	51200	0.843	1.444	0.995	0.847	ours_cf_vb	0.478	0.731
fisher_17530.log	17530	fisher	2026-08-31	models/cl_safe_push_pointL14tosafe_push_pointL14_by_const_d15to25_vanilla_c0.1_s901/final	25	by_const	fisher/p2out_thresh_d15to25_c0.1_onD25_s901.pkl	safe_push_point	14	2000	0.017	0.092	0.959	0.250	0.992	51200	0.843	1.444	0.995	0.847	ours_cf_realvb	0.483	0.734
fisher_17533.log	17533	fisher	2026-08-31	models/cl_safe_push_pointL14tosafe_push_pointL14_by_const_d15to25_vanilla_c0.1_s902/final	25	by_const	fisher/p2out_thresh_d15to25_c0.1_onD25_s902.pkl	safe_push_point	14	2000	0.046	0.121	0.959	0.250	0.992	51200	0.932	1.552	0.999	0.856	vanilla	0.616	0.794
fisher_17533.log	17533	fisher	2026-08-31	models/cl_safe_push_pointL14tosafe_push_pointL14_by_const_d15to25_vanilla_c0.1_s902/final	25	by_const	fisher/p2out_thresh_d15to25_c0.1_onD25_s902.pkl	safe_push_point	14	2000	0.046	0.121	0.959	0.250	0.992	51200	0.932	1.552	0.999	0.856	ours_cf	0.594	0.777
fisher_17533.log	17533	fisher	2026-08-31	models/cl_safe_push_pointL14tosafe_push_pointL14_by_const_d15to25_vanilla_c0.1_s902/final	25	by_const	fisher/p2out_thresh_d15to25_c0.1_onD25_s902.pkl	safe_push_point	14	2000	0.046	0.121	0.959	0.250	0.992	51200	0.932	1.552	0.999	0.856	reward	0.611	0.791
fisher_17533.log	17533	fisher	2026-08-31	models/cl_safe_push_pointL14tosafe_push_pointL14_by_const_d15to25_vanilla_c0.1_s902/final	25	by_const	fisher/p2out_thresh_d15to25_c0.1_onD25_s902.pkl	safe_push_point	14	2000	0.046	0.121	0.959	0.250	0.992	51200	0.932	1.552	0.999	0.856	coursey_cf	0.616	0.793
fisher_17533.log	17533	fisher	2026-08-31	models/cl_safe_push_pointL14tosafe_push_pointL14_by_const_d15to25_vanilla_c0.1_s902/final	25	by_const	fisher/p2out_thresh_d15to25_c0.1_onD25_s902.pkl	safe_push_point	14	2000	0.046	0.121	0.959	0.250	0.992	51200	0.932	1.552	0.999	0.856	ours_cf_vb	0.595	0.777
fisher_17533.log	17533	fisher	2026-08-31	models/cl_safe_push_pointL14tosafe_push_pointL14_by_const_d15to25_vanilla_c0.1_s902/final	25	by_const	fisher/p2out_thresh_d15to25_c0.1_onD25_s902.pkl	safe_push_point	14	2000	0.046	0.121	0.959	0.250	0.992	51200	0.932	1.552	0.999	0.856	ours_cf_realvb	0.604	0.785
fisher_17536.log	17536	fisher	2026-08-31	models/cl_safe_push_pointL14tosafe_push_pointL14_by_const_d15to25_vanilla_c0.1_s903/final	25	by_const	fisher/p2out_thresh_d15to25_c0.1_onD25_s903.pkl	safe_push_point	14	2000	0.048	0.126	0.958	0.250	0.992	51200	0.923	1.271	0.997	0.864	vanilla	0.551	0.756
fisher_17536.log	17536	fisher	2026-08-31	models/cl_safe_push_pointL14tosafe_push_pointL14_by_const_d15to25_vanilla_c0.1_s903/final	25	by_const	fisher/p2out_thresh_d15to25_c0.1_onD25_s903.pkl	safe_push_point	14	2000	0.048	0.126	0.958	0.250	0.992	51200	0.923	1.271	0.997	0.864	ours_cf	0.531	0.741
fisher_17536.log	17536	fisher	2026-08-31	models/cl_safe_push_pointL14tosafe_push_pointL14_by_const_d15to25_vanilla_c0.1_s903/final	25	by_const	fisher/p2out_thresh_d15to25_c0.1_onD25_s903.pkl	safe_push_point	14	2000	0.048	0.126	0.958	0.250	0.992	51200	0.923	1.271	0.997	0.864	reward	0.546	0.754
fisher_17536.log	17536	fisher	2026-08-31	models/cl_safe_push_pointL14tosafe_push_pointL14_by_const_d15to25_vanilla_c0.1_s903/final	25	by_const	fisher/p2out_thresh_d15to25_c0.1_onD25_s903.pkl	safe_push_point	14	2000	0.048	0.126	0.958	0.250	0.992	51200	0.923	1.271	0.997	0.864	coursey_cf	0.551	0.756
fisher_17536.log	17536	fisher	2026-08-31	models/cl_safe_push_pointL14tosafe_push_pointL14_by_const_d15to25_vanilla_c0.1_s903/final	25	by_const	fisher/p2out_thresh_d15to25_c0.1_onD25_s903.pkl	safe_push_point	14	2000	0.048	0.126	0.958	0.250	0.992	51200	0.923	1.271	0.997	0.864	ours_cf_vb	0.533	0.742
fisher_17536.log	17536	fisher	2026-08-31	models/cl_safe_push_pointL14tosafe_push_pointL14_by_const_d15to25_vanilla_c0.1_s903/final	25	by_const	fisher/p2out_thresh_d15to25_c0.1_onD25_s903.pkl	safe_push_point	14	2000	0.048	0.126	0.958	0.250	0.992	51200	0.923	1.271	0.997	0.864	ours_cf_realvb	0.547	0.751
fisher_6338607.log	6338607	fisher	2026-08-21	models/diag_safe_push_point_L8_p3o_budget_nosink_by_const_lr1e3ent_d25_s904/anchor	25	by_const	fisher/L8_d25_s904.pkl	safe_push_point	8	2000	0.024	0.079	0.967	0.250	0.993	51200	0.863	1.816	0.949	0.675	vanilla	0.497	0.704
fisher_6338607.log	6338607	fisher	2026-08-21	models/diag_safe_push_point_L8_p3o_budget_nosink_by_const_lr1e3ent_d25_s904/anchor	25	by_const	fisher/L8_d25_s904.pkl	safe_push_point	8	2000	0.024	0.079	0.967	0.250	0.993	51200	0.863	1.816	0.949	0.675	ours_cf	0.489	0.732
fisher_6338607.log	6338607	fisher	2026-08-21	models/diag_safe_push_point_L8_p3o_budget_nosink_by_const_lr1e3ent_d25_s904/anchor	25	by_const	fisher/L8_d25_s904.pkl	safe_push_point	8	2000	0.024	0.079	0.967	0.250	0.993	51200	0.863	1.816	0.949	0.675	reward	0.497	0.705
fisher_6338607.log	6338607	fisher	2026-08-21	models/diag_safe_push_point_L8_p3o_budget_nosink_by_const_lr1e3ent_d25_s904/anchor	25	by_const	fisher/L8_d25_s904.pkl	safe_push_point	8	2000	0.024	0.079	0.967	0.250	0.993	51200	0.863	1.816	0.949	0.675	coursey_cf	0.497	0.704
fisher_6338607.log	6338607	fisher	2026-08-21	models/diag_safe_push_point_L8_p3o_budget_nosink_by_const_lr1e3ent_d25_s904/anchor	25	by_const	fisher/L8_d25_s904.pkl	safe_push_point	8	2000	0.024	0.079	0.967	0.250	0.993	51200	0.863	1.816	0.949	0.675	ours_cf_vb	0.486	0.729
fisher_6338607.log	6338607	fisher	2026-08-21	models/diag_safe_push_point_L8_p3o_budget_nosink_by_const_lr1e3ent_d25_s904/anchor	25	by_const	fisher/L8_d25_s904.pkl	safe_push_point	8	2000	0.024	0.079	0.967	0.250	0.993	51200	0.863	1.816	0.949	0.675	ours_cf_realvb	0.496	0.736
fisher_6338608.log	6338608	fisher	2026-08-21	models/diag_safe_push_point_L11_p3o_budget_nosink_by_const_lr1e3ent_d25_s904/anchor	25	by_const	fisher/L11_d25_s904.pkl	safe_push_point	11	2000	0.031	0.128	0.957	0.250	0.992	51200	0.816	1.464	0.987	0.786	vanilla	0.480	0.699
fisher_6338608.log	6338608	fisher	2026-08-21	models/diag_safe_push_point_L11_p3o_budget_nosink_by_const_lr1e3ent_d25_s904/anchor	25	by_const	fisher/L11_d25_s904.pkl	safe_push_point	11	2000	0.031	0.128	0.957	0.250	0.992	51200	0.816	1.464	0.987	0.786	ours_cf	0.450	0.672
fisher_6338608.log	6338608	fisher	2026-08-21	models/diag_safe_push_point_L11_p3o_budget_nosink_by_const_lr1e3ent_d25_s904/anchor	25	by_const	fisher/L11_d25_s904.pkl	safe_push_point	11	2000	0.031	0.128	0.957	0.250	0.992	51200	0.816	1.464	0.987	0.786	reward	0.468	0.692
fisher_6338608.log	6338608	fisher	2026-08-21	models/diag_safe_push_point_L11_p3o_budget_nosink_by_const_lr1e3ent_d25_s904/anchor	25	by_const	fisher/L11_d25_s904.pkl	safe_push_point	11	2000	0.031	0.128	0.957	0.250	0.992	51200	0.816	1.464	0.987	0.786	coursey_cf	0.480	0.699
fisher_6338608.log	6338608	fisher	2026-08-21	models/diag_safe_push_point_L11_p3o_budget_nosink_by_const_lr1e3ent_d25_s904/anchor	25	by_const	fisher/L11_d25_s904.pkl	safe_push_point	11	2000	0.031	0.128	0.957	0.250	0.992	51200	0.816	1.464	0.987	0.786	ours_cf_vb	0.453	0.675
fisher_6338608.log	6338608	fisher	2026-08-21	models/diag_safe_push_point_L11_p3o_budget_nosink_by_const_lr1e3ent_d25_s904/anchor	25	by_const	fisher/L11_d25_s904.pkl	safe_push_point	11	2000	0.031	0.128	0.957	0.250	0.992	51200	0.816	1.464	0.987	0.786	ours_cf_realvb	0.460	0.680
fisher_6338609.log	6338609	fisher	2026-08-21	models/diag_safe_push_point_L8_p3o_budget_nosink_by_const_lr1e3ent_d25_s905/anchor	25	by_const	fisher/L8_d25_s905.pkl	safe_push_point	8	2000	0.044	0.110	0.962	0.250	0.992	51200	1.015	1.574	0.997	0.874	vanilla	0.485	0.739
fisher_6338609.log	6338609	fisher	2026-08-21	models/diag_safe_push_point_L8_p3o_budget_nosink_by_const_lr1e3ent_d25_s905/anchor	25	by_const	fisher/L8_d25_s905.pkl	safe_push_point	8	2000	0.044	0.110	0.962	0.250	0.992	51200	1.015	1.574	0.997	0.874	ours_cf	0.470	0.719
fisher_6338609.log	6338609	fisher	2026-08-21	models/diag_safe_push_point_L8_p3o_budget_nosink_by_const_lr1e3ent_d25_s905/anchor	25	by_const	fisher/L8_d25_s905.pkl	safe_push_point	8	2000	0.044	0.110	0.962	0.250	0.992	51200	1.015	1.574	0.997	0.874	reward	0.477	0.734
fisher_6338609.log	6338609	fisher	2026-08-21	models/diag_safe_push_point_L8_p3o_budget_nosink_by_const_lr1e3ent_d25_s905/anchor	25	by_const	fisher/L8_d25_s905.pkl	safe_push_point	8	2000	0.044	0.110	0.962	0.250	0.992	51200	1.015	1.574	0.997	0.874	coursey_cf	0.485	0.739
fisher_6338609.log	6338609	fisher	2026-08-21	models/diag_safe_push_point_L8_p3o_budget_nosink_by_const_lr1e3ent_d25_s905/anchor	25	by_const	fisher/L8_d25_s905.pkl	safe_push_point	8	2000	0.044	0.110	0.962	0.250	0.992	51200	1.015	1.574	0.997	0.874	ours_cf_vb	0.475	0.722
fisher_6338609.log	6338609	fisher	2026-08-21	models/diag_safe_push_point_L8_p3o_budget_nosink_by_const_lr1e3ent_d25_s905/anchor	25	by_const	fisher/L8_d25_s905.pkl	safe_push_point	8	2000	0.044	0.110	0.962	0.250	0.992	51200	1.015	1.574	0.997	0.874	ours_cf_realvb	0.475	0.724
fisher_6338610.log	6338610	fisher	2026-08-21	models/diag_safe_push_point_L11_p3o_budget_nosink_by_const_lr1e3ent_d25_s905/anchor	25	by_const	fisher/L11_d25_s905.pkl	safe_push_point	11	2000	0.055	0.178	0.949	0.250	0.990	51200	0.989	1.987	0.992	0.743	vanilla	0.505	0.740
fisher_6338610.log	6338610	fisher	2026-08-21	models/diag_safe_push_point_L11_p3o_budget_nosink_by_const_lr1e3ent_d25_s905/anchor	25	by_const	fisher/L11_d25_s905.pkl	safe_push_point	11	2000	0.055	0.178	0.949	0.250	0.990	51200	0.989	1.987	0.992	0.743	ours_cf	0.448	0.705
fisher_6338610.log	6338610	fisher	2026-08-21	models/diag_safe_push_point_L11_p3o_budget_nosink_by_const_lr1e3ent_d25_s905/anchor	25	by_const	fisher/L11_d25_s905.pkl	safe_push_point	11	2000	0.055	0.178	0.949	0.250	0.990	51200	0.989	1.987	0.992	0.743	reward	0.501	0.736
fisher_6338610.log	6338610	fisher	2026-08-21	models/diag_safe_push_point_L11_p3o_budget_nosink_by_const_lr1e3ent_d25_s905/anchor	25	by_const	fisher/L11_d25_s905.pkl	safe_push_point	11	2000	0.055	0.178	0.949	0.250	0.990	51200	0.989	1.987	0.992	0.743	coursey_cf	0.505	0.740
fisher_6338610.log	6338610	fisher	2026-08-21	models/diag_safe_push_point_L11_p3o_budget_nosink_by_const_lr1e3ent_d25_s905/anchor	25	by_const	fisher/L11_d25_s905.pkl	safe_push_point	11	2000	0.055	0.178	0.949	0.250	0.990	51200	0.989	1.987	0.992	0.743	ours_cf_vb	0.452	0.708
fisher_6338610.log	6338610	fisher	2026-08-21	models/diag_safe_push_point_L11_p3o_budget_nosink_by_const_lr1e3ent_d25_s905/anchor	25	by_const	fisher/L11_d25_s905.pkl	safe_push_point	11	2000	0.055	0.178	0.949	0.250	0.990	51200	0.989	1.987	0.992	0.743	ours_cf_realvb	0.458	0.719
fisher_6350311.log	6350311	fisher	2026-08-23	models/diag_safe_push_point_L1_p3o_budget_nosink_by_const_lr1e3ent_d25_s901/anchor	25	by_const	fisher/L1_d25_s901.pkl	safe_push_point	1	2000	0.059	0.347	0.976	0.250	0.992	51200	1.126	2.313	0.997	0.811	vanilla	0.592	0.794
fisher_6350311.log	6350311	fisher	2026-08-23	models/diag_safe_push_point_L1_p3o_budget_nosink_by_const_lr1e3ent_d25_s901/anchor	25	by_const	fisher/L1_d25_s901.pkl	safe_push_point	1	2000	0.059	0.347	0.976	0.250	0.992	51200	1.126	2.313	0.997	0.811	ours_cf	0.511	0.757
fisher_6350311.log	6350311	fisher	2026-08-23	models/diag_safe_push_point_L1_p3o_budget_nosink_by_const_lr1e3ent_d25_s901/anchor	25	by_const	fisher/L1_d25_s901.pkl	safe_push_point	1	2000	0.059	0.347	0.976	0.250	0.992	51200	1.126	2.313	0.997	0.811	reward	0.583	0.790
fisher_6350311.log	6350311	fisher	2026-08-23	models/diag_safe_push_point_L1_p3o_budget_nosink_by_const_lr1e3ent_d25_s901/anchor	25	by_const	fisher/L1_d25_s901.pkl	safe_push_point	1	2000	0.059	0.347	0.976	0.250	0.992	51200	1.126	2.313	0.997	0.811	coursey_cf	0.593	0.794
fisher_6350311.log	6350311	fisher	2026-08-23	models/diag_safe_push_point_L1_p3o_budget_nosink_by_const_lr1e3ent_d25_s901/anchor	25	by_const	fisher/L1_d25_s901.pkl	safe_push_point	1	2000	0.059	0.347	0.976	0.250	0.992	51200	1.126	2.313	0.997	0.811	ours_cf_vb	0.519	0.761
fisher_6350311.log	6350311	fisher	2026-08-23	models/diag_safe_push_point_L1_p3o_budget_nosink_by_const_lr1e3ent_d25_s901/anchor	25	by_const	fisher/L1_d25_s901.pkl	safe_push_point	1	2000	0.059	0.347	0.976	0.250	0.992	51200	1.126	2.313	0.997	0.811	ours_cf_realvb	0.546	0.781
fisher_6350312.log	6350312	fisher	2026-08-23	models/diag_safe_push_point_L1_p3o_budget_nosink_by_const_lr1e3ent_d25_s902/anchor	25	by_const	fisher/L1_d25_s902.pkl	safe_push_point	1	2000	0.106	0.477	0.972	0.250	0.991	51200	1.245	2.109	0.988	0.763	vanilla	0.496	0.755
fisher_6350312.log	6350312	fisher	2026-08-23	models/diag_safe_push_point_L1_p3o_budget_nosink_by_const_lr1e3ent_d25_s902/anchor	25	by_const	fisher/L1_d25_s902.pkl	safe_push_point	1	2000	0.106	0.477	0.972	0.250	0.991	51200	1.245	2.109	0.988	0.763	ours_cf	0.459	0.734
fisher_6350312.log	6350312	fisher	2026-08-23	models/diag_safe_push_point_L1_p3o_budget_nosink_by_const_lr1e3ent_d25_s902/anchor	25	by_const	fisher/L1_d25_s902.pkl	safe_push_point	1	2000	0.106	0.477	0.972	0.250	0.991	51200	1.245	2.109	0.988	0.763	reward	0.488	0.749
fisher_6350312.log	6350312	fisher	2026-08-23	models/diag_safe_push_point_L1_p3o_budget_nosink_by_const_lr1e3ent_d25_s902/anchor	25	by_const	fisher/L1_d25_s902.pkl	safe_push_point	1	2000	0.106	0.477	0.972	0.250	0.991	51200	1.245	2.109	0.988	0.763	coursey_cf	0.496	0.755
fisher_6350312.log	6350312	fisher	2026-08-23	models/diag_safe_push_point_L1_p3o_budget_nosink_by_const_lr1e3ent_d25_s902/anchor	25	by_const	fisher/L1_d25_s902.pkl	safe_push_point	1	2000	0.106	0.477	0.972	0.250	0.991	51200	1.245	2.109	0.988	0.763	ours_cf_vb	0.463	0.734
fisher_6350312.log	6350312	fisher	2026-08-23	models/diag_safe_push_point_L1_p3o_budget_nosink_by_const_lr1e3ent_d25_s902/anchor	25	by_const	fisher/L1_d25_s902.pkl	safe_push_point	1	2000	0.106	0.477	0.972	0.250	0.991	51200	1.245	2.109	0.988	0.763	ours_cf_realvb	0.472	0.742
fisher_6350313.log	6350313	fisher	2026-08-23	models/diag_safe_push_point_L1_p3o_budget_nosink_by_const_lr1e3ent_d25_s903/anchor	25	by_const	fisher/L1_d25_s903.pkl	safe_push_point	1	2000	0.077	0.335	0.969	0.250	0.990	51200	1.218	2.209	0.992	0.794	vanilla	0.576	0.782
fisher_6350313.log	6350313	fisher	2026-08-23	models/diag_safe_push_point_L1_p3o_budget_nosink_by_const_lr1e3ent_d25_s903/anchor	25	by_const	fisher/L1_d25_s903.pkl	safe_push_point	1	2000	0.077	0.335	0.969	0.250	0.990	51200	1.218	2.209	0.992	0.794	ours_cf	0.557	0.783
fisher_6350313.log	6350313	fisher	2026-08-23	models/diag_safe_push_point_L1_p3o_budget_nosink_by_const_lr1e3ent_d25_s903/anchor	25	by_const	fisher/L1_d25_s903.pkl	safe_push_point	1	2000	0.077	0.335	0.969	0.250	0.990	51200	1.218	2.209	0.992	0.794	reward	0.565	0.774
fisher_6350313.log	6350313	fisher	2026-08-23	models/diag_safe_push_point_L1_p3o_budget_nosink_by_const_lr1e3ent_d25_s903/anchor	25	by_const	fisher/L1_d25_s903.pkl	safe_push_point	1	2000	0.077	0.335	0.969	0.250	0.990	51200	1.218	2.209	0.992	0.794	coursey_cf	0.576	0.781
fisher_6350313.log	6350313	fisher	2026-08-23	models/diag_safe_push_point_L1_p3o_budget_nosink_by_const_lr1e3ent_d25_s903/anchor	25	by_const	fisher/L1_d25_s903.pkl	safe_push_point	1	2000	0.077	0.335	0.969	0.250	0.990	51200	1.218	2.209	0.992	0.794	ours_cf_vb	0.560	0.782
fisher_6350313.log	6350313	fisher	2026-08-23	models/diag_safe_push_point_L1_p3o_budget_nosink_by_const_lr1e3ent_d25_s903/anchor	25	by_const	fisher/L1_d25_s903.pkl	safe_push_point	1	2000	0.077	0.335	0.969	0.250	0.990	51200	1.218	2.209	0.992	0.794	ours_cf_realvb	0.561	0.781
fisher_14453.log	14453	fisher	2026-08-30	models/cl_safe_push_pointL11tosafe_push_pointL14_by_const_d25to25_vanilla_c10_s901/final	25	by_const	fisher/p2out_L11toL14_c10_onL14_d25_s901.pkl														FAILED_CUDA_NO_DEVICE		
fisher_14454.log	14454	fisher	2026-08-30	models/cl_safe_push_pointL11tosafe_push_pointL14_by_const_d25to25_vanilla_c10_s902/final	25	by_const	fisher/p2out_L11toL14_c10_onL14_d25_s902.pkl														FAILED_CUDA_NO_DEVICE		
fisher_14455.log	14455	fisher	2026-08-30	models/cl_safe_push_pointL11tosafe_push_pointL14_by_const_d25to25_vanilla_c10_s903/final	25	by_const	fisher/p2out_L11toL14_c10_onL14_d25_s903.pkl														FAILED_CUDA_NO_DEVICE		
fisher_14456.log	14456	fisher	2026-08-30	models/cl_safe_push_pointL14tosafe_push_pointL1_by_const_d25to25_vanilla_c0.1_s901/final	25	by_const	fisher/p2out_L14toL1_c0.1_onL1_d25_s901.pkl														FAILED_CUDA_NO_DEVICE		
fisher_14457.log	14457	fisher	2026-08-30	models/cl_safe_push_pointL14tosafe_push_pointL1_by_const_d25to25_vanilla_c0.1_s902/final	25	by_const	fisher/p2out_L14toL1_c0.1_onL1_d25_s902.pkl														FAILED_CUDA_NO_DEVICE		
fisher_14458.log	14458	fisher	2026-08-30	models/cl_safe_push_pointL14tosafe_push_pointL1_by_const_d25to25_vanilla_c0.1_s903/final	25	by_const	fisher/p2out_L14toL1_c0.1_onL1_d25_s903.pkl														FAILED_CUDA_NO_DEVICE		
fisher_14530.log	14530	fisher	2026-08-30	models/cl_safe_push_pointL11tosafe_push_pointL14_by_const_d25to25_vanilla_c10_s902/final	25	by_const	fisher/p2out_L11toL14_c10_onL14_d25_s902.pkl														FAILED_CUDA_NO_DEVICE		
fisher_14532.log	14532	fisher	2026-08-30	models/cl_safe_push_pointL14tosafe_push_pointL1_by_const_d25to25_vanilla_c0.1_s901/final	25	by_const	fisher/p2out_L14toL1_c0.1_onL1_d25_s901.pkl														FAILED_CUDA_NO_DEVICE		
fisher_14533.log	14533	fisher	2026-08-30	models/cl_safe_push_pointL14tosafe_push_pointL1_by_const_d25to25_vanilla_c0.1_s902/final	25	by_const	fisher/p2out_L14toL1_c0.1_onL1_d25_s902.pkl														FAILED_CUDA_NO_DEVICE		
