log	job_id	array_id	run_index	family	mtime_date	segment_kind	banner	env	level	env_from	level_from	alg	substrate	norm	d	d_from	seed	steps	lr	ent	hptag	variant	coef	alpha	beta	fisher_a	fisher_b	anchor_path	anchor_env	anchor_level	anchor_norm	anchor_hptag	anchor_d	anchor_seed	saved_path	final_reward	final_cost	final_cost_std	flags	retain_reward	retain_cost	retain_cost_std	adapt_reward	adapt_cost	adapt_cost_std	wandb_run_dir	wandb_env	wandb_level	wandb_alg	wandb_seed	job_state	exit_code	walltime	cpu_utilized	mem_utilized	n_lines	empty_file
ckcheck_6294304.log	6294304		1	ckcheck	2026-08-12	legacy_nomark	NEW (post-patch): tuple len=4 cost_value leaves=12																																												COMPLETED	0	00:00:21	00:00:03	0.00 MB (estimated maximum)	35	
cond_test_6244562.log	6244562		1	cond_test	2026-07-31	legacy_nomark	##########################################################																																												COMPLETED	0	00:34:46	00:34:55	1.96 GB	87	
crax_anchor_condition_6124021.log	6124021		1	crax_anchor_condition	2026-07-09	legacy_nomark	"### BUDGET_NORM -> BUDGET_NORM = ""by_threshold"""																																												COMPLETED	0	00:00:05	00:00:01	0.00 MB (estimated maximum)	41	
crax_anchor_condition_6124049.log	6124049		1	crax_anchor_condition	2026-07-09	legacy_nomark	wrapper import OK																																												COMPLETED	0	00:21:30	00:22:28	1.69 GB	120	
crax_anchor_condition_6128430.log	6128430		1	crax_anchor_condition	2026-07-10	legacy_nomark	wrapper import OK																																												COMPLETED	0	00:21:41	00:22:18	1.76 GB	120	
crax_anchor_condition_6129745.log	6129745		1	crax_anchor_condition	2026-07-10	legacy_nomark	wrapper import OK																																												COMPLETED	0	00:19:24	00:20:24	1.72 GB	117	
crax_budget_anchor_6110899.log	6110899		1	crax_budget_anchor	2026-07-09	legacy_nomark	CRAX dir not found																																												FAILED	1	00:00:06	00:00:01	0.00 MB (estimated maximum)	31	
crax_budget_anchor_6110900.log	6110900		1	crax_budget_anchor	2026-07-09	legacy_wandb	Checking that the installation succeeded:	safe_goal_point	1			ppo_pid_budget					0																													run-20260709_050249-safe_goal_point_Level_1_ppo_pid_budget_seed0_20260709_050246_613484	safe_goal_point	1	ppo_pid_budget	0	COMPLETED	0	00:00:40	00:00:18	772.16 MB	38	
crax_budget_anchor_6110900.log	6110900		2	crax_budget_anchor	2026-07-09	legacy_wandb	Checking that the installation succeeded:	safe_goal_point	1			p3o_budget					0																													run-20260709_050258-safe_goal_point_Level_1_p3o_budget_seed0_20260709_050256_665829	safe_goal_point	1	p3o_budget	0	COMPLETED	0	00:00:40	00:00:18	772.16 MB	60	
crax_budget_anchor_6110908.log	6110908		1	crax_budget_anchor	2026-07-09	legacy_wandb	Checking that the installation succeeded:	safe_goal_point	1			ppo_pid_budget					0																													run-20260709_051144-safe_goal_point_Level_1_ppo_pid_budget_seed0_20260709_051141_867889	safe_goal_point	1	ppo_pid_budget	0	COMPLETED	0	00:18:37	00:18:29	2.04 GB	569	
crax_budget_anchor_6110908.log	6110908		2	crax_budget_anchor	2026-07-09	legacy_wandb	Checking that the installation succeeded:	safe_goal_point	1			p3o_budget					0																													run-20260709_052053-safe_goal_point_Level_1_p3o_budget_seed0_20260709_052051_324771	safe_goal_point	1	p3o_budget	0	COMPLETED	0	00:18:37	00:18:29	2.04 GB	1052	
crax_budget_anchor_6110948.log	6110948		1	crax_budget_anchor	2026-07-09	legacy_nomark	CRAX dir not found																																												FAILED	1	00:00:05	00:00:01	0.00 MB (estimated maximum)	31	
crax_budget_anchor_6110950.log	6110950		1	crax_budget_anchor	2026-07-09	legacy_wandb	Checking that the installation succeeded:	safe_goal_point	1			ppo_pid_budget					0																													run-20260709_055755-safe_goal_point_Level_1_ppo_pid_budget_seed0_20260709_055753_328796	safe_goal_point	1	ppo_pid_budget	0	COMPLETED	0	00:40:45	00:40:25	2.05 GB	817	
crax_budget_anchor_6110950.log	6110950		2	crax_budget_anchor	2026-07-09	legacy_wandb	Checking that the installation succeeded:	safe_goal_point	1			p3o_budget					0																													run-20260709_061755-safe_goal_point_Level_1_p3o_budget_seed0_20260709_061753_320447	safe_goal_point	1	p3o_budget	0	COMPLETED	0	00:40:45	00:40:25	2.05 GB	1637	
crax_budget_anchor_6111072.log	6111072		1	crax_budget_anchor	2026-07-09	legacy_wandb	Checking that the installation succeeded:	safe_goal_point	1			ppo_pid					0																													run-20260709_080402-safe_goal_point_Level_1_ppo_pid_seed0_20260709_080359_748292	safe_goal_point	1	ppo_pid	0	COMPLETED	0	00:40:02	00:39:43	2.03 GB	738	
crax_budget_anchor_6111072.log	6111072		2	crax_budget_anchor	2026-07-09	legacy_wandb	Checking that the installation succeeded:	safe_goal_point	1			p3o					0																													run-20260709_082347-safe_goal_point_Level_1_p3o_seed0_20260709_082345_418614	safe_goal_point	1	p3o	0	COMPLETED	0	00:40:02	00:39:43	2.03 GB	1487	
crax_budget_anchor_6111125.log	6111125		1	crax_budget_anchor	2026-07-09	legacy_wandb	Checking that the installation succeeded:	safe_goal_point	1			ppo_pid_budget					0																													run-20260709_090002-safe_goal_point_Level_1_ppo_pid_budget_seed0_20260709_085959_797132	safe_goal_point	1	ppo_pid_budget	0	COMPLETED	0	00:39:55	00:39:37	2.04 GB	737	
crax_budget_anchor_6111125.log	6111125		2	crax_budget_anchor	2026-07-09	legacy_wandb	Checking that the installation succeeded:	safe_goal_point	1			p3o_budget					0																													run-20260709_091915-safe_goal_point_Level_1_p3o_budget_seed0_20260709_091912_906185	safe_goal_point	1	p3o_budget	0	COMPLETED	0	00:39:55	00:39:37	2.04 GB	1487	
crax_budget_anchor_6111208.log	6111208		1	crax_budget_anchor	2026-07-09	legacy_wandb	Checking that the installation succeeded:	safe_goal_point	1			ppo_pid_budget					0																													run-20260709_100716-safe_goal_point_Level_1_ppo_pid_budget_seed0_20260709_100713_993239	safe_goal_point	1	ppo_pid_budget	0	COMPLETED	0	02:56:25	02:56:02	2.03 GB	3050	
crax_budget_anchor_6111208.log	6111208		2	crax_budget_anchor	2026-07-09	legacy_wandb	Checking that the installation succeeded:	safe_goal_point	1			p3o_budget					0																													run-20260709_113308-safe_goal_point_Level_1_p3o_budget_seed0_20260709_113305_266207	safe_goal_point	1	p3o_budget	0	COMPLETED	0	02:56:25	02:56:02	2.03 GB	6474	
crax_budget_anchor_6118340.log	6118340		1	crax_budget_anchor	2026-07-09	legacy_wandb	Checking that the installation succeeded:	safe_goal_point	1			ppo_pid_budget					0																													run-20260709_153635-safe_goal_point_Level_1_ppo_pid_budget_seed0_20260709_153632_461858	safe_goal_point	1	ppo_pid_budget	0	COMPLETED	0	00:42:05	00:41:32	2.05 GB	738	
crax_budget_anchor_6118340.log	6118340		2	crax_budget_anchor	2026-07-09	legacy_wandb	Checking that the installation succeeded:	safe_goal_point	1			p3o_budget					0																													run-20260709_155646-safe_goal_point_Level_1_p3o_budget_seed0_20260709_155644_135679	safe_goal_point	1	p3o_budget	0	COMPLETED	0	00:42:05	00:41:32	2.05 GB	1489	
crax_budget_anchor_6119011.log	6119011		1	crax_budget_anchor	2026-07-09	legacy_wandb	Checking that the installation succeeded:	safe_goal_point	1			ppo_pid_budget					0																													run-20260709_162838-safe_goal_point_Level_1_ppo_pid_budget_seed0_20260709_162835_479287	safe_goal_point	1	ppo_pid_budget	0	COMPLETED	0	00:41:30	00:41:01	2.11 GB	738	
crax_budget_anchor_6119011.log	6119011		2	crax_budget_anchor	2026-07-09	legacy_wandb	Checking that the installation succeeded:	safe_goal_point	1			p3o_budget					0																													run-20260709_164818-safe_goal_point_Level_1_p3o_budget_seed0_20260709_164815_832700	safe_goal_point	1	p3o_budget	0	COMPLETED	0	00:41:30	00:41:01	2.11 GB	1488	
crax_budget_anchor_6134766.log	6134766		1	crax_budget_anchor	2026-07-12	legacy_wandb	Checking that the installation succeeded:	safe_goal_point	1			p3o_budget					0																													run-20260712_064937-safe_goal_point_Level_1_p3o_budget_seed0_20260712_064934_999197	safe_goal_point	1	p3o_budget	0	COMPLETED	0	00:19:21	00:19:06	2.15 GB	1487	
crax_cl_compare_6136715.log	6136715		1	crax_cl_compare	2026-07-12	legacy_wandb	Checking that the installation succeeded:	safe_goal_point	1			p3o_ewc					0											models/anchors/p3o_normalized_d																		run-20260712_210450-safe_goal_point_Level_1_p3o_ewc_seed0_20260712_210448_206427	safe_goal_point	1	p3o_ewc	0	COMPLETED	0	01:02:36	01:03:08	2.17 GB	841	
crax_cl_compare_6136715.log	6136715		2	crax_cl_compare	2026-07-12	legacy_wandb	Checking that the installation succeeded:	safe_goal_point	1			p3o_ewc					0											models/anchors/p3o_normalized_d																		run-20260712_211515-safe_goal_point_Level_1_p3o_ewc_seed0_20260712_211513_961693	safe_goal_point	1	p3o_ewc	0	COMPLETED	0	01:02:36	01:03:08	2.17 GB	841	
crax_cl_compare_6136715.log	6136715		3	crax_cl_compare	2026-07-12	legacy_wandb	Checking that the installation succeeded:	safe_goal_point	1			p3o_ewc					0											models/sink_test/p3o_sink_d25																		run-20260712_212552-safe_goal_point_Level_1_p3o_ewc_seed0_20260712_212549_581612	safe_goal_point	1	p3o_ewc	0	COMPLETED	0	01:02:36	01:03:08	2.17 GB	840	
crax_cl_compare_6136715.log	6136715		4	crax_cl_compare	2026-07-12	legacy_wandb	Checking that the installation succeeded:	safe_goal_point	1			p3o_ewc					0						1.0	1.0	0.0			models/sink_test/p3o_sink_d25																		run-20260712_213612-safe_goal_point_Level_1_p3o_ewc_seed0_20260712_213610_515663	safe_goal_point	1	p3o_ewc	0	COMPLETED	0	01:02:36	01:03:08	2.17 GB	981	
crax_eval_all_6137759.log	6137759		1	crax_eval_all	2026-07-13	legacy_nomark	========================= FULL EVAL (sink-OFF) =========================																																												CANCELLED	0	00:14:48	00:15:29	1.81 GB	78	
crax_eval_all_6137764.log	6137764		1	crax_eval_all	2026-07-13	legacy_nomark	========================= FULL EVAL (sink-OFF) =========================																																												COMPLETED	0	00:25:27	00:26:51	1.84 GB	137	
crax_eval_all_6137804.log	6137804		1	crax_eval_all	2026-07-13	legacy_nomark	========================= FULL EVAL (sink-OFF) =========================																																												CANCELLED	0	00:14:13	00:14:44	1.82 GB	78	
crax_eval_ewc_6137680.log	6137680		1	crax_eval_ewc	2026-07-13	legacy_nomark	########## EVAL EWC MODELS (sink-OFF = true reward/cost) ##########																																												COMPLETED	0	00:00:18	00:00:06	4.00 KB	54	
crax_eval_ewc_6137688.log	6137688		1	crax_eval_ewc	2026-07-13	legacy_nomark	########## EVAL EWC MODELS (sink-OFF = true reward/cost) ##########																																												COMPLETED	0	00:08:34	00:08:56	1.81 GB	74	
crax_ewc_sweep_6137743.log	6137743		1	crax_ewc_sweep	2026-07-13	legacy_nomark	==============																																												FAILED	1	00:00:05	00:00:01	0.00 MB (estimated maximum)	30	
crax_ewc_sweep_6137745.log	6137745		1	crax_ewc_sweep	2026-07-13	legacy_wandb	Checking that the installation succeeded:	safe_goal_point	1			p3o_ewc					0						100.0	1.0	0.0			models/anchors/p3o_normalized_d																		run-20260713_023049-safe_goal_point_Level_1_p3o_ewc_seed0_20260713_023046_797145	safe_goal_point	1	p3o_ewc	0	COMPLETED	0	00:21:47	00:21:12	2.18 GB	840	
crax_ewc_sweep_6137745.log	6137745		2	crax_ewc_sweep	2026-07-13	legacy_wandb	Checking that the installation succeeded:	safe_goal_point	1			p3o_ewc					0						100.0	1.0	0.0			models/sink_test/p3o_sink_d25																		run-20260713_024134-safe_goal_point_Level_1_p3o_ewc_seed0_20260713_024132_157368	safe_goal_point	1	p3o_ewc	0	COMPLETED	0	00:21:47	00:21:12	2.18 GB	865	
crax_ewc_sweep_6137746.log	6137746		1	crax_ewc_sweep	2026-07-13	legacy_wandb	Checking that the installation succeeded:	safe_goal_point	1			p3o_ewc					0						1000.0	1.0	0.0			models/anchors/p3o_normalized_d																		run-20260713_023048-safe_goal_point_Level_1_p3o_ewc_seed0_20260713_023046_010082	safe_goal_point	1	p3o_ewc	0	COMPLETED	0	00:21:42	00:21:15	2.17 GB	840	
crax_ewc_sweep_6137746.log	6137746		2	crax_ewc_sweep	2026-07-13	legacy_wandb	Checking that the installation succeeded:	safe_goal_point	1			p3o_ewc					0						1000.0	1.0	0.0			models/sink_test/p3o_sink_d25																		run-20260713_024134-safe_goal_point_Level_1_p3o_ewc_seed0_20260713_024133_001318	safe_goal_point	1	p3o_ewc	0	COMPLETED	0	00:21:42	00:21:15	2.17 GB	866	
crax_ewc_sweep_6137747.log	6137747		1	crax_ewc_sweep	2026-07-13	legacy_wandb	Checking that the installation succeeded:	safe_goal_point	1			p3o_ewc					0						10000.0	1.0	0.0			models/anchors/p3o_normalized_d																		run-20260713_023110-safe_goal_point_Level_1_p3o_ewc_seed0_20260713_023106_568431	safe_goal_point	1	p3o_ewc	0	COMPLETED	0	00:23:27	00:22:55	2.07 GB	841	
crax_ewc_sweep_6137747.log	6137747		2	crax_ewc_sweep	2026-07-13	legacy_wandb	Checking that the installation succeeded:	safe_goal_point	1			p3o_ewc					0						10000.0	1.0	0.0			models/sink_test/p3o_sink_d25																		run-20260713_024239-safe_goal_point_Level_1_p3o_ewc_seed0_20260713_024237_526463	safe_goal_point	1	p3o_ewc	0	COMPLETED	0	00:23:27	00:22:55	2.07 GB	865	
crax_ewc_sweep_6137788.log	6137788		1	crax_ewc_sweep	2026-07-13	legacy_wandb	Checking that the installation succeeded:	safe_goal_point	1			p3o_ewc					0						1.0	1.0	0.0			models/anchors/p3o_normalized_d																		run-20260713_035536-safe_goal_point_Level_1_p3o_ewc_seed0_20260713_035534_571420	safe_goal_point	1	p3o_ewc	0	CANCELLED	0	00:01:58	00:01:37	2.15 GB	83	
crax_ewc_sweep_6137789.log	6137789		1	crax_ewc_sweep	2026-07-13	legacy_wandb	Checking that the installation succeeded:	safe_goal_point	1			p3o_ewc					0						5.0	1.0	0.0			models/anchors/p3o_normalized_d																		run-20260713_035537-safe_goal_point_Level_1_p3o_ewc_seed0_20260713_035534_597254	safe_goal_point	1	p3o_ewc	0	CANCELLED	0	00:01:50	00:01:34	2.14 GB	83	
crax_ewc_sweep_6137790.log	6137790		1	crax_ewc_sweep	2026-07-13	legacy_wandb	Checking that the installation succeeded:	safe_goal_point	1			p3o_ewc					0						10.0	1.0	0.0			models/anchors/p3o_normalized_d																		run-20260713_035549-safe_goal_point_Level_1_p3o_ewc_seed0_20260713_035547_348589	safe_goal_point	1	p3o_ewc	0	CANCELLED	0	00:01:43	00:01:20	1.51 GB	73	
crax_ewc_sweep_6137791.log	6137791		1	crax_ewc_sweep	2026-07-13	legacy_wandb	Checking that the installation succeeded:	safe_goal_point	1			p3o_ewc					0						30.0	1.0	0.0			models/anchors/p3o_normalized_d																		run-20260713_035550-safe_goal_point_Level_1_p3o_ewc_seed0_20260713_035547_698343	safe_goal_point	1	p3o_ewc	0	CANCELLED	0	00:01:33	00:01:16	1.61 GB	73	
crax_ewc_sweep_6137792.log	6137792		1	crax_ewc_sweep	2026-07-13	legacy_wandb	Checking that the installation succeeded:	safe_goal_point	1			p3o_ewc					0						1.0	1.0	0.0			models/anchors/p3o_normalized_d																		run-20260713_035823-safe_goal_point_Level_1_p3o_ewc_seed0_20260713_035821_530141	safe_goal_point	1	p3o_ewc	0	COMPLETED	0	00:22:14	00:21:55	2.18 GB	840	
crax_ewc_sweep_6137792.log	6137792		2	crax_ewc_sweep	2026-07-13	legacy_wandb	Checking that the installation succeeded:	safe_goal_point	1			p3o_ewc					0						1.0	1.0	0.0			models/sink_test/p3o_sink_d25																		run-20260713_040908-safe_goal_point_Level_1_p3o_ewc_seed0_20260713_040906_358921	safe_goal_point	1	p3o_ewc	0	COMPLETED	0	00:22:14	00:21:55	2.18 GB	865	
crax_ewc_sweep_6137793.log	6137793		1	crax_ewc_sweep	2026-07-13	legacy_wandb	Checking that the installation succeeded:	safe_goal_point	1			p3o_ewc					0						5.0	1.0	0.0			models/anchors/p3o_normalized_d																		run-20260713_035822-safe_goal_point_Level_1_p3o_ewc_seed0_20260713_035820_972734	safe_goal_point	1	p3o_ewc	0	COMPLETED	0	00:22:11	00:22:05	2.17 GB	840	
crax_ewc_sweep_6137793.log	6137793		2	crax_ewc_sweep	2026-07-13	legacy_wandb	Checking that the installation succeeded:	safe_goal_point	1			p3o_ewc					0						5.0	1.0	0.0			models/sink_test/p3o_sink_d25																		run-20260713_040913-safe_goal_point_Level_1_p3o_ewc_seed0_20260713_040911_563986	safe_goal_point	1	p3o_ewc	0	COMPLETED	0	00:22:11	00:22:05	2.17 GB	865	
crax_ewc_sweep_6137794.log	6137794		1	crax_ewc_sweep	2026-07-13	legacy_wandb	Checking that the installation succeeded:	safe_goal_point	1			p3o_ewc					0						10.0	1.0	0.0			models/anchors/p3o_normalized_d																		run-20260713_035835-safe_goal_point_Level_1_p3o_ewc_seed0_20260713_035833_403997	safe_goal_point	1	p3o_ewc	0	COMPLETED	0	00:23:27	00:23:15	2.06 GB	841	
crax_ewc_sweep_6137794.log	6137794		2	crax_ewc_sweep	2026-07-13	legacy_wandb	Checking that the installation succeeded:	safe_goal_point	1			p3o_ewc					0						10.0	1.0	0.0			models/sink_test/p3o_sink_d25																		run-20260713_041001-safe_goal_point_Level_1_p3o_ewc_seed0_20260713_040959_251091	safe_goal_point	1	p3o_ewc	0	COMPLETED	0	00:23:27	00:23:15	2.06 GB	865	
crax_ewc_sweep_6137795.log	6137795		1	crax_ewc_sweep	2026-07-13	legacy_wandb	Checking that the installation succeeded:	safe_goal_point	1			p3o_ewc					0						30.0	1.0	0.0			models/anchors/p3o_normalized_d																		run-20260713_035835-safe_goal_point_Level_1_p3o_ewc_seed0_20260713_035833_402291	safe_goal_point	1	p3o_ewc	0	COMPLETED	0	00:23:23	00:23:16	2.06 GB	841	
crax_ewc_sweep_6137795.log	6137795		2	crax_ewc_sweep	2026-07-13	legacy_wandb	Checking that the installation succeeded:	safe_goal_point	1			p3o_ewc					0						30.0	1.0	0.0			models/sink_test/p3o_sink_d25																		run-20260713_041000-safe_goal_point_Level_1_p3o_ewc_seed0_20260713_040958_788924	safe_goal_point	1	p3o_ewc	0	COMPLETED	0	00:23:23	00:23:16	2.06 GB	865	
crax_scen1_6134683.log	6134683		1	crax_scen1	2026-07-12	legacy_nomark	########## STAGE 1: anchors + naive transfers + Fisher + eval ##########																																												COMPLETED	0	00:00:51	00:00:30	29.05 MB	340	
crax_scen1_6134712.log	6134712		1	crax_scen1	2026-07-12	legacy_wandb	Checking that the installation succeeded:	safe_goal_point	1			p3o_budget					0																													run-20260712_051145-safe_goal_point_Level_1_p3o_budget_seed0_20260712_051143_059666	safe_goal_point	1	p3o_budget	0	FAILED	1	00:03:42	00:03:26	2.14 GB	298	
crax_scen1_6134724.log	6134724		1	crax_scen1	2026-07-12	legacy_wandb	Checking that the installation succeeded:	safe_goal_point	1			p3o_budget					0																													run-20260712_054413-safe_goal_point_Level_1_p3o_budget_seed0_20260712_054411_550582	safe_goal_point	1	p3o_budget	0	FAILED	1	00:07:11	00:06:54	2.14 GB	274	
crax_scen1_6134724.log	6134724		2	crax_scen1	2026-07-12	legacy_wandb	Checking that the installation succeeded:	safe_goal_point	1			p3o_budget					0																													run-20260712_054734-safe_goal_point_Level_1_p3o_budget_seed0_20260712_054733_071585	safe_goal_point	1	p3o_budget	0	FAILED	1	00:07:11	00:06:54	2.14 GB	275	
crax_scen1_6134724.log	6134724		3	crax_scen1	2026-07-12	legacy_wandb	Checking that the installation succeeded:	safe_goal_point	1			p3o_ewc					0											models/scen1/anchor_d5																		run-20260712_055056-safe_goal_point_Level_1_p3o_ewc_seed0_20260712_055054_788574	safe_goal_point	1	p3o_ewc	0	FAILED	1	00:07:11	00:06:54	2.14 GB	61	
crax_scen1_6134739.log	6134739		1	crax_scen1	2026-07-12	legacy_wandb	Checking that the installation succeeded:	safe_goal_point	1			p3o_budget					0																													run-20260712_060450-safe_goal_point_Level_1_p3o_budget_seed0_20260712_060448_486463	safe_goal_point	1	p3o_budget	0	COMPLETED	0	00:32:30	00:33:20	2.16 GB	274	
crax_scen1_6134739.log	6134739		2	crax_scen1	2026-07-12	legacy_wandb	Checking that the installation succeeded:	safe_goal_point	1			p3o_budget					0																													run-20260712_060812-safe_goal_point_Level_1_p3o_budget_seed0_20260712_060810_362392	safe_goal_point	1	p3o_budget	0	COMPLETED	0	00:32:30	00:33:20	2.16 GB	274	
crax_scen1_6134739.log	6134739		3	crax_scen1	2026-07-12	legacy_wandb	Checking that the installation succeeded:	safe_goal_point	1			p3o_ewc					0											models/scen1/anchor_d5																		run-20260712_061132-safe_goal_point_Level_1_p3o_ewc_seed0_20260712_061130_926236	safe_goal_point	1	p3o_ewc	0	COMPLETED	0	00:32:30	00:33:20	2.16 GB	279	
crax_scen1_6134739.log	6134739		4	crax_scen1	2026-07-12	legacy_wandb	Checking that the installation succeeded:	safe_goal_point	1			p3o_ewc					0											models/scen1/anchor_d25																		run-20260712_061443-safe_goal_point_Level_1_p3o_ewc_seed0_20260712_061441_268469	safe_goal_point	1	p3o_ewc	0	COMPLETED	0	00:32:30	00:33:20	2.16 GB	432	
crax_scen1_6134792.log	6134792		1	crax_scen1	2026-07-12	legacy_wandb	Checking that the installation succeeded:	safe_goal_point	1			p3o_budget					0																													run-20260712_071953-safe_goal_point_Level_1_p3o_budget_seed0_20260712_071951_250490	safe_goal_point	1	p3o_budget	0	COMPLETED	0	01:34:09	01:34:31	2.22 GB	1464	
crax_scen1_6134792.log	6134792		2	crax_scen1	2026-07-12	legacy_wandb	Checking that the installation succeeded:	safe_goal_point	1			p3o_budget					0																													run-20260712_073832-safe_goal_point_Level_1_p3o_budget_seed0_20260712_073830_271498	safe_goal_point	1	p3o_budget	0	COMPLETED	0	01:34:09	01:34:31	2.22 GB	1464	
crax_scen1_6134792.log	6134792		3	crax_scen1	2026-07-12	legacy_wandb	Checking that the installation succeeded:	safe_goal_point	1			p3o_ewc					0											models/scen1_seed0/anchor_d5																		run-20260712_075746-safe_goal_point_Level_1_p3o_ewc_seed0_20260712_075744_311142	safe_goal_point	1	p3o_ewc	0	COMPLETED	0	01:34:09	01:34:31	2.22 GB	1467	
crax_scen1_6134792.log	6134792		4	crax_scen1	2026-07-12	legacy_wandb	Checking that the installation succeeded:	safe_goal_point	1			p3o_ewc					0											models/scen1_seed0/anchor_d25																		run-20260712_081624-safe_goal_point_Level_1_p3o_ewc_seed0_20260712_081621_773454	safe_goal_point	1	p3o_ewc	0	COMPLETED	0	01:34:09	01:34:31	2.22 GB	1621	
crax_scen1_6137810.log	6137810		1	crax_scen1	2026-07-13	legacy_wandb	Checking that the installation succeeded:	safe_goal_point	1			p3o_budget					0																													run-20260713_043836-safe_goal_point_Level_1_p3o_budget_seed0_20260713_043834_391764	safe_goal_point	1	p3o_budget	0	COMPLETED	0	01:35:45	01:36:08	2.17 GB	1463	
crax_scen1_6137810.log	6137810		2	crax_scen1	2026-07-13	legacy_wandb	Checking that the installation succeeded:	safe_goal_point	1			p3o_budget					0																													run-20260713_045759-safe_goal_point_Level_1_p3o_budget_seed0_20260713_045756_944381	safe_goal_point	1	p3o_budget	0	COMPLETED	0	01:35:45	01:36:08	2.17 GB	1464	
crax_scen1_6137810.log	6137810		3	crax_scen1	2026-07-13	legacy_wandb	Checking that the installation succeeded:	safe_goal_point	1			p3o_ewc					0											models/scen1_seed0/anchor_d5																		run-20260713_051739-safe_goal_point_Level_1_p3o_ewc_seed0_20260713_051737_084066	safe_goal_point	1	p3o_ewc	0	COMPLETED	0	01:35:45	01:36:08	2.17 GB	1468	
crax_scen1_6137810.log	6137810		4	crax_scen1	2026-07-13	legacy_wandb	Checking that the installation succeeded:	safe_goal_point	1			p3o_ewc					0											models/scen1_seed0/anchor_d25																		run-20260713_053633-safe_goal_point_Level_1_p3o_ewc_seed0_20260713_053631_664992	safe_goal_point	1	p3o_ewc	0	COMPLETED	0	01:35:45	01:36:08	2.17 GB	1621	
crax_scen1_6140614.log	6140614		1	crax_scen1	2026-07-13	legacy_wandb	Checking that the installation succeeded:	safe_goal_point	1			p3o_ewc					0						10000.0	1.0	0.0			models/scen1_seed0/anchor_d5																		run-20260713_134049-safe_goal_point_Level_1_p3o_ewc_seed0_20260713_134046_613153	safe_goal_point	1	p3o_ewc	0	COMPLETED	0	02:18:59	02:19:04	2.18 GB	1469	
crax_scen1_6140614.log	6140614		2	crax_scen1	2026-07-13	legacy_wandb	Checking that the installation succeeded:	safe_goal_point	1			p3o_ewc					0						10000.0	0.0	1.0			models/scen1_seed0/anchor_d5																		run-20260713_135949-safe_goal_point_Level_1_p3o_ewc_seed0_20260713_135946_868828	safe_goal_point	1	p3o_ewc	0	COMPLETED	0	02:18:59	02:19:04	2.18 GB	1468	
crax_scen1_6140614.log	6140614		3	crax_scen1	2026-07-13	legacy_wandb	Checking that the installation succeeded:	safe_goal_point	1			p3o_ewc					0						10000.0	0.5	0.5			models/scen1_seed0/anchor_d5																		run-20260713_141852-safe_goal_point_Level_1_p3o_ewc_seed0_20260713_141850_607260	safe_goal_point	1	p3o_ewc	0	COMPLETED	0	02:18:59	02:19:04	2.18 GB	1468	
crax_scen1_6140614.log	6140614		4	crax_scen1	2026-07-13	legacy_wandb	Checking that the installation succeeded:	safe_goal_point	1			p3o_ewc					0						10000.0	1.0	0.0			models/scen1_seed0/anchor_d25																		run-20260713_143751-safe_goal_point_Level_1_p3o_ewc_seed0_20260713_143748_839072	safe_goal_point	1	p3o_ewc	0	COMPLETED	0	02:18:59	02:19:04	2.18 GB	1469	
crax_scen1_6140614.log	6140614		5	crax_scen1	2026-07-13	legacy_wandb	Checking that the installation succeeded:	safe_goal_point	1			p3o_ewc					0						10000.0	0.0	1.0			models/scen1_seed0/anchor_d25																		run-20260713_145642-safe_goal_point_Level_1_p3o_ewc_seed0_20260713_145639_698547	safe_goal_point	1	p3o_ewc	0	COMPLETED	0	02:18:59	02:19:04	2.18 GB	1469	
crax_scen1_6140614.log	6140614		6	crax_scen1	2026-07-13	legacy_wandb	Checking that the installation succeeded:	safe_goal_point	1			p3o_ewc					0						10000.0	0.5	0.5			models/scen1_seed0/anchor_d25																		run-20260713_151530-safe_goal_point_Level_1_p3o_ewc_seed0_20260713_151527_516916	safe_goal_point	1	p3o_ewc	0	COMPLETED	0	02:18:59	02:19:04	2.18 GB	1625	
crax_scen1_sink_6142106.log	6142106		1	crax_scen1_sink	2026-07-13	legacy_wandb	Checking that the installation succeeded:	safe_goal_point	1			p3o_budget					0																													run-20260713_182738-safe_goal_point_Level_1_p3o_budget_seed0_20260713_182736_259851	safe_goal_point	1	p3o_budget	0	COMPLETED	0	01:34:12	01:33:54	2.22 GB	1463	
crax_scen1_sink_6142106.log	6142106		2	crax_scen1_sink	2026-07-13	legacy_wandb	Checking that the installation succeeded:	safe_goal_point	1			p3o_budget					0																													run-20260713_184650-safe_goal_point_Level_1_p3o_budget_seed0_20260713_184648_297367	safe_goal_point	1	p3o_budget	0	COMPLETED	0	01:34:12	01:33:54	2.22 GB	1464	
crax_scen1_sink_6142106.log	6142106		3	crax_scen1_sink	2026-07-13	legacy_wandb	Checking that the installation succeeded:	safe_goal_point	1			p3o_ewc					0											models/scen1_sink_seed0/anchor_d5																		run-20260713_190536-safe_goal_point_Level_1_p3o_ewc_seed0_20260713_190533_794568	safe_goal_point	1	p3o_ewc	0	COMPLETED	0	01:34:12	01:33:54	2.22 GB	1468	
crax_scen1_sink_6142106.log	6142106		4	crax_scen1_sink	2026-07-13	legacy_wandb	Checking that the installation succeeded:	safe_goal_point	1			p3o_ewc					0											models/scen1_sink_seed0/anchor_d25																		run-20260713_192351-safe_goal_point_Level_1_p3o_ewc_seed0_20260713_192348_910164	safe_goal_point	1	p3o_ewc	0	COMPLETED	0	01:34:12	01:33:54	2.22 GB	1622	
crax_scen1_sink_6142329.log	6142329		1	crax_scen1_sink	2026-07-14	legacy_wandb	Checking that the installation succeeded:	safe_goal_point	1			p3o_ewc					0						10000.0	1.0	0.0			models/scen1_sink_seed0/anchor_d5																		run-20260713_215631-safe_goal_point_Level_1_p3o_ewc_seed0_20260713_215619_848374	safe_goal_point	1	p3o_ewc	0	COMPLETED	0	02:28:41	02:27:24	2.05 GB	1469	
crax_scen1_sink_6142329.log	6142329		2	crax_scen1_sink	2026-07-14	legacy_wandb	Checking that the installation succeeded:	safe_goal_point	1			p3o_ewc					0						10000.0	0.0	1.0			models/scen1_sink_seed0/anchor_d5																		run-20260713_221520-safe_goal_point_Level_1_p3o_ewc_seed0_20260713_221518_301018	safe_goal_point	1	p3o_ewc	0	COMPLETED	0	02:28:41	02:27:24	2.05 GB	1469	
crax_scen1_sink_6142329.log	6142329		3	crax_scen1_sink	2026-07-14	legacy_wandb	Checking that the installation succeeded:	safe_goal_point	1			p3o_ewc					0						10000.0	0.5	0.5			models/scen1_sink_seed0/anchor_d5																		run-20260713_223402-safe_goal_point_Level_1_p3o_ewc_seed0_20260713_223359_750044	safe_goal_point	1	p3o_ewc	0	COMPLETED	0	02:28:41	02:27:24	2.05 GB	1469	
crax_scen1_sink_6142329.log	6142329		4	crax_scen1_sink	2026-07-14	legacy_wandb	Checking that the installation succeeded:	safe_goal_point	1			p3o_ewc					0						10000.0	1.0	0.0			models/scen1_sink_seed0/anchor_d25																		run-20260713_225247-safe_goal_point_Level_1_p3o_ewc_seed0_20260713_225244_940032	safe_goal_point	1	p3o_ewc	0	COMPLETED	0	02:28:41	02:27:24	2.05 GB	1470	
crax_scen1_sink_6142329.log	6142329		5	crax_scen1_sink	2026-07-14	legacy_wandb	Checking that the installation succeeded:	safe_goal_point	1			p3o_ewc					0						10000.0	0.0	1.0			models/scen1_sink_seed0/anchor_d25																		run-20260713_231300-safe_goal_point_Level_1_p3o_ewc_seed0_20260713_231257_703220	safe_goal_point	1	p3o_ewc	0	COMPLETED	0	02:28:41	02:27:24	2.05 GB	1468	
crax_scen1_sink_6142329.log	6142329		6	crax_scen1_sink	2026-07-14	legacy_wandb	Checking that the installation succeeded:	safe_goal_point	1			p3o_ewc					0						10000.0	0.5	0.5			models/scen1_sink_seed0/anchor_d25																		run-20260713_233330-safe_goal_point_Level_1_p3o_ewc_seed0_20260713_233327_619898	safe_goal_point	1	p3o_ewc	0	COMPLETED	0	02:28:41	02:27:24	2.05 GB	1627	
crax_sink_test_6135339.log	6135339		1	crax_sink_test	2026-07-12	legacy_wandb	Checking that the installation succeeded:	safe_goal_point	1			p3o_budget					0																													run-20260712_155626-safe_goal_point_Level_1_p3o_budget_seed0_20260712_155623_378461	safe_goal_point	1	p3o_budget	0	COMPLETED	0	00:23:17	00:23:01	2.15 GB	1517	
crax_sink_test_6135433.log	6135433		1	crax_sink_test	2026-07-12	legacy_wandb	Checking that the installation succeeded:	safe_goal_point	1			p3o_budget					0																													run-20260712_170311-safe_goal_point_Level_1_p3o_budget_seed0_20260712_170308_732499	safe_goal_point	1	p3o_budget	0	COMPLETED	0	00:23:04	00:22:58	2.15 GB	1516	
diag_6237888_4294967294.log	6237888	4294967294	1	diag	2026-07-29	diag	# DIAG  env=safe_goal_point  L2  alg=p3o_budget  substrate=nosink  d=10  seed=110  steps=500e6	safe_goal_point	2			p3o_budget	nosink		10		110	500e6																	models/diag_safe_goal_point_L2_p3o_budget_nosink_d10_s110/anchor	23.87	9.65	7.02	OK (on-bound, variance sane)							run-20260729_043722-safe_goal_point_Level_2_p3o_budget_seed110_20260729_043719_813659	safe_goal_point	2	p3o_budget	110	COMPLETED	0	02:20:37	02:20:12	2.35 GB	6509	
diag_6237889_4294967294.log	6237889	4294967294	1	diag	2026-07-29	diag	# DIAG  env=safe_goal_point  L2  alg=p3o_budget  substrate=nosink  d=15  seed=115  steps=500e6	safe_goal_point	2			p3o_budget	nosink		15		115	500e6																	models/diag_safe_goal_point_L2_p3o_budget_nosink_d15_s115/anchor	24.60	11.87	5.56	OK (on-bound, variance sane)							run-20260729_043722-safe_goal_point_Level_2_p3o_budget_seed115_20260729_043719_706336	safe_goal_point	2	p3o_budget	115	COMPLETED	0	02:21:28	02:21:14	2.34 GB	6509	
diag_6237890_4294967294.log	6237890	4294967294	1	diag	2026-07-29	diag	# DIAG  env=safe_goal_point  L2  alg=p3o_budget  substrate=nosink  d=25  seed=125  steps=500e6	safe_goal_point	2			p3o_budget	nosink		25		125	500e6																	models/diag_safe_goal_point_L2_p3o_budget_nosink_d25_s125/anchor	25.10	31.22	86.20	OVER-BOUND (cost 31.2 > 1.2*d=30.0) ; UNSTABLE (cost_std 86.2 > cost 31.2)							run-20260729_043730-safe_goal_point_Level_2_p3o_budget_seed125_20260729_043728_060478	safe_goal_point	2	p3o_budget	125	COMPLETED	0	02:46:49	02:46:30	2.23 GB	6509	
diag_6237891_4294967294.log	6237891	4294967294	1	diag	2026-07-29	diag	# DIAG  env=safe_goal_point  L2  alg=p3o_budget  substrate=sink  d=10  seed=210  steps=500e6	safe_goal_point	2			p3o_budget	sink		10		210	500e6																	models/diag_safe_goal_point_L2_p3o_budget_sink_d10_s210/anchor	26.93	8.87	13.77	UNSTABLE (cost_std 13.8 > cost 8.9)							run-20260729_043731-safe_goal_point_Level_2_p3o_budget_seed210_20260729_043728_060029	safe_goal_point	2	p3o_budget	210	COMPLETED	0	02:47:14	02:46:56	2.25 GB	6510	
diag_6237892_4294967294.log	6237892	4294967294	1	diag	2026-07-29	diag	# DIAG  env=safe_goal_point  L2  alg=p3o_budget  substrate=sink  d=15  seed=215  steps=500e6	safe_goal_point	2			p3o_budget	sink		15		215	500e6																	models/diag_safe_goal_point_L2_p3o_budget_sink_d15_s215/anchor	27.04	14.71	16.59	UNSTABLE (cost_std 16.6 > cost 14.7)							run-20260729_043730-safe_goal_point_Level_2_p3o_budget_seed215_20260729_043727_533043	safe_goal_point	2	p3o_budget	215	COMPLETED	0	02:47:40	02:47:22	2.23 GB	6509	
diag_6237893_4294967294.log	6237893	4294967294	1	diag	2026-07-29	diag	# DIAG  env=safe_goal_point  L2  alg=p3o_budget  substrate=sink  d=25  seed=225  steps=500e6	safe_goal_point	2			p3o_budget	sink		25		225	500e6																	models/diag_safe_goal_point_L2_p3o_budget_sink_d25_s225/anchor	27.62	23.17	8.51	OK (on-bound, variance sane)							run-20260729_043731-safe_goal_point_Level_2_p3o_budget_seed225_20260729_043728_366131	safe_goal_point	2	p3o_budget	225	COMPLETED	0	02:46:33	02:46:08	2.23 GB	6511	
diag_6237894_4294967294.log	6237894	4294967294	1	diag	2026-07-29	diag	# DIAG  env=safe_push_point  L1  alg=p3o_budget  substrate=nosink  d=10  seed=310  steps=500e6	safe_push_point	1			p3o_budget	nosink		10		310	500e6																	models/diag_safe_push_point_L1_p3o_budget_nosink_d10_s310/anchor	75.71	8.88	8.79	OK (on-bound, variance sane)							run-20260729_043731-safe_push_point_Level_1_p3o_budget_seed310_20260729_043728_275862	safe_push_point	1	p3o_budget	310	COMPLETED	0	06:54:00	06:53:30	2.25 GB	6020	
diag_6237895_4294967294.log	6237895	4294967294	1	diag	2026-07-29	diag	# DIAG  env=safe_push_point  L1  alg=p3o_budget  substrate=nosink  d=15  seed=315  steps=500e6	safe_push_point	1			p3o_budget	nosink		15		315	500e6																	models/diag_safe_push_point_L1_p3o_budget_nosink_d15_s315/anchor	75.16	15.18	12.15	OK (on-bound, variance sane)							run-20260729_043731-safe_push_point_Level_1_p3o_budget_seed315_20260729_043728_404648	safe_push_point	1	p3o_budget	315	COMPLETED	0	06:03:49	06:03:14	2.25 GB	6021	
diag_6237896_4294967294.log	6237896	4294967294	1	diag	2026-07-29	diag	# DIAG  env=safe_push_point  L1  alg=p3o_budget  substrate=nosink  d=25  seed=325  steps=500e6	safe_push_point	1			p3o_budget	nosink		25		325	500e6																	models/diag_safe_push_point_L1_p3o_budget_nosink_d25_s325/anchor	48.70	23.87	13.39	OK (on-bound, variance sane)							run-20260729_065754-safe_push_point_Level_1_p3o_budget_seed325_20260729_065751_748999	safe_push_point	1	p3o_budget	325	COMPLETED	0	03:22:28	03:22:02	2.35 GB	6020	
diag_6237897_4294967294.log	6237897	4294967294	1	diag	2026-07-29	diag	# DIAG  env=safe_push_point  L1  alg=p3o_budget  substrate=sink  d=10  seed=410  steps=500e6	safe_push_point	1			p3o_budget	sink		10		410	500e6																	models/diag_safe_push_point_L1_p3o_budget_sink_d10_s410/anchor	5.09	45.70	213.45	OVER-BOUND (cost 45.7 > 1.2*d=12.0) ; UNSTABLE (cost_std 213.4 > cost 45.7)							run-20260729_065836-safe_push_point_Level_1_p3o_budget_seed410_20260729_065834_773610	safe_push_point	1	p3o_budget	410	COMPLETED	0	03:21:50	03:21:46	2.34 GB	6021	
diag_6237898_4294967294.log	6237898	4294967294	1	diag	2026-07-29	diag	# DIAG  env=safe_push_point  L1  alg=p3o_budget  substrate=sink  d=15  seed=415  steps=500e6	safe_push_point	1			p3o_budget	sink		15		415	500e6																	models/diag_safe_push_point_L1_p3o_budget_sink_d15_s415/anchor	9.56	29.40	130.71	OVER-BOUND (cost 29.4 > 1.2*d=18.0) ; UNSTABLE (cost_std 130.7 > cost 29.4)							run-20260729_072352-safe_push_point_Level_1_p3o_budget_seed415_20260729_072349_730472	safe_push_point	1	p3o_budget	415	COMPLETED	0	04:15:55	04:15:44	2.23 GB	6020	
diag_6237899_4294967294.log	6237899	4294967294	1	diag	2026-07-29	diag	# DIAG  env=safe_push_point  L1  alg=p3o_budget  substrate=sink  d=25  seed=425  steps=500e6	safe_push_point	1			p3o_budget	sink		25		425	500e6																	models/diag_safe_push_point_L1_p3o_budget_sink_d25_s425/anchor	13.20	27.37	8.50	OK (on-bound, variance sane)							run-20260729_072403-safe_push_point_Level_1_p3o_budget_seed425_20260729_072400_981935	safe_push_point	1	p3o_budget	425	COMPLETED	0	04:17:52	04:17:45	2.25 GB	6020	
diag_6239525_4294967294.log	6239525	4294967294	1	diag	2026-07-29	diag	# DIAG  env=safe_goal_point  L2  alg=p3o_budget  substrate=nosink  d=25  seed=501  steps=500e6	safe_goal_point	2			p3o_budget	nosink		25		501	500e6																	models/goal_l2_ep2000/anchor	22.27	21.69	10.35	OK (on-bound, variance sane)							run-20260729_135321-safe_goal_point_Level_2_p3o_budget_seed501_20260729_135319_412016	safe_goal_point	2	p3o_budget	501	COMPLETED	0	02:21:41	02:21:19	2.34 GB	6509	
diag_6239530_4294967294.log	6239530	4294967294	1	diag	2026-07-29	diag	# DIAG  env=safe_push_point  L1  alg=p3o  substrate=nosink  d=25  seed=502  steps=500e6	safe_push_point	1			p3o	nosink		25		502	500e6																												run-20260729_140613-safe_push_point_Level_1_p3o_seed502_20260729_140611_282802	safe_push_point	1	p3o	502	CANCELLED	0	02:25:49	02:25:20	2.35 GB	3005	
diag_6239694_4294967294.log	6239694	4294967294	1	diag	2026-07-29	diag	# DIAG  env=safe_goal_point  L2  alg=p3o_budget  substrate=nosink  d=25  seed=503  steps=500e6	safe_goal_point	2			p3o_budget	nosink		25		503	500e6																												run-20260729_151819-safe_goal_point_Level_2_p3o_budget_seed503_20260729_151817_060127	safe_goal_point	2	p3o_budget	503	CANCELLED	0	01:13:41	01:13:08	2.25 GB	1666	
diag_6239970_4294967294.log	6239970	4294967294	1	diag	2026-07-29	diag	# DIAG  env=safe_push_point  L1  alg=p3o_budget  substrate=nosink  d=25  seed=801  steps=500e6	safe_push_point	1			p3o_budget	nosink		25		801	500e6																	models/diag_safe_push_point_L1_p3o_budget_nosink_d25_s801/anchor	16.62	19.27	19.42	UNSTABLE (cost_std 19.4 > cost 19.3)							run-20260729_162827-safe_push_point_Level_1_p3o_budget_seed801_20260729_162825_446165	safe_push_point	1	p3o_budget	801	COMPLETED	0	03:22:29	03:22:02	2.37 GB	6020	
diag_6239971_4294967294.log	6239971	4294967294	1	diag	2026-07-29	diag	# DIAG  env=safe_push_point  L1  alg=p3o_budget  substrate=nosink  d=25  seed=802  steps=500e6	safe_push_point	1			p3o_budget	nosink		25		802	500e6																	models/diag_safe_push_point_L1_p3o_budget_nosink_d25_s802/anchor	22.55	22.34	17.78	OK (on-bound, variance sane)							run-20260729_162832-safe_push_point_Level_1_p3o_budget_seed802_20260729_162830_012079	safe_push_point	1	p3o_budget	802	COMPLETED	0	04:18:03	04:16:34	2.23 GB	6023	
diag_6239972_4294967294.log	6239972	4294967294	1	diag	2026-07-29	diag	# DIAG  env=safe_push_point  L1  alg=p3o_budget  substrate=nosink  d=25  seed=803  steps=500e6	safe_push_point	1			p3o_budget	nosink		25		803	500e6																	models/diag_safe_push_point_L1_p3o_budget_nosink_d25_s803/anchor	18.91	15.80	17.35	UNSTABLE (cost_std 17.4 > cost 15.8)							run-20260729_163001-safe_push_point_Level_1_p3o_budget_seed803_20260729_162958_909631	safe_push_point	1	p3o_budget	803	COMPLETED	0	04:18:02	04:17:41	2.25 GB	6020	
diag_6239988_4294967294.log	6239988	4294967294	1	diag	2026-07-30	diag	# DIAG  env=safe_push_point  L1  alg=p3o  substrate=nosink  d=25  seed=801  steps=500e6	safe_push_point	1			p3o	nosink		25		801	500e6																	models/diag_safe_push_point_L1_p3o_nosink_d25_s801/anchor				could not parse eval row -- check log							run-20260729_163151-safe_push_point_Level_1_p3o_seed801_20260729_163148_855083	safe_push_point	1	p3o	801	COMPLETED	0	07:32:03	07:30:41	2.22 GB	6078	
diag_6239989_4294967294.log	6239989	4294967294	1	diag	2026-07-29	diag	# DIAG  env=safe_push_point  L1  alg=p3o  substrate=nosink  d=25  seed=802  steps=500e6	safe_push_point	1			p3o	nosink		25		802	500e6																	models/diag_safe_push_point_L1_p3o_nosink_d25_s802/anchor				could not parse eval row -- check log							run-20260729_163202-safe_push_point_Level_1_p3o_seed802_20260729_163200_194228	safe_push_point	1	p3o	802	COMPLETED	0	03:17:07	03:16:34	2.35 GB	6076	
diag_6239990_4294967294.log	6239990	4294967294	1	diag	2026-07-30	diag	# DIAG  env=safe_push_point  L1  alg=p3o  substrate=nosink  d=25  seed=803  steps=500e6	safe_push_point	1			p3o	nosink		25		803	500e6																	models/diag_safe_push_point_L1_p3o_nosink_d25_s803/anchor				could not parse eval row -- check log							run-20260729_222629-safe_push_point_Level_1_p3o_seed803_20260729_222625_959976	safe_push_point	1	p3o	803	COMPLETED	0	04:12:45	04:11:32	2.25 GB	6076	
diag_6240746_4294967294.log	6240746	4294967294	1	diag	2026-07-30	diag	# DIAG  env=safe_push_point  L1  alg=p3o_budget  substrate=nosink  d=10  seed=901  steps=500e6	safe_push_point	1			p3o_budget	nosink		10		901	500e6																	models/diag_safe_push_point_L1_p3o_budget_nosink_d10_s901/anchor	44.34	8.17	23.31	UNSTABLE (cost_std 23.3 > cost 8.2)							run-20260730_031139-safe_push_point_Level_1_p3o_budget_seed901_20260730_031136_838947	safe_push_point	1	p3o_budget	901	COMPLETED	0	03:22:20	03:21:47	2.35 GB	6021	
diag_6240747_4294967294.log	6240747	4294967294	1	diag	2026-07-30	diag	# DIAG  env=safe_push_point  L1  alg=p3o_budget  substrate=nosink  d=15  seed=901  steps=500e6	safe_push_point	1			p3o_budget	nosink		15		901	500e6																	models/diag_safe_push_point_L1_p3o_budget_nosink_d15_s901/anchor	25.20	9.98	9.88	OK (on-bound, variance sane)							run-20260730_031139-safe_push_point_Level_1_p3o_budget_seed901_20260730_031137_356166	safe_push_point	1	p3o_budget	901	COMPLETED	0	03:22:29	03:22:09	2.35 GB	6021	
diag_6240748_4294967294.log	6240748	4294967294	1	diag	2026-07-30	diag	# DIAG  env=safe_push_point  L1  alg=p3o_budget  substrate=nosink  d=25  seed=901  steps=500e6	safe_push_point	1			p3o_budget	nosink		25		901	500e6																	models/diag_safe_push_point_L1_p3o_budget_nosink_d25_s901/anchor	18.21	12.75	13.68	UNSTABLE (cost_std 13.7 > cost 12.8)							run-20260730_031142-safe_push_point_Level_1_p3o_budget_seed901_20260730_031140_084361	safe_push_point	1	p3o_budget	901	COMPLETED	0	04:20:15	04:19:44	2.25 GB	6021	
diag_6240749_4294967294.log	6240749	4294967294	1	diag	2026-07-30	diag	# DIAG  env=safe_push_point  L1  alg=p3o_budget  substrate=nosink  d=10  seed=902  steps=500e6	safe_push_point	1			p3o_budget	nosink		10		902	500e6																	models/diag_safe_push_point_L1_p3o_budget_nosink_d10_s902/anchor	27.36	7.24	8.41	UNSTABLE (cost_std 8.4 > cost 7.2)							run-20260730_031142-safe_push_point_Level_1_p3o_budget_seed902_20260730_031140_052306	safe_push_point	1	p3o_budget	902	COMPLETED	0	04:18:47	04:18:10	2.23 GB	6021	
diag_6240751_4294967294.log	6240751	4294967294	1	diag	2026-07-30	diag	# DIAG  env=safe_push_point  L1  alg=p3o_budget  substrate=nosink  d=15  seed=902  steps=500e6	safe_push_point	1			p3o_budget	nosink		15		902	500e6																	models/diag_safe_push_point_L1_p3o_budget_nosink_d15_s902/anchor	29.17	13.77	11.25	OK (on-bound, variance sane)							run-20260730_031142-safe_push_point_Level_1_p3o_budget_seed902_20260730_031139_164874	safe_push_point	1	p3o_budget	902	COMPLETED	0	04:20:05	04:19:23	2.34 GB	6020	
diag_6240752_4294967294.log	6240752	4294967294	1	diag	2026-07-30	diag	# DIAG  env=safe_push_point  L1  alg=p3o_budget  substrate=nosink  d=25  seed=902  steps=500e6	safe_push_point	1			p3o_budget	nosink		25		902	500e6																	models/diag_safe_push_point_L1_p3o_budget_nosink_d25_s902/anchor	39.25	21.43	21.15	OK (on-bound, variance sane)							run-20260730_031142-safe_push_point_Level_1_p3o_budget_seed902_20260730_031139_396263	safe_push_point	1	p3o_budget	902	COMPLETED	0	06:03:55	06:03:03	2.23 GB	6021	
diag_6240753_4294967294.log	6240753	4294967294	1	diag	2026-07-30	diag	# DIAG  env=safe_push_point  L1  alg=p3o_budget  substrate=nosink  d=10  seed=903  steps=500e6	safe_push_point	1			p3o_budget	nosink		10		903	500e6																	models/diag_safe_push_point_L1_p3o_budget_nosink_d10_s903/anchor	49.11	7.95	7.15	OK (on-bound, variance sane)							run-20260730_031142-safe_push_point_Level_1_p3o_budget_seed903_20260730_031139_547600	safe_push_point	1	p3o_budget	903	COMPLETED	0	07:28:01	07:26:57	2.23 GB	6022	
diag_6240754_4294967294.log	6240754	4294967294	1	diag	2026-07-30	diag	# DIAG  env=safe_push_point  L1  alg=p3o_budget  substrate=nosink  d=15  seed=903  steps=500e6	safe_push_point	1			p3o_budget	nosink		15		903	500e6																	models/diag_safe_push_point_L1_p3o_budget_nosink_d15_s903/anchor	53.91	18.31	20.17	OVER-BOUND (cost 18.3 > 1.2*d=18.0) ; UNSTABLE (cost_std 20.2 > cost 18.3)							run-20260730_063353-safe_push_point_Level_1_p3o_budget_seed903_20260730_063350_178062	safe_push_point	1	p3o_budget	903	COMPLETED	0	03:22:15	03:21:47	2.37 GB	6019	
diag_6240755_4294967294.log	6240755	4294967294	1	diag	2026-07-30	diag	# DIAG  env=safe_push_point  L1  alg=p3o_budget  substrate=nosink  d=25  seed=903  steps=500e6	safe_push_point	1			p3o_budget	nosink		25		903	500e6																	models/diag_safe_push_point_L1_p3o_budget_nosink_d25_s903/anchor	48.53	21.42	14.82	OK (on-bound, variance sane)							run-20260730_063352-safe_push_point_Level_1_p3o_budget_seed903_20260730_063350_421509	safe_push_point	1	p3o_budget	903	COMPLETED	0	03:22:14	03:22:02	2.35 GB	6021	
diag_6242762_4294967294.log	6242762	4294967294	1	diag	2026-07-30	diag	# DIAG  env=safe_push_point  L1  alg=p3o_budget  substrate=nosink  d=25  seed=961  steps=1000e6	safe_push_point	1			p3o_budget	nosink		25		961	1000e6																	models/diag_safe_push_point_L1_p3o_budget_nosink_d25_s961/anchor	69.81	27.92	17.67	OK (on-bound, variance sane)							run-20260730_151222-safe_push_point_Level_1_p3o_budget_seed961_20260730_151219_795425	safe_push_point	1	p3o_budget	961	COMPLETED	0	06:36:09	06:35:17	2.34 GB	11758	
diag_6242763_4294967294.log	6242763	4294967294	1	diag	2026-07-30	diag	# DIAG  env=safe_push_point  L1  alg=p3o_budget  substrate=nosink  d=10  seed=962  steps=1000e6	safe_push_point	1			p3o_budget	nosink		10		962	1000e6																	models/diag_safe_push_point_L1_p3o_budget_nosink_d10_s962/anchor	72.53	16.75	11.05	OVER-BOUND (cost 16.8 > 1.2*d=12.0)							run-20260730_151218-safe_push_point_Level_1_p3o_budget_seed962_20260730_151215_928506	safe_push_point	1	p3o_budget	962	COMPLETED	0	08:24:21	08:23:33	2.25 GB	11756	
diag_6242764_4294967294.log	6242764	4294967294	1	diag	2026-07-31	diag	# DIAG  env=safe_push_point  L2  alg=p3o_budget  substrate=nosink  d=25  seed=951  steps=1000e6	safe_push_point	2			p3o_budget	nosink		25		951	1000e6																	models/diag_safe_push_point_L2_p3o_budget_nosink_d25_s951/anchor	31.69	25.39	14.74	OK (on-bound, variance sane)							run-20260730_174819-safe_push_point_Level_2_p3o_budget_seed951_20260730_174817_248144	safe_push_point	2	p3o_budget	951	COMPLETED	0	08:25:03	08:24:20	2.24 GB	11755	
diag_6242765_4294967294.log	6242765	4294967294	1	diag	2026-07-31	diag	# DIAG  env=safe_push_point  L2  alg=p3o_budget  substrate=nosink  d=25  seed=952  steps=1000e6	safe_push_point	2			p3o_budget	nosink		25		952	1000e6																												run-20260730_174819-safe_push_point_Level_2_p3o_budget_seed952_20260730_174816_533994	safe_push_point	2	p3o_budget	952	CANCELLED	0	08:32:34	08:31:33	2.25 GB	5882	
diag_6243692_4294967294.log	6243692	4294967294	1	diag	2026-07-31	diag	# DIAG  env=safe_push_point  L1  alg=p3o_budget  substrate=nosink  d=3  seed=901  steps=500e6	safe_push_point	1			p3o_budget	nosink		3		901	500e6																												run-20260731_013152-safe_push_point_Level_1_p3o_budget_seed901_20260731_013149_523505	safe_push_point	1	p3o_budget	901	CANCELLED	0	00:02:48	00:02:22	2.32 GB	87	
diag_6243693_4294967294.log	6243693	4294967294	1	diag	2026-07-31	diag	# DIAG  env=safe_push_point  L1  alg=p3o_budget  substrate=nosink  d=5  seed=901  steps=500e6	safe_push_point	1			p3o_budget	nosink		5		901	500e6																												run-20260731_013151-safe_push_point_Level_1_p3o_budget_seed901_20260731_013149_060732	safe_push_point	1	p3o_budget	901	CANCELLED	0	00:03:27	00:03:01	2.33 GB	87	
diag_6243694_4294967294.log	6243694	4294967294	1	diag	2026-07-31	diag	# DIAG  env=safe_push_point  L1  alg=p3o_budget  substrate=nosink  d=7  seed=901  steps=500e6	safe_push_point	1			p3o_budget	nosink		7		901	500e6																												run-20260731_013430-safe_push_point_Level_1_p3o_budget_seed901_20260731_013427_990592	safe_push_point	1	p3o_budget	901	CANCELLED	0	00:00:31	00:00:15	1.06 GB	62	
diag_6243722_4294967294.log	6243722	4294967294	1	diag	2026-07-31	diag	# DIAG  env=safe_push_point  L1  alg=p3o_budget  substrate=nosink  d=5  seed=901  steps=500e6	safe_push_point	1			p3o_budget	nosink		5		901	500e6																	models/diag_safe_push_point_L1_p3o_budget_nosink_d5_s901/anchor	51.01	5.20	4.44	OK (on-bound, variance sane)							run-20260731_020723-safe_push_point_Level_1_p3o_budget_seed901_20260731_020721_192394	safe_push_point	1	p3o_budget	901	COMPLETED	0	03:22:33	03:21:37	2.33 GB	6020	
diag_6243723_4294967294.log	6243723	4294967294	1	diag	2026-07-31	diag	# DIAG  env=safe_push_point  L1  alg=p3o_budget  substrate=nosink  d=5  seed=902  steps=500e6	safe_push_point	1			p3o_budget	nosink		5		902	500e6																	models/diag_safe_push_point_L1_p3o_budget_nosink_d5_s902/anchor	35.65	4.39	6.81	UNSTABLE (cost_std 6.8 > cost 4.4)							run-20260731_020722-safe_push_point_Level_1_p3o_budget_seed902_20260731_020720_245579	safe_push_point	1	p3o_budget	902	COMPLETED	0	03:22:35	03:21:57	2.33 GB	6021	
diag_6243724_4294967294.log	6243724	4294967294	1	diag	2026-07-31	diag	# DIAG  env=safe_push_point  L1  alg=p3o_budget  substrate=nosink  d=5  seed=903  steps=500e6	safe_push_point	1			p3o_budget	nosink		5		903	500e6																	models/diag_safe_push_point_L1_p3o_budget_nosink_d5_s903/anchor	63.82	5.12	5.23	UNSTABLE (cost_std 5.2 > cost 5.1)							run-20260731_020721-safe_push_point_Level_1_p3o_budget_seed903_20260731_020719_455365	safe_push_point	1	p3o_budget	903	COMPLETED	0	04:19:21	04:18:24	2.23 GB	6021	
diag_6243725_4294967294.log	6243725	4294967294	1	diag	2026-07-31	diag	# DIAG  env=safe_push_point  L1  alg=p3o_budget  substrate=nosink  d=5  seed=801  steps=500e6	safe_push_point	1			p3o_budget	nosink		5		801	500e6																	models/diag_safe_push_point_L1_p3o_budget_nosink_d5_s801/anchor	66.80	5.42	4.86	OK (on-bound, variance sane)							run-20260731_020721-safe_push_point_Level_1_p3o_budget_seed801_20260731_020718_561951	safe_push_point	1	p3o_budget	801	COMPLETED	0	05:49:56	05:48:51	2.23 GB	6022	
diag_6243726_4294967294.log	6243726	4294967294	1	diag	2026-07-31	diag	# DIAG  env=safe_push_point  L1  alg=p3o_budget  substrate=nosink  d=5  seed=802  steps=500e6	safe_push_point	1			p3o_budget	nosink		5		802	500e6																	models/diag_safe_push_point_L1_p3o_budget_nosink_d5_s802/anchor	40.18	4.77	6.27	UNSTABLE (cost_std 6.3 > cost 4.8)							run-20260731_021311-safe_push_point_Level_1_p3o_budget_seed802_20260731_021309_118297	safe_push_point	1	p3o_budget	802	COMPLETED	0	04:18:23	04:17:47	2.32 GB	6021	
diag_6243727_4294967294.log	6243727	4294967294	1	diag	2026-07-31	diag	# DIAG  env=safe_push_point  L1  alg=p3o_budget  substrate=nosink  d=10  seed=801  steps=500e6	safe_push_point	1			p3o_budget	nosink		10		801	500e6																												run-20260731_022043-safe_push_point_Level_1_p3o_budget_seed801_20260731_022041_474292	safe_push_point	1	p3o_budget	801	TIMEOUT	0	07:00:24	06:59:24	2.23 GB	4468	
diag_6243728_4294967294.log	6243728	4294967294	1	diag	2026-07-31	diag	# DIAG  env=safe_push_point  L1  alg=p3o_budget  substrate=nosink  d=15  seed=801  steps=500e6	safe_push_point	1			p3o_budget	nosink		15		801	500e6																	models/diag_safe_push_point_L1_p3o_budget_nosink_d15_s801/anchor	34.27	13.20	18.01	UNSTABLE (cost_std 18.0 > cost 13.2)							run-20260731_040642-safe_push_point_Level_1_p3o_budget_seed801_20260731_040639_616349	safe_push_point	1	p3o_budget	801	COMPLETED	0	04:20:36	04:19:43	2.22 GB	6021	
diag_6243729_4294967294.log	6243729	4294967294	1	diag	2026-07-31	diag	# DIAG  env=safe_push_point  L1  alg=p3o_budget  substrate=nosink  d=10  seed=802  steps=500e6	safe_push_point	1			p3o_budget	nosink		10		802	500e6																	models/diag_safe_push_point_L1_p3o_budget_nosink_d10_s802/anchor	19.26	7.17	8.57	UNSTABLE (cost_std 8.6 > cost 7.2)							run-20260731_052953-safe_push_point_Level_1_p3o_budget_seed802_20260731_052950_628389	safe_push_point	1	p3o_budget	802	COMPLETED	0	03:22:31	03:21:47	2.33 GB	6021	
diag_6243730_4294967294.log	6243730	4294967294	1	diag	2026-07-31	diag	# DIAG  env=safe_push_point  L1  alg=p3o_budget  substrate=nosink  d=15  seed=802  steps=500e6	safe_push_point	1			p3o_budget	nosink		15		802	500e6																	models/diag_safe_push_point_L1_p3o_budget_nosink_d15_s802/anchor	69.91	13.24	9.88	OK (on-bound, variance sane)							run-20260731_052952-safe_push_point_Level_1_p3o_budget_seed802_20260731_052950_464416	safe_push_point	1	p3o_budget	802	COMPLETED	0	03:22:33	03:22:01	2.34 GB	6022	
diag_6244673_4294967294.log	6244673	4294967294	1	diag	2026-07-31	diag	# DIAG  env=safe_push_point  L1  alg=p3o_budget  substrate=nosink  d=5  seed=901  steps=500e6	safe_push_point	1			p3o_budget	nosink	by_const	5		901	500e6																	models/diag_safe_push_point_L1_p3o_budget_nosink_by_const_d5_s901/anchor	51.61	3.47	3.98	UNSTABLE (cost_std 4.0 > cost 3.5)							run-20260731_135131-safe_push_point_Level_1_p3o_budget_seed901_20260731_135128_799020	safe_push_point	1	p3o_budget	901	COMPLETED	0	03:22:47	03:22:02	2.34 GB	6022	
diag_6244674_4294967294.log	6244674	4294967294	1	diag	2026-07-31	diag	# DIAG  env=safe_push_point  L1  alg=p3o_budget  substrate=nosink  d=5  seed=902  steps=500e6	safe_push_point	1			p3o_budget	nosink	by_const	5		902	500e6																	models/diag_safe_push_point_L1_p3o_budget_nosink_by_const_d5_s902/anchor	34.07	4.91	5.12	UNSTABLE (cost_std 5.1 > cost 4.9)							run-20260731_135131-safe_push_point_Level_1_p3o_budget_seed902_20260731_135128_757060	safe_push_point	1	p3o_budget	902	COMPLETED	0	03:22:46	03:21:59	2.33 GB	6021	
diag_6244675_4294967294.log	6244675	4294967294	1	diag	2026-07-31	diag	# DIAG  env=safe_push_point  L1  alg=p3o_budget  substrate=nosink  d=5  seed=903  steps=500e6	safe_push_point	1			p3o_budget	nosink	by_const	5		903	500e6																	models/diag_safe_push_point_L1_p3o_budget_nosink_by_const_d5_s903/anchor	71.19	4.04	4.61	UNSTABLE (cost_std 4.6 > cost 4.0)							run-20260731_135139-safe_push_point_Level_1_p3o_budget_seed903_20260731_135134_527523	safe_push_point	1	p3o_budget	903	COMPLETED	0	04:17:45	04:16:52	2.26 GB	6021	
diag_6261649_4294967294.log	6261649	4294967294	1	diag	2026-08-02	diag	# DIAG  env=safe_push_point  L1  alg=p3o_budget  substrate=nosink  d=5  seed=801  steps=500e6	safe_push_point	1			p3o_budget	nosink	by_const	5		801	500e6																	models/diag_safe_push_point_L1_p3o_budget_nosink_by_const_d5_s801/anchor	46.99	3.62	3.37	OK (on-bound, variance sane)							run-20260802_132210-safe_push_point_Level_1_p3o_budget_seed801_20260802_132207_968674	safe_push_point	1	p3o_budget	801	COMPLETED	0	03:22:38	03:21:42	2.33 GB	6021	
diag_6261650_4294967294.log	6261650	4294967294	1	diag	2026-08-02	diag	# DIAG  env=safe_push_point  L1  alg=p3o_budget  substrate=nosink  d=5  seed=802  steps=500e6	safe_push_point	1			p3o_budget	nosink	by_const	5		802	500e6																	models/diag_safe_push_point_L1_p3o_budget_nosink_by_const_d5_s802/anchor	26.81	3.61	4.41	UNSTABLE (cost_std 4.4 > cost 3.6)							run-20260802_132211-safe_push_point_Level_1_p3o_budget_seed802_20260802_132208_457517	safe_push_point	1	p3o_budget	802	COMPLETED	0	03:22:46	03:22:00	2.33 GB	6021	
diag_6261651_4294967294.log	6261651	4294967294	1	diag	2026-08-02	diag	# DIAG  env=safe_push_point  L2  alg=p3o_budget  substrate=nosink  d=25  seed=801  steps=500e6	safe_push_point	2			p3o_budget	nosink	by_const	25		801	500e6																	models/diag_safe_push_point_L2_p3o_budget_nosink_by_const_d25_s801/anchor	20.06	24.57	16.78	OK (on-bound, variance sane)							run-20260802_132230-safe_push_point_Level_2_p3o_budget_seed801_20260802_132224_598426	safe_push_point	2	p3o_budget	801	COMPLETED	0	04:19:46	04:18:43	2.24 GB	6022	
diag_6261652_4294967294.log	6261652	4294967294	1	diag	2026-08-02	diag	# DIAG  env=safe_push_point  L2  alg=p3o_budget  substrate=nosink  d=25  seed=802  steps=500e6	safe_push_point	2			p3o_budget	nosink	by_const	25		802	500e6																	models/diag_safe_push_point_L2_p3o_budget_nosink_by_const_d25_s802/anchor	22.55	27.83	14.43	OK (on-bound, variance sane)							run-20260802_132230-safe_push_point_Level_2_p3o_budget_seed802_20260802_132224_598431	safe_push_point	2	p3o_budget	802	COMPLETED	0	04:18:37	04:17:38	2.34 GB	6021	
diag_6261653_4294967294.log	6261653	4294967294	1	diag	2026-08-02	diag	# DIAG  env=safe_push_point  L2  alg=p3o_budget  substrate=nosink  d=25  seed=901  steps=500e6	safe_push_point	2			p3o_budget	nosink	by_const	25		901	500e6																	models/diag_safe_push_point_L2_p3o_budget_nosink_by_const_d25_s901/anchor	16.56	23.12	16.59	OK (on-bound, variance sane)							run-20260802_132230-safe_push_point_Level_2_p3o_budget_seed901_20260802_132224_598427	safe_push_point	2	p3o_budget	901	COMPLETED	0	06:04:26	06:03:04	2.26 GB	6023	
diag_6261654_4294967294.log	6261654	4294967294	1	diag	2026-08-02	diag	# DIAG  env=safe_push_point  L2  alg=p3o_budget  substrate=nosink  d=25  seed=902  steps=500e6	safe_push_point	2			p3o_budget	nosink	by_const	25		902	500e6																	models/diag_safe_push_point_L2_p3o_budget_nosink_by_const_d25_s902/anchor	22.54	25.68	15.15	OK (on-bound, variance sane)							run-20260802_132230-safe_push_point_Level_2_p3o_budget_seed902_20260802_132224_598426	safe_push_point	2	p3o_budget	902	COMPLETED	0	04:18:07	04:16:57	2.24 GB	6021	
diag_6261655_4294967294.log	6261655	4294967294	1	diag	2026-08-02	diag	# DIAG  env=safe_push_point  L2  alg=p3o_budget  substrate=nosink  d=25  seed=903  steps=500e6	safe_push_point	2			p3o_budget	nosink		25		903	500e6																												run-20260802_132230-safe_push_point_Level_2_p3o_budget_seed903_20260802_132224_598426	safe_push_point	2	p3o_budget	903	TIMEOUT	0	07:00:04	06:58:43	2.24 GB	4468	
diag_6264386_4294967294.log	6264386	4294967294	1	diag	2026-08-03	diag	# DIAG  env=safe_push_point  L2  alg=p3o_budget  substrate=nosink  d=25  seed=903  steps=500e6	safe_push_point	2			p3o_budget	nosink	by_const	25		903	500e6																	models/diag_safe_push_point_L2_p3o_budget_nosink_by_const_d25_s903/anchor	21.64	20.43	13.98	OK (on-bound, variance sane)							run-20260803_004520-safe_push_point_Level_2_p3o_budget_seed903_20260803_004517_822548	safe_push_point	2	p3o_budget	903	COMPLETED	0	03:22:47	03:22:01	2.36 GB	6021	
diag_6266194_4294967294.log	6266194	4294967294	1	diag	2026-08-03	diag	# DIAG  env=safe_push_point  L2  alg=p3o_budget  substrate=nosink  d=5  seed=801  steps=500e6	safe_push_point	2			p3o_budget	nosink	by_const	5		801	500e6																	models/diag_safe_push_point_L2_p3o_budget_nosink_by_const_d5_s801/anchor	26.27	5.47	5.47	OK (on-bound, variance sane)							run-20260803_143947-safe_push_point_Level_2_p3o_budget_seed801_20260803_143944_181691	safe_push_point	2	p3o_budget	801	COMPLETED	0	04:19:46	04:18:49	2.24 GB	6021	
diag_6266195_4294967294.log	6266195	4294967294	1	diag	2026-08-03	diag	# DIAG  env=safe_push_point  L2  alg=p3o_budget  substrate=nosink  d=5  seed=802  steps=500e6	safe_push_point	2			p3o_budget	nosink	by_const	5		802	500e6																	models/diag_safe_push_point_L2_p3o_budget_nosink_by_const_d5_s802/anchor	34.09	4.38	4.66	UNSTABLE (cost_std 4.7 > cost 4.4)							run-20260803_143948-safe_push_point_Level_2_p3o_budget_seed802_20260803_143944_408056	safe_push_point	2	p3o_budget	802	COMPLETED	0	04:18:39	04:17:45	2.24 GB	6021	
diag_6266196_4294967294.log	6266196	4294967294	1	diag	2026-08-03	diag	# DIAG  env=safe_push_point  L2  alg=p3o_budget  substrate=nosink  d=5  seed=901  steps=500e6	safe_push_point	2			p3o_budget	nosink	by_const	5		901	500e6																	models/diag_safe_push_point_L2_p3o_budget_nosink_by_const_d5_s901/anchor	32.78	4.73	8.99	UNSTABLE (cost_std 9.0 > cost 4.7)							run-20260803_143947-safe_push_point_Level_2_p3o_budget_seed901_20260803_143944_180898	safe_push_point	2	p3o_budget	901	COMPLETED	0	06:03:45	06:02:28	2.24 GB	6021	
diag_6266197_4294967294.log	6266197	4294967294	1	diag	2026-08-03	diag	# DIAG  env=safe_push_point  L2  alg=p3o_budget  substrate=nosink  d=5  seed=902  steps=500e6	safe_push_point	2			p3o_budget	nosink	by_const	5		902	500e6																	models/diag_safe_push_point_L2_p3o_budget_nosink_by_const_d5_s902/anchor	20.40	4.79	4.52	OK (on-bound, variance sane)							run-20260803_143948-safe_push_point_Level_2_p3o_budget_seed902_20260803_143943_958822	safe_push_point	2	p3o_budget	902	COMPLETED	0	04:18:03	04:17:02	2.24 GB	6021	
diag_6266198_4294967294.log	6266198	4294967294	1	diag	2026-08-03	diag	# DIAG  env=safe_push_point  L2  alg=p3o_budget  substrate=nosink  d=5  seed=903  steps=500e6	safe_push_point	2			p3o_budget	nosink	by_const	5		903	500e6																	models/diag_safe_push_point_L2_p3o_budget_nosink_by_const_d5_s903/anchor	36.26	4.28	4.57	UNSTABLE (cost_std 4.6 > cost 4.3)							run-20260803_143947-safe_push_point_Level_2_p3o_budget_seed903_20260803_143944_345589	safe_push_point	2	p3o_budget	903	COMPLETED	0	07:09:05	07:07:46	2.24 GB	6021	
diag_6273113_4294967294.log	6273113	4294967294	1	diag	2026-08-05	diag	# DIAG  env=safe_push_point  L1  alg=p3o_budget  substrate=nosink  d=25  seed=901  steps=500e6	safe_push_point	1			p3o_budget	nosink	by_const	25		901	500e6			g995														models/diag_safe_push_point_L1_p3o_budget_nosink_by_const_g995_d25_s901/anchor	11.13	14.69	18.99	UNSTABLE (cost_std 19.0 > cost 14.7)							run-20260805_130552-safe_push_point_Level_1_p3o_budget_seed901_20260805_130549_730966	safe_push_point	1	p3o_budget	901	COMPLETED	0	03:22:52	03:22:06	2.34 GB	6021	
diag_6273114_4294967294.log	6273114	4294967294	1	diag	2026-08-05	diag	# DIAG  env=safe_push_point  L1  alg=p3o_budget  substrate=nosink  d=25  seed=901  steps=500e6	safe_push_point	1			p3o_budget	nosink	by_const	25		901	500e6			g999														models/diag_safe_push_point_L1_p3o_budget_nosink_by_const_g999_d25_s901/anchor	5.92	20.46	31.53	UNSTABLE (cost_std 31.5 > cost 20.5)							run-20260805_130556-safe_push_point_Level_1_p3o_budget_seed901_20260805_130553_011538	safe_push_point	1	p3o_budget	901	COMPLETED	0	04:20:44	04:19:38	2.24 GB	6021	
diag_6273115_4294967294.log	6273115	4294967294	1	diag	2026-08-05	diag	# DIAG  env=safe_push_point  L1  alg=p3o_budget  substrate=nosink  d=25  seed=901  steps=500e6	safe_push_point	1			p3o_budget	nosink		25		901	500e6																																	FAILED	1	00:00:36	00:00:06	0.00 MB (estimated maximum)	60	
diag_6273116_4294967294.log	6273116	4294967294	1	diag	2026-08-05	diag	# DIAG  env=safe_push_point  L1  alg=p3o_budget  substrate=nosink  d=25  seed=901  steps=500e6	safe_push_point	1			p3o_budget	nosink		25		901	500e6																																	FAILED	1	00:00:35	00:00:06	0.00 MB (estimated maximum)	60	
diag_6273117_4294967294.log	6273117	4294967294	1	diag	2026-08-05	diag	# DIAG  env=safe_push_point  L1  alg=p3o_budget  substrate=nosink  d=25  seed=901  steps=500e6	safe_push_point	1			p3o_budget	nosink		25		901	500e6																																	FAILED	1	00:00:36	00:00:06	0.00 MB (estimated maximum)	60	
diag_6273118_4294967294.log	6273118	4294967294	1	diag	2026-08-05	diag	# DIAG  env=safe_push_point  L1  alg=p3o_budget  substrate=nosink  d=25  seed=901  steps=500e6	safe_push_point	1			p3o_budget	nosink		25		901	500e6																																	FAILED	1	00:00:35	00:00:06	0.00 MB (estimated maximum)	60	
diag_6273119_4294967294.log	6273119	4294967294	1	diag	2026-08-05	diag	# DIAG  env=safe_push_point  L1  alg=p3o_budget  substrate=nosink  d=25  seed=901  steps=500e6	safe_push_point	1			p3o_budget	nosink		25		901	500e6																																	FAILED	1	00:00:19	00:00:06	0.00 MB (estimated maximum)	60	
diag_6273128_4294967294.log	6273128	4294967294	1	diag	2026-08-05	diag	# DIAG  env=safe_push_point  L4  alg=p3o_budget  substrate=nosink  d=25  seed=901  steps=2e6	safe_push_point	4			p3o_budget	nosink		25		901	2e6																																	FAILED	1	00:00:23	00:00:06	0.00 MB (estimated maximum)	60	
diag_6273955_4294967294.log	6273955	4294967294	1	diag	2026-08-05	diag	# DIAG  env=safe_push_point  L1  alg=p3o_budget  substrate=nosink  d=25  seed=901  steps=500e6	safe_push_point	1			p3o_budget	nosink	by_const	25		901	500e6			lr1e3														models/diag_safe_push_point_L1_p3o_budget_nosink_by_const_lr1e3_d25_s901/anchor	68.45	22.76	14.86	OK (on-bound, variance sane)							run-20260805_182624-safe_push_point_Level_1_p3o_budget_seed901_20260805_182622_121696	safe_push_point	1	p3o_budget	901	COMPLETED	0	03:22:59	03:22:11	2.33 GB	6021	
diag_6273956_4294967294.log	6273956	4294967294	1	diag	2026-08-05	diag	# DIAG  env=safe_push_point  L1  alg=p3o_budget  substrate=nosink  d=25  seed=901  steps=500e6	safe_push_point	1			p3o_budget	nosink	by_const	25		901	500e6			lr3e3														models/diag_safe_push_point_L1_p3o_budget_nosink_by_const_lr3e3_d25_s901/anchor	0.10	3.99	25.11	UNSTABLE (cost_std 25.1 > cost 4.0)							run-20260805_182630-safe_push_point_Level_1_p3o_budget_seed901_20260805_182627_439588	safe_push_point	1	p3o_budget	901	COMPLETED	0	04:16:05	04:15:05	2.23 GB	6021	
diag_6273957_4294967294.log	6273957	4294967294	1	diag	2026-08-05	diag	# DIAG  env=safe_push_point  L1  alg=p3o_budget  substrate=nosink  d=25  seed=901  steps=500e6	safe_push_point	1			p3o_budget	nosink	by_const	25		901	500e6			unr32														models/diag_safe_push_point_L1_p3o_budget_nosink_by_const_unr32_d25_s901/anchor	6.79	7.73	10.93	UNSTABLE (cost_std 10.9 > cost 7.7)							run-20260805_182630-safe_push_point_Level_1_p3o_budget_seed901_20260805_182626_620858	safe_push_point	1	p3o_budget	901	COMPLETED	0	04:16:23	04:15:30	2.24 GB	6028	
diag_6273958_4294967294.log	6273958	4294967294	1	diag	2026-08-06	diag	# DIAG  env=safe_push_point  L1  alg=p3o_budget  substrate=nosink  d=25  seed=901  steps=500e6	safe_push_point	1			p3o_budget	nosink	by_const	25		901	500e6			nupd10														models/diag_safe_push_point_L1_p3o_budget_nosink_by_const_nupd10_d25_s901/anchor	21.73	13.42	15.06	UNSTABLE (cost_std 15.1 > cost 13.4)							run-20260805_182629-safe_push_point_Level_1_p3o_budget_seed901_20260805_182626_633440	safe_push_point	1	p3o_budget	901	COMPLETED	0	06:26:26	06:25:10	2.22 GB	6020	
diag_6273959_4294967294.log	6273959	4294967294	1	diag	2026-08-05	diag	# DIAG  env=safe_push_point  L1  alg=p3o_budget  substrate=nosink  d=25  seed=901  steps=500e6	safe_push_point	1			p3o_budget	nosink	by_const	25		901	500e6			ent1e2														models/diag_safe_push_point_L1_p3o_budget_nosink_by_const_ent1e2_d25_s901/anchor	65.29	23.46	15.11	OK (on-bound, variance sane)							run-20260805_182630-safe_push_point_Level_1_p3o_budget_seed901_20260805_182627_680594	safe_push_point	1	p3o_budget	901	COMPLETED	0	04:18:15	04:17:22	2.23 GB	6021	
diag_6273960_4294967294.log	6273960	4294967294	1	diag	2026-08-05	diag	# DIAG  env=safe_push_point  L4  alg=p3o_budget  substrate=nosink  d=25  seed=901  steps=2e6	safe_push_point	4			p3o_budget	nosink		25		901	2e6																	models/diag_safe_push_point_L4_p3o_budget_nosink_by_const_L4sm_d25_s901/anchor	0.01	678.73	957.63	OVER-BOUND (cost 678.7 > 1.2*d=30.0) ; UNSTABLE (cost_std 957.6 > cost 678.7)							run-20260805_182630-safe_push_point_Level_4_p3o_budget_seed901_20260805_182626_619873	safe_push_point	4	p3o_budget	901	COMPLETED	0	00:11:29	00:11:02	2.24 GB	291	
diag_6273970_4294967294.log	6273970	4294967294	1	diag	2026-08-06	diag	# DIAG  env=safe_push_point  L1  alg=p3o_budget  substrate=nosink  d=25  seed=901  steps=500e6	safe_push_point	1			p3o_budget	nosink	by_const	25		901	500e6			g995lr2e4														models/diag_safe_push_point_L1_p3o_budget_nosink_by_const_g995lr2e4_d25_s901/anchor	8.79	11.05	13.02	UNSTABLE (cost_std 13.0 > cost 11.1)							run-20260805_183919-safe_push_point_Level_1_p3o_budget_seed901_20260805_183917_084268	safe_push_point	1	p3o_budget	901	COMPLETED	0	07:01:26	07:01:42	2.23 GB	6020	
diag_6273971_4294967294.log	6273971	4294967294	1	diag	2026-08-06	diag	# DIAG  env=safe_push_point  L1  alg=p3o_budget  substrate=nosink  d=25  seed=901  steps=500e6	safe_push_point	1			p3o_budget	nosink	by_const	25		901	500e6			g997														models/diag_safe_push_point_L1_p3o_budget_nosink_by_const_g997_d25_s901/anchor	10.78	18.68	14.57	OK (on-bound, variance sane)							run-20260805_214947-safe_push_point_Level_1_p3o_budget_seed901_20260805_214945_082040	safe_push_point	1	p3o_budget	901	COMPLETED	0	03:22:51	03:22:08	2.34 GB	6021	
diag_6274318_4294967294.log	6274318	4294967294	1	diag	2026-08-06	diag	# DIAG  env=safe_push_point  L1  alg=p3o_budget  substrate=nosink  d=25  seed=902  steps=500e6	safe_push_point	1			p3o_budget	nosink	by_const	25		902	500e6			lr1e3														models/diag_safe_push_point_L1_p3o_budget_nosink_by_const_lr1e3_d25_s902/anchor	43.71	26.92	44.22	UNSTABLE (cost_std 44.2 > cost 26.9)							run-20260806_030415-safe_push_point_Level_1_p3o_budget_seed902_20260806_030413_437098	safe_push_point	1	p3o_budget	902	COMPLETED	0	03:23:00	03:22:08	2.33 GB	6021	
diag_6274319_4294967294.log	6274319	4294967294	1	diag	2026-08-06	diag	# DIAG  env=safe_push_point  L1  alg=p3o_budget  substrate=nosink  d=25  seed=903  steps=500e6	safe_push_point	1			p3o_budget	nosink	by_const	25		903	500e6			lr1e3														models/diag_safe_push_point_L1_p3o_budget_nosink_by_const_lr1e3_d25_s903/anchor	85.17	23.26	12.08	OK (on-bound, variance sane)							run-20260806_030423-safe_push_point_Level_1_p3o_budget_seed903_20260806_030419_555436	safe_push_point	1	p3o_budget	903	COMPLETED	0	04:19:06	04:18:09	2.23 GB	6022	
diag_6274320_4294967294.log	6274320	4294967294	1	diag	2026-08-06	diag	# DIAG  env=safe_push_point  L1  alg=p3o_budget  substrate=nosink  d=25  seed=901  steps=500e6	safe_push_point	1			p3o_budget	nosink	by_const	25		901	500e6			lr1e3ent														models/diag_safe_push_point_L1_p3o_budget_nosink_by_const_lr1e3ent_d25_s901/anchor	74.40	22.39	15.24	OK (on-bound, variance sane)							run-20260806_030424-safe_push_point_Level_1_p3o_budget_seed901_20260806_030419_871019	safe_push_point	1	p3o_budget	901	COMPLETED	0	04:18:23	04:17:16	2.23 GB	6020	
diag_6274321_4294967294.log	6274321	4294967294	1	diag	2026-08-06	diag	# DIAG  env=safe_push_point  L4  alg=p3o_budget  substrate=nosink  d=5  seed=901  steps=500e6	safe_push_point	4			p3o_budget	nosink	by_const	5		901	500e6			lr1e3														models/diag_safe_push_point_L4_p3o_budget_nosink_by_const_lr1e3_d5_s901/anchor	0.00	130.62	380.45	OVER-BOUND (cost 130.6 > 1.2*d=6.0) ; UNSTABLE (cost_std 380.4 > cost 130.6)							run-20260806_030424-safe_push_point_Level_4_p3o_budget_seed901_20260806_030419_700054	safe_push_point	4	p3o_budget	901	COMPLETED	0	02:53:32	02:52:34	2.34 GB	6021	
diag_6274322_4294967294.log	6274322	4294967294	1	diag	2026-08-06	diag	# DIAG  env=safe_push_point  L4  alg=p3o_budget  substrate=nosink  d=15  seed=901  steps=500e6	safe_push_point	4			p3o_budget	nosink	by_const	15		901	500e6			lr1e3														models/diag_safe_push_point_L4_p3o_budget_nosink_by_const_lr1e3_d15_s901/anchor	0.00	181.55	469.83	OVER-BOUND (cost 181.6 > 1.2*d=18.0) ; UNSTABLE (cost_std 469.8 > cost 181.6)							run-20260806_030424-safe_push_point_Level_4_p3o_budget_seed901_20260806_030419_628316	safe_push_point	4	p3o_budget	901	COMPLETED	0	02:08:55	02:08:02	2.35 GB	6021	
diag_6274323_4294967294.log	6274323	4294967294	1	diag	2026-08-06	diag	# DIAG  env=safe_push_point  L4  alg=p3o_budget  substrate=nosink  d=25  seed=901  steps=500e6	safe_push_point	4			p3o_budget	nosink	by_const	25		901	500e6			lr1e3														models/diag_safe_push_point_L4_p3o_budget_nosink_by_const_lr1e3_d25_s901/anchor	0.01	174.91	466.38	OVER-BOUND (cost 174.9 > 1.2*d=30.0) ; UNSTABLE (cost_std 466.4 > cost 174.9)							run-20260806_030424-safe_push_point_Level_4_p3o_budget_seed901_20260806_030419_851680	safe_push_point	4	p3o_budget	901	COMPLETED	0	03:23:36	03:22:39	2.33 GB	6020	
diag_6274324_4294967294.log	6274324	4294967294	1	diag	2026-08-06	diag	# DIAG  env=safe_push_point  L5  alg=p3o_budget  substrate=nosink  d=5  seed=901  steps=500e6	safe_push_point	5			p3o_budget	nosink	by_const	5		901	500e6			lr1e3														models/diag_safe_push_point_L5_p3o_budget_nosink_by_const_lr1e3_d5_s901/anchor	0.32	14.53	138.56	OVER-BOUND (cost 14.5 > 1.2*d=6.0) ; UNSTABLE (cost_std 138.6 > cost 14.5)							run-20260806_051324-safe_push_point_Level_5_p3o_budget_seed901_20260806_051321_634219	safe_push_point	5	p3o_budget	901	COMPLETED	0	02:56:22	02:55:37	2.24 GB	6021	
diag_6274325_4294967294.log	6274325	4294967294	1	diag	2026-08-06	diag	# DIAG  env=safe_push_point  L5  alg=p3o_budget  substrate=nosink  d=15  seed=901  steps=500e6	safe_push_point	5			p3o_budget	nosink	by_const	15		901	500e6			lr1e3														models/diag_safe_push_point_L5_p3o_budget_nosink_by_const_lr1e3_d15_s901/anchor	1.89	1.96	6.92	UNSTABLE (cost_std 6.9 > cost 2.0)							run-20260806_055756-safe_push_point_Level_5_p3o_budget_seed901_20260806_055753_414123	safe_push_point	5	p3o_budget	901	COMPLETED	0	04:32:40	04:31:41	2.25 GB	6021	
diag_6274326_4294967294.log	6274326	4294967294	1	diag	2026-08-06	diag	# DIAG  env=safe_push_point  L5  alg=p3o_budget  substrate=nosink  d=25  seed=901  steps=500e6	safe_push_point	5			p3o_budget	nosink	by_const	25		901	500e6			lr1e3														models/diag_safe_push_point_L5_p3o_budget_nosink_by_const_lr1e3_d25_s901/anchor	8.00	13.71	51.33	UNSTABLE (cost_std 51.3 > cost 13.7)							run-20260806_062738-safe_push_point_Level_5_p3o_budget_seed901_20260806_062735_734606	safe_push_point	5	p3o_budget	901	COMPLETED	0	02:40:33	02:39:54	2.34 GB	6021	
diag_6276604_4294967294.log	6276604	4294967294	1	diag	2026-08-07	diag	# DIAG  env=safe_push_point  L6  alg=p3o_budget  substrate=nosink  d=25  seed=901  steps=2e6	safe_push_point	6			p3o_budget	nosink	by_const	25		901	2e6			sm6														models/diag_safe_push_point_L6_p3o_budget_nosink_by_const_sm6_d25_s901/anchor	0.01	3.43	37.52	UNSTABLE (cost_std 37.5 > cost 3.4)							run-20260807_004116-safe_push_point_Level_6_p3o_budget_seed901_20260807_004107_808729	safe_push_point	6	p3o_budget	901	COMPLETED	0	00:11:23	00:10:50	2.28 GB	295	
diag_6276605_4294967294.log	6276605	4294967294	1	diag	2026-08-07	diag	# DIAG  env=safe_push_point  L7  alg=p3o_budget  substrate=nosink  d=25  seed=901  steps=2e6	safe_push_point	7			p3o_budget	nosink	by_const	25		901	2e6			sm7														models/diag_safe_push_point_L7_p3o_budget_nosink_by_const_sm7_d25_s901/anchor	1.22	169.02	206.28	OVER-BOUND (cost 169.0 > 1.2*d=30.0) ; UNSTABLE (cost_std 206.3 > cost 169.0)							run-20260807_005231-safe_push_point_Level_7_p3o_budget_seed901_20260807_005229_865822	safe_push_point	7	p3o_budget	901	COMPLETED	0	00:10:55	00:10:54	2.28 GB	295	
diag_6276606_4294967294.log	6276606	4294967294	1	diag	2026-08-07	diag	# DIAG  env=safe_push_point  L8  alg=p3o_budget  substrate=nosink  d=25  seed=901  steps=2e6	safe_push_point	8			p3o_budget	nosink	by_const	25		901	2e6			sm8														models/diag_safe_push_point_L8_p3o_budget_nosink_by_const_sm8_d25_s901/anchor	1.38	249.25	369.99	OVER-BOUND (cost 249.2 > 1.2*d=30.0) ; UNSTABLE (cost_std 370.0 > cost 249.2)							run-20260807_010330-safe_push_point_Level_8_p3o_budget_seed901_20260807_010328_680587	safe_push_point	8	p3o_budget	901	COMPLETED	0	00:11:04	00:11:08	2.29 GB	296	
diag_6276747_4294967294.log	6276747	4294967294	1	diag	2026-08-07	diag	# DIAG  env=safe_push_point  L6  alg=p3o_budget  substrate=nosink  d=5  seed=901  steps=500e6	safe_push_point	6			p3o_budget	nosink		5		901	500e6																												run-20260807_020937-safe_push_point_Level_6_p3o_budget_seed901_20260807_020929_663199	safe_push_point	6	p3o_budget	901	CANCELLED	0	00:06:49	00:06:12	2.62 GB	89	
diag_6276764_4294967294.log	6276764	4294967294	1	diag	2026-08-07	diag	# DIAG  env=safe_push_point  L1  alg=p3o_budget  substrate=nosink  d=25  seed=999  steps=2e6	safe_push_point	1			p3o_budget	nosink	by_const	25		999	2e6			l4test														models/diag_safe_push_point_L1_p3o_budget_nosink_by_const_l4test_d25_s999/anchor	0.01	57.42	324.62	OVER-BOUND (cost 57.4 > 1.2*d=30.0) ; UNSTABLE (cost_std 324.6 > cost 57.4)							run-20260807_022719-safe_push_point_Level_1_p3o_budget_seed999_20260807_022717_180162	safe_push_point	1	p3o_budget	999	COMPLETED	0	00:09:00	00:08:40	2.60 GB	296	
diag_6276773_4294967294.log	6276773	4294967294	1	diag	2026-08-07	diag	# DIAG  env=safe_push_point  L6  alg=p3o_budget  substrate=nosink  d=5  seed=901  steps=500e6	safe_push_point	6			p3o_budget	nosink	by_const	5		901	500e6			lr1e3														models/diag_safe_push_point_L6_p3o_budget_nosink_by_const_lr1e3_d5_s901/anchor	60.10	4.62	3.12	OK (on-bound, variance sane)							run-20260807_023747-safe_push_point_Level_6_p3o_budget_seed901_20260807_023744_328659	safe_push_point	6	p3o_budget	901	COMPLETED	0	02:54:29	02:53:59	2.61 GB	6025	
diag_6276774_4294967294.log	6276774	4294967294	1	diag	2026-08-07	diag	# DIAG  env=safe_push_point  L6  alg=p3o_budget  substrate=nosink  d=15  seed=901  steps=500e6	safe_push_point	6			p3o_budget	nosink	by_const	15		901	500e6			lr1e3														models/diag_safe_push_point_L6_p3o_budget_nosink_by_const_lr1e3_d15_s901/anchor	62.12	13.80	8.50	OK (on-bound, variance sane)							run-20260807_053221-safe_push_point_Level_6_p3o_budget_seed901_20260807_053218_795881	safe_push_point	6	p3o_budget	901	COMPLETED	0	02:54:42	02:54:09	2.61 GB	6025	
diag_6276775_4294967294.log	6276775	4294967294	1	diag	2026-08-07	diag	# DIAG  env=safe_push_point  L6  alg=p3o_budget  substrate=nosink  d=25  seed=901  steps=500e6	safe_push_point	6			p3o_budget	nosink	by_const	25		901	500e6			lr1e3														models/diag_safe_push_point_L6_p3o_budget_nosink_by_const_lr1e3_d25_s901/anchor	59.07	28.15	9.91	OK (on-bound, variance sane)							run-20260807_100444-safe_push_point_Level_6_p3o_budget_seed901_20260807_100441_006845	safe_push_point	6	p3o_budget	901	COMPLETED	0	02:48:22	02:47:02	2.38 GB	6022	
diag_6276776_4294967294.log	6276776	4294967294	1	diag	2026-08-07	diag	# DIAG  env=safe_push_point  L7  alg=p3o_budget  substrate=nosink  d=5  seed=901  steps=500e6	safe_push_point	7			p3o_budget	nosink	by_const	5		901	500e6			lr1e3														models/diag_safe_push_point_L7_p3o_budget_nosink_by_const_lr1e3_d5_s901/anchor	47.87	4.49	3.86	OK (on-bound, variance sane)							run-20260807_100445-safe_push_point_Level_7_p3o_budget_seed901_20260807_100440_964270	safe_push_point	7	p3o_budget	901	COMPLETED	0	02:48:24	02:47:26	2.36 GB	6021	
diag_6276777_4294967294.log	6276777	4294967294	1	diag	2026-08-07	diag	# DIAG  env=safe_push_point  L7  alg=p3o_budget  substrate=nosink  d=15  seed=901  steps=500e6	safe_push_point	7			p3o_budget	nosink	by_const	15		901	500e6			lr1e3														models/diag_safe_push_point_L7_p3o_budget_nosink_by_const_lr1e3_d15_s901/anchor	53.10	12.05	6.16	OK (on-bound, variance sane)							run-20260807_125258-safe_push_point_Level_7_p3o_budget_seed901_20260807_125256_057146	safe_push_point	7	p3o_budget	901	COMPLETED	0	02:47:59	02:47:19	2.37 GB	6021	
diag_6276778_4294967294.log	6276778	4294967294	1	diag	2026-08-07	diag	# DIAG  env=safe_push_point  L7  alg=p3o_budget  substrate=nosink  d=25  seed=901  steps=500e6	safe_push_point	7			p3o_budget	nosink	by_const	25		901	500e6			lr1e3														models/diag_safe_push_point_L7_p3o_budget_nosink_by_const_lr1e3_d25_s901/anchor	53.52	25.80	10.60	OK (on-bound, variance sane)							run-20260807_130217-safe_push_point_Level_7_p3o_budget_seed901_20260807_130215_204071	safe_push_point	7	p3o_budget	901	COMPLETED	0	02:47:42	02:47:03	2.37 GB	6021	
diag_6276779_4294967294.log	6276779	4294967294	1	diag	2026-08-07	diag	# DIAG  env=safe_push_point  L8  alg=p3o_budget  substrate=nosink  d=5  seed=901  steps=500e6	safe_push_point	8			p3o_budget	nosink	by_const	5		901	500e6			lr1e3														models/diag_safe_push_point_L8_p3o_budget_nosink_by_const_lr1e3_d5_s901/anchor	38.43	5.12	4.23	OK (on-bound, variance sane)							run-20260807_151651-safe_push_point_Level_8_p3o_budget_seed901_20260807_151648_833381	safe_push_point	8	p3o_budget	901	COMPLETED	0	03:02:41	03:01:59	2.62 GB	6025	
diag_6276780_4294967294.log	6276780	4294967294	1	diag	2026-08-07	diag	# DIAG  env=safe_push_point  L8  alg=p3o_budget  substrate=nosink  d=15  seed=901  steps=500e6	safe_push_point	8			p3o_budget	nosink	by_const	15		901	500e6			lr1e3														models/diag_safe_push_point_L8_p3o_budget_nosink_by_const_lr1e3_d15_s901/anchor	50.38	14.98	8.17	OK (on-bound, variance sane)							run-20260807_155821-safe_push_point_Level_8_p3o_budget_seed901_20260807_155818_366759	safe_push_point	8	p3o_budget	901	COMPLETED	0	02:51:35	02:50:54	2.38 GB	6021	
diag_6276781_4294967294.log	6276781	4294967294	1	diag	2026-08-07	diag	# DIAG  env=safe_push_point  L8  alg=p3o_budget  substrate=nosink  d=25  seed=901  steps=500e6	safe_push_point	8			p3o_budget	nosink	by_const	25		901	500e6			lr1e3														models/diag_safe_push_point_L8_p3o_budget_nosink_by_const_lr1e3_d25_s901/anchor	48.21	24.51	9.35	OK (on-bound, variance sane)							run-20260807_160517-safe_push_point_Level_8_p3o_budget_seed901_20260807_160515_231702	safe_push_point	8	p3o_budget	901	COMPLETED	0	02:51:32	02:51:10	2.36 GB	6020	
diag_6276782_4294967294.log	6276782	4294967294	1	diag	2026-08-07	diag	# DIAG  env=safe_push_point  L2  alg=p3o_budget  substrate=nosink  d=25  seed=901  steps=500e6	safe_push_point	2			p3o_budget	nosink	by_const	25		901	500e6			lr1e3														models/diag_safe_push_point_L2_p3o_budget_nosink_by_const_lr1e3_d25_s901/anchor	52.07	22.51	12.40	OK (on-bound, variance sane)							run-20260807_185151-safe_push_point_Level_2_p3o_budget_seed901_20260807_185149_145631	safe_push_point	2	p3o_budget	901	COMPLETED	0	03:22:51	03:22:09	2.35 GB	6021	
diag_6276783_4294967294.log	6276783	4294967294	1	diag	2026-08-07	diag	# DIAG  env=safe_push_point  L2  alg=p3o_budget  substrate=nosink  d=25  seed=901  steps=500e6	safe_push_point	2			p3o_budget	nosink	by_const	25		901	500e6			lr1e3ent														models/diag_safe_push_point_L2_p3o_budget_nosink_by_const_lr1e3ent_d25_s901/anchor	56.99	27.05	12.94	OK (on-bound, variance sane)							run-20260807_185651-safe_push_point_Level_2_p3o_budget_seed901_20260807_185649_580355	safe_push_point	2	p3o_budget	901	COMPLETED	0	03:22:28	03:22:02	2.35 GB	6021	
diag_6276784_4294967294.log	6276784	4294967294	1	diag	2026-08-08	diag	# DIAG  env=safe_push_point  L2  alg=p3o_budget  substrate=nosink  d=25  seed=902  steps=500e6	safe_push_point	2			p3o_budget	nosink	by_const	25		902	500e6			lr1e3														models/diag_safe_push_point_L2_p3o_budget_nosink_by_const_lr1e3_d25_s902/anchor	43.64	26.33	16.40	OK (on-bound, variance sane)							run-20260807_222758-safe_push_point_Level_2_p3o_budget_seed902_20260807_222755_534172	safe_push_point	2	p3o_budget	902	COMPLETED	0	03:22:55	03:22:13	2.36 GB	6020	
diag_6276785_4294967294.log	6276785	4294967294	1	diag	2026-08-08	diag	# DIAG  env=safe_push_point  L2  alg=p3o_budget  substrate=nosink  d=25  seed=902  steps=500e6	safe_push_point	2			p3o_budget	nosink	by_const	25		902	500e6			lr1e3ent														models/diag_safe_push_point_L2_p3o_budget_nosink_by_const_lr1e3ent_d25_s902/anchor	74.04	19.87	11.41	OK (on-bound, variance sane)							run-20260807_223907-safe_push_point_Level_2_p3o_budget_seed902_20260807_223905_182955	safe_push_point	2	p3o_budget	902	COMPLETED	0	03:22:30	03:21:53	2.35 GB	6021	
diag_6279801_4294967294.log	6279801	4294967294	1	diag	2026-08-08	diag	# DIAG  env=safe_push_point  L9  alg=p3o_budget  substrate=nosink  d=5  seed=901  steps=500e6	safe_push_point	9			p3o_budget	nosink	by_const	5		901	500e6			lr1e3														models/diag_safe_push_point_L9_p3o_budget_nosink_by_const_lr1e3_d5_s901/anchor	47.83	4.67	3.84	OK (on-bound, variance sane)							run-20260808_015107-safe_push_point_Level_9_p3o_budget_seed901_20260808_015104_699749	safe_push_point	9	p3o_budget	901	COMPLETED	0	02:48:14	02:47:40	2.37 GB	6020	
diag_6279802_4294967294.log	6279802	4294967294	1	diag	2026-08-08	diag	# DIAG  env=safe_push_point  L9  alg=p3o_budget  substrate=nosink  d=15  seed=901  steps=500e6	safe_push_point	9			p3o_budget	nosink	by_const	15		901	500e6			lr1e3														models/diag_safe_push_point_L9_p3o_budget_nosink_by_const_lr1e3_d15_s901/anchor	47.13	17.78	10.25	OK (on-bound, variance sane)							run-20260808_020143-safe_push_point_Level_9_p3o_budget_seed901_20260808_020141_396014	safe_push_point	9	p3o_budget	901	COMPLETED	0	02:47:52	02:47:22	2.36 GB	6021	
diag_6279803_4294967294.log	6279803	4294967294	1	diag	2026-08-08	diag	# DIAG  env=safe_push_point  L9  alg=p3o_budget  substrate=nosink  d=25  seed=901  steps=500e6	safe_push_point	9			p3o_budget	nosink	by_const	25		901	500e6			lr1e3														models/diag_safe_push_point_L9_p3o_budget_nosink_by_const_lr1e3_d25_s901/anchor	47.08	25.18	9.46	OK (on-bound, variance sane)							run-20260808_024356-safe_push_point_Level_9_p3o_budget_seed901_20260808_024353_760299	safe_push_point	9	p3o_budget	901	COMPLETED	0	02:55:35	02:54:47	2.62 GB	6023	
diag_6279804_4294967294.log	6279804	4294967294	1	diag	2026-08-08	diag	# DIAG  env=safe_push_point  L10  alg=p3o_budget  substrate=nosink  d=5  seed=901  steps=500e6	safe_push_point	10			p3o_budget	nosink	by_const	5		901	500e6			lr1e3														models/diag_safe_push_point_L10_p3o_budget_nosink_by_const_lr1e3_d5_s901/anchor	47.46	4.98	4.60	OK (on-bound, variance sane)							run-20260808_024935-safe_push_point_Level_10_p3o_budget_seed901_20260808_024927_617814	safe_push_point	10	p3o_budget	901	COMPLETED	0	02:56:11	02:55:29	2.62 GB	6025	
diag_6279805_4294967294.log	6279805	4294967294	1	diag	2026-08-08	diag	# DIAG  env=safe_push_point  L10  alg=p3o_budget  substrate=nosink  d=15  seed=901  steps=500e6	safe_push_point	10			p3o_budget	nosink	by_const	15		901	500e6			lr1e3														models/diag_safe_push_point_L10_p3o_budget_nosink_by_const_lr1e3_d15_s901/anchor	54.03	15.42	8.28	OK (on-bound, variance sane)							run-20260808_025458-safe_push_point_Level_10_p3o_budget_seed901_20260808_025456_518906	safe_push_point	10	p3o_budget	901	COMPLETED	0	02:57:30	02:57:16	2.60 GB	6025	
diag_6279806_4294967294.log	6279806	4294967294	1	diag	2026-08-08	diag	# DIAG  env=safe_push_point  L10  alg=p3o_budget  substrate=nosink  d=25  seed=901  steps=500e6	safe_push_point	10			p3o_budget	nosink	by_const	25		901	500e6			lr1e3														models/diag_safe_push_point_L10_p3o_budget_nosink_by_const_lr1e3_d25_s901/anchor	53.28	26.55	10.72	OK (on-bound, variance sane)							run-20260808_025646-safe_push_point_Level_10_p3o_budget_seed901_20260808_025643_362586	safe_push_point	10	p3o_budget	901	COMPLETED	0	02:59:07	02:58:28	2.62 GB	6024	
diag_6279807_4294967294.log	6279807	4294967294	1	diag	2026-08-08	diag	# DIAG  env=safe_push_point  L11  alg=p3o_budget  substrate=nosink  d=5  seed=901  steps=500e6	safe_push_point	11			p3o_budget	nosink	by_const	5		901	500e6			lr1e3														models/diag_safe_push_point_L11_p3o_budget_nosink_by_const_lr1e3_d5_s901/anchor	34.34	4.46	3.18	OK (on-bound, variance sane)							run-20260808_030032-safe_push_point_Level_11_p3o_budget_seed901_20260808_030030_399108	safe_push_point	11	p3o_budget	901	COMPLETED	0	02:56:13	02:56:06	2.62 GB	6025	
diag_6279808_4294967294.log	6279808	4294967294	1	diag	2026-08-08	diag	# DIAG  env=safe_push_point  L11  alg=p3o_budget  substrate=nosink  d=15  seed=901  steps=500e6	safe_push_point	11			p3o_budget	nosink	by_const	15		901	500e6			lr1e3														models/diag_safe_push_point_L11_p3o_budget_nosink_by_const_lr1e3_d15_s901/anchor	39.74	12.40	7.48	OK (on-bound, variance sane)							run-20260808_043937-safe_push_point_Level_11_p3o_budget_seed901_20260808_043935_225690	safe_push_point	11	p3o_budget	901	COMPLETED	0	02:48:38	02:48:02	2.37 GB	6021	
diag_6279809_4294967294.log	6279809	4294967294	1	diag	2026-08-08	diag	# DIAG  env=safe_push_point  L11  alg=p3o_budget  substrate=nosink  d=25  seed=901  steps=500e6	safe_push_point	11			p3o_budget	nosink	by_const	25		901	500e6			lr1e3														models/diag_safe_push_point_L11_p3o_budget_nosink_by_const_lr1e3_d25_s901/anchor	43.74	22.03	8.35	OK (on-bound, variance sane)							run-20260808_045004-safe_push_point_Level_11_p3o_budget_seed901_20260808_045002_566379	safe_push_point	11	p3o_budget	901	COMPLETED	0	02:47:44	02:47:17	2.36 GB	6021	
diag_6280671_4294967294.log	6280671	4294967294	1	diag	2026-08-08	diag	# DIAG  env=safe_push_point  L12  alg=p3o_budget  substrate=nosink  d=5  seed=901  steps=500e6	safe_push_point	12			p3o_budget	nosink	by_const	5		901	500e6			lr1e3														models/diag_safe_push_point_L12_p3o_budget_nosink_by_const_lr1e3_d5_s901/anchor	45.59	5.35	4.42	OK (on-bound, variance sane)							run-20260808_072826-safe_push_point_Level_12_p3o_budget_seed901_20260808_072824_223137	safe_push_point	12	p3o_budget	901	COMPLETED	0	02:48:06	02:47:34	2.37 GB	6021	
diag_6280672_4294967294.log	6280672	4294967294	1	diag	2026-08-08	diag	# DIAG  env=safe_push_point  L12  alg=p3o_budget  substrate=nosink  d=25  seed=901  steps=500e6	safe_push_point	12			p3o_budget	nosink	by_const	25		901	500e6			lr1e3														models/diag_safe_push_point_L12_p3o_budget_nosink_by_const_lr1e3_d25_s901/anchor	50.98	28.64	29.38	UNSTABLE (cost_std 29.4 > cost 28.6)							run-20260808_073804-safe_push_point_Level_12_p3o_budget_seed901_20260808_073802_050744	safe_push_point	12	p3o_budget	901	COMPLETED	0	02:47:46	02:47:15	2.36 GB	6021	
diag_6280673_4294967294.log	6280673	4294967294	1	diag	2026-08-08	diag	# DIAG  env=safe_push_point  L13  alg=p3o_budget  substrate=nosink  d=5  seed=901  steps=500e6	safe_push_point	13			p3o_budget	nosink	by_const	5		901	500e6			lr1e3														models/diag_safe_push_point_L13_p3o_budget_nosink_by_const_lr1e3_d5_s901/anchor	46.27	4.86	5.22	UNSTABLE (cost_std 5.2 > cost 4.9)							run-20260808_080428-safe_push_point_Level_13_p3o_budget_seed901_20260808_080422_293685	safe_push_point	13	p3o_budget	901	COMPLETED	0	03:33:31	03:32:20	2.26 GB	6021	
diag_6280674_4294967294.log	6280674	4294967294	1	diag	2026-08-08	diag	# DIAG  env=safe_push_point  L13  alg=p3o_budget  substrate=nosink  d=25  seed=901  steps=500e6	safe_push_point	13			p3o_budget	nosink	by_const	25		901	500e6			lr1e3														models/diag_safe_push_point_L13_p3o_budget_nosink_by_const_lr1e3_d25_s901/anchor	53.71	21.32	8.94	OK (on-bound, variance sane)							run-20260808_082218-safe_push_point_Level_13_p3o_budget_seed901_20260808_082215_180374	safe_push_point	13	p3o_budget	901	COMPLETED	0	03:31:04	03:30:17	2.31 GB	6021	
diag_6280675_4294967294.log	6280675	4294967294	1	diag	2026-08-08	diag	# DIAG  env=safe_push_point  L8  alg=p3o_budget  substrate=nosink  d=5  seed=901  steps=500e6	safe_push_point	8			p3o_budget	nosink	by_const	5		901	500e6			lr1e3ent														models/diag_safe_push_point_L8_p3o_budget_nosink_by_const_lr1e3ent_d5_s901/anchor	41.23	5.00	4.58	OK (on-bound, variance sane)							run-20260808_082540-safe_push_point_Level_8_p3o_budget_seed901_20260808_082537_696197	safe_push_point	8	p3o_budget	901	COMPLETED	0	05:38:35	05:37:41	2.25 GB	6021	
diag_6280676_4294967294.log	6280676	4294967294	1	diag	2026-08-08	diag	# DIAG  env=safe_push_point  L8  alg=p3o_budget  substrate=nosink  d=25  seed=901  steps=500e6	safe_push_point	8			p3o_budget	nosink	by_const	25		901	500e6			lr1e3ent														models/diag_safe_push_point_L8_p3o_budget_nosink_by_const_lr1e3ent_d25_s901/anchor	56.38	24.12	10.03	OK (on-bound, variance sane)							run-20260808_083925-safe_push_point_Level_8_p3o_budget_seed901_20260808_083923_635866	safe_push_point	8	p3o_budget	901	COMPLETED	0	03:03:42	03:03:10	2.61 GB	6025	
diag_6281192_4294967294.log	6281192	4294967294	1	diag	2026-08-08	diag	# DIAG  env=safe_push_point  L8  alg=p3o_budget  substrate=nosink  d=5  seed=902  steps=500e6	safe_push_point	8			p3o_budget	nosink	by_const	5		902	500e6			lr1e3ent														models/diag_safe_push_point_L8_p3o_budget_nosink_by_const_lr1e3ent_d5_s902/anchor	49.10	4.77	4.45	OK (on-bound, variance sane)							run-20260808_170312-safe_push_point_Level_8_p3o_budget_seed902_20260808_170310_047813	safe_push_point	8	p3o_budget	902	COMPLETED	0	03:05:06	03:04:46	2.63 GB	6025	
diag_6281193_4294967294.log	6281193	4294967294	1	diag	2026-08-08	diag	# DIAG  env=safe_push_point  L8  alg=p3o_budget  substrate=nosink  d=15  seed=902  steps=500e6	safe_push_point	8			p3o_budget	nosink	by_const	15		902	500e6			lr1e3ent														models/diag_safe_push_point_L8_p3o_budget_nosink_by_const_lr1e3ent_d15_s902/anchor	67.38	18.82	34.40	OVER-BOUND (cost 18.8 > 1.2*d=18.0) ; UNSTABLE (cost_std 34.4 > cost 18.8)							run-20260808_170513-safe_push_point_Level_8_p3o_budget_seed902_20260808_170511_269061	safe_push_point	8	p3o_budget	902	COMPLETED	0	03:03:07	03:03:01	2.63 GB	6025	
diag_6281194_4294967294.log	6281194	4294967294	1	diag	2026-08-08	diag	# DIAG  env=safe_push_point  L8  alg=p3o_budget  substrate=nosink  d=25  seed=902  steps=500e6	safe_push_point	8			p3o_budget	nosink	by_const	25		902	500e6			lr1e3ent														models/diag_safe_push_point_L8_p3o_budget_nosink_by_const_lr1e3ent_d25_s902/anchor	67.38	24.79	9.90	OK (on-bound, variance sane)							run-20260808_171733-safe_push_point_Level_8_p3o_budget_seed902_20260808_171730_726367	safe_push_point	8	p3o_budget	902	COMPLETED	0	03:06:54	03:06:21	2.63 GB	6025	
diag_6281195_4294967294.log	6281195	4294967294	1	diag	2026-08-08	diag	# DIAG  env=safe_push_point  L8  alg=p3o_budget  substrate=nosink  d=5  seed=903  steps=500e6	safe_push_point	8			p3o_budget	nosink	by_const	5		903	500e6			lr1e3ent														models/diag_safe_push_point_L8_p3o_budget_nosink_by_const_lr1e3ent_d5_s903/anchor	54.36	4.37	3.87	OK (on-bound, variance sane)							run-20260808_172753-safe_push_point_Level_8_p3o_budget_seed903_20260808_172750_924112	safe_push_point	8	p3o_budget	903	COMPLETED	0	03:04:49	03:04:21	2.62 GB	6024	
diag_6281196_4294967294.log	6281196	4294967294	1	diag	2026-08-08	diag	# DIAG  env=safe_push_point  L8  alg=p3o_budget  substrate=nosink  d=15  seed=903  steps=500e6	safe_push_point	8			p3o_budget	nosink	by_const	15		903	500e6			lr1e3ent														models/diag_safe_push_point_L8_p3o_budget_nosink_by_const_lr1e3ent_d15_s903/anchor	52.21	12.30	6.24	OK (on-bound, variance sane)							run-20260808_172757-safe_push_point_Level_8_p3o_budget_seed903_20260808_172755_498767	safe_push_point	8	p3o_budget	903	COMPLETED	0	03:04:40	03:04:19	2.63 GB	6024	
diag_6281197_4294967294.log	6281197	4294967294	1	diag	2026-08-08	diag	# DIAG  env=safe_push_point  L8  alg=p3o_budget  substrate=nosink  d=25  seed=903  steps=500e6	safe_push_point	8			p3o_budget	nosink	by_const	25		903	500e6			lr1e3ent														models/diag_safe_push_point_L8_p3o_budget_nosink_by_const_lr1e3ent_d25_s903/anchor	56.12	26.32	11.08	OK (on-bound, variance sane)							run-20260808_185950-safe_push_point_Level_8_p3o_budget_seed903_20260808_185947_920479	safe_push_point	8	p3o_budget	903	COMPLETED	0	03:03:50	03:03:29	2.63 GB	6025	
diag_6281198_4294967294.log	6281198	4294967294	1	diag	2026-08-08	diag	# DIAG  env=safe_push_point  L8  alg=p3o_budget  substrate=nosink  d=15  seed=901  steps=500e6	safe_push_point	8			p3o_budget	nosink	by_const	15		901	500e6			lr1e3ent														models/diag_safe_push_point_L8_p3o_budget_nosink_by_const_lr1e3ent_d15_s901/anchor	53.08	13.00	6.72	OK (on-bound, variance sane)							run-20260808_190524-safe_push_point_Level_8_p3o_budget_seed901_20260808_190521_193373	safe_push_point	8	p3o_budget	901	COMPLETED	0	03:03:42	03:03:23	2.63 GB	6025	
diag_6281199_4294967294.log	6281199	4294967294	1	diag	2026-08-08	diag	# DIAG  env=safe_push_point  L11  alg=p3o_budget  substrate=nosink  d=5  seed=901  steps=500e6	safe_push_point	11			p3o_budget	nosink	by_const	5		901	500e6			lr1e3ent														models/diag_safe_push_point_L11_p3o_budget_nosink_by_const_lr1e3ent_d5_s901/anchor	39.64	4.90	3.63	OK (on-bound, variance sane)							run-20260808_190808-safe_push_point_Level_11_p3o_budget_seed901_20260808_190805_079963	safe_push_point	11	p3o_budget	901	COMPLETED	0	02:56:21	02:56:01	2.62 GB	6026	
diag_6281200_4294967294.log	6281200	4294967294	1	diag	2026-08-08	diag	# DIAG  env=safe_push_point  L11  alg=p3o_budget  substrate=nosink  d=15  seed=901  steps=500e6	safe_push_point	11			p3o_budget	nosink	by_const	15		901	500e6			lr1e3ent														models/diag_safe_push_point_L11_p3o_budget_nosink_by_const_lr1e3ent_d15_s901/anchor	51.13	14.45	6.45	OK (on-bound, variance sane)							run-20260808_200825-safe_push_point_Level_11_p3o_budget_seed901_20260808_200823_032076	safe_push_point	11	p3o_budget	901	COMPLETED	0	02:57:20	02:56:56	2.62 GB	6024	
diag_6281201_4294967294.log	6281201	4294967294	1	diag	2026-08-08	diag	# DIAG  env=safe_push_point  L11  alg=p3o_budget  substrate=nosink  d=25  seed=901  steps=500e6	safe_push_point	11			p3o_budget	nosink	by_const	25		901	500e6			lr1e3ent														models/diag_safe_push_point_L11_p3o_budget_nosink_by_const_lr1e3ent_d25_s901/anchor	49.09	22.67	9.02	OK (on-bound, variance sane)							run-20260808_202421-safe_push_point_Level_11_p3o_budget_seed901_20260808_202419_382383	safe_push_point	11	p3o_budget	901	COMPLETED	0	02:59:22	02:58:51	2.61 GB	6025	
diag_6281202_4294967294.log	6281202	4294967294	1	diag	2026-08-08	diag	# DIAG  env=safe_push_point  L16  alg=p3o_budget  substrate=nosink  d=5  seed=901  steps=500e6	safe_push_point	16			p3o_budget	nosink		5		901	500e6																																	FAILED	1	00:00:18	00:00:03	0.00 MB (estimated maximum)	92	
diag_6281203_4294967294.log	6281203	4294967294	1	diag	2026-08-08	diag	# DIAG  env=safe_push_point  L16  alg=p3o_budget  substrate=nosink  d=25  seed=901  steps=500e6	safe_push_point	16			p3o_budget	nosink		25		901	500e6																																	FAILED	1	00:00:19	00:00:03	12.00 KB	92	
diag_6281204_4294967294.log	6281204	4294967294	1	diag	2026-08-08	diag	# DIAG  env=safe_push_point  L15  alg=p3o_budget  substrate=nosink  d=5  seed=901  steps=500e6	safe_push_point	15			p3o_budget	nosink		5		901	500e6																																	FAILED	1	00:00:14	00:00:03	0.00 MB (estimated maximum)	92	
diag_6281205_4294967294.log	6281205	4294967294	1	diag	2026-08-08	diag	# DIAG  env=safe_push_point  L15  alg=p3o_budget  substrate=nosink  d=25  seed=901  steps=500e6	safe_push_point	15			p3o_budget	nosink		25		901	500e6																																	FAILED	1	00:00:15	00:00:03	4.00 KB	92	
diag_6281206_4294967294.log	6281206	4294967294	1	diag	2026-08-08	diag	# DIAG  env=safe_push_point  L14  alg=p3o_budget  substrate=nosink  d=5  seed=901  steps=500e6	safe_push_point	14			p3o_budget	nosink		5		901	500e6																																	FAILED	1	00:00:13	00:00:03	0.00 MB (estimated maximum)	92	
diag_6281207_4294967294.log	6281207	4294967294	1	diag	2026-08-08	diag	# DIAG  env=safe_push_point  L14  alg=p3o_budget  substrate=nosink  d=25  seed=901  steps=500e6	safe_push_point	14			p3o_budget	nosink		25		901	500e6																																	FAILED	1	00:00:15	00:00:03	8.00 KB	92	
diag_6282096_4294967294.log	6282096	4294967294	1	diag	2026-08-09	diag	# DIAG  env=safe_push_point  L11  alg=p3o_budget  substrate=nosink  d=5  seed=902  steps=500e6	safe_push_point	11			p3o_budget	nosink	by_const	5		902	500e6			lr1e3ent														models/diag_safe_push_point_L11_p3o_budget_nosink_by_const_lr1e3ent_d5_s902/anchor	43.16	5.10	4.57	OK (on-bound, variance sane)							run-20260809_005652-safe_push_point_Level_11_p3o_budget_seed902_20260809_005650_029895	safe_push_point	11	p3o_budget	902	COMPLETED	0	02:55:11	02:54:21	2.62 GB	6025	
diag_6282097_4294967294.log	6282097	4294967294	1	diag	2026-08-09	diag	# DIAG  env=safe_push_point  L11  alg=p3o_budget  substrate=nosink  d=15  seed=902  steps=500e6	safe_push_point	11			p3o_budget	nosink	by_const	15		902	500e6			lr1e3ent														models/diag_safe_push_point_L11_p3o_budget_nosink_by_const_lr1e3ent_d15_s902/anchor	59.98	18.47	8.43	OVER-BOUND (cost 18.5 > 1.2*d=18.0)							run-20260809_010334-safe_push_point_Level_11_p3o_budget_seed902_20260809_010332_990674	safe_push_point	11	p3o_budget	902	COMPLETED	0	02:58:05	02:57:37	2.61 GB	6026	
diag_6282098_4294967294.log	6282098	4294967294	1	diag	2026-08-09	diag	# DIAG  env=safe_push_point  L11  alg=p3o_budget  substrate=nosink  d=25  seed=902  steps=500e6	safe_push_point	11			p3o_budget	nosink	by_const	25		902	500e6			lr1e3ent														models/diag_safe_push_point_L11_p3o_budget_nosink_by_const_lr1e3ent_d25_s902/anchor	64.80	21.77	8.34	OK (on-bound, variance sane)							run-20260809_010347-safe_push_point_Level_11_p3o_budget_seed902_20260809_010345_283753	safe_push_point	11	p3o_budget	902	COMPLETED	0	02:56:25	02:56:07	2.62 GB	6025	
diag_6282099_4294967294.log	6282099	4294967294	1	diag	2026-08-09	diag	# DIAG  env=safe_push_point  L11  alg=p3o_budget  substrate=nosink  d=5  seed=903  steps=500e6	safe_push_point	11			p3o_budget	nosink	by_const	5		903	500e6			lr1e3ent														models/diag_safe_push_point_L11_p3o_budget_nosink_by_const_lr1e3ent_d5_s903/anchor	47.04	4.60	5.50	UNSTABLE (cost_std 5.5 > cost 4.6)							run-20260809_011627-safe_push_point_Level_11_p3o_budget_seed903_20260809_011625_316717	safe_push_point	11	p3o_budget	903	COMPLETED	0	02:55:42	02:55:31	2.61 GB	6024	
diag_6282100_4294967294.log	6282100	4294967294	1	diag	2026-08-09	diag	# DIAG  env=safe_push_point  L11  alg=p3o_budget  substrate=nosink  d=15  seed=903  steps=500e6	safe_push_point	11			p3o_budget	nosink	by_const	15		903	500e6			lr1e3ent														models/diag_safe_push_point_L11_p3o_budget_nosink_by_const_lr1e3ent_d15_s903/anchor	61.18	13.47	6.82	OK (on-bound, variance sane)							run-20260809_012458-safe_push_point_Level_11_p3o_budget_seed903_20260809_012456_390276	safe_push_point	11	p3o_budget	903	COMPLETED	0	02:57:02	02:56:45	2.60 GB	6024	
diag_6282101_4294967294.log	6282101	4294967294	1	diag	2026-08-09	diag	# DIAG  env=safe_push_point  L11  alg=p3o_budget  substrate=nosink  d=25  seed=903  steps=500e6	safe_push_point	11			p3o_budget	nosink	by_const	25		903	500e6			lr1e3ent														models/diag_safe_push_point_L11_p3o_budget_nosink_by_const_lr1e3ent_d25_s903/anchor	59.28	23.98	7.63	OK (on-bound, variance sane)							run-20260809_020701-safe_push_point_Level_11_p3o_budget_seed903_20260809_020658_711307	safe_push_point	11	p3o_budget	903	COMPLETED	0	02:57:54	02:57:34	2.62 GB	6025	
diag_6282102_4294967294.log	6282102	4294967294	1	diag	2026-08-09	diag	# DIAG  env=safe_push_point  L16  alg=p3o_budget  substrate=nosink  d=5  seed=901  steps=500e6	safe_push_point	16			p3o_budget	nosink	by_const	5		901	500e6			lr1e3ent														models/diag_safe_push_point_L16_p3o_budget_nosink_by_const_lr1e3ent_d5_s901/anchor	40.15	5.97	5.00	OK (on-bound, variance sane)							run-20260809_021318-safe_push_point_Level_16_p3o_budget_seed901_20260809_021316_239166	safe_push_point	16	p3o_budget	901	COMPLETED	0	03:11:16	03:11:06	2.63 GB	6026	
diag_6282103_4294967294.log	6282103	4294967294	1	diag	2026-08-09	diag	# DIAG  env=safe_push_point  L16  alg=p3o_budget  substrate=nosink  d=25  seed=901  steps=500e6	safe_push_point	16			p3o_budget	nosink	by_const	25		901	500e6			lr1e3ent														models/diag_safe_push_point_L16_p3o_budget_nosink_by_const_lr1e3ent_d25_s901/anchor	50.96	22.75	8.79	OK (on-bound, variance sane)							run-20260809_032259-safe_push_point_Level_16_p3o_budget_seed901_20260809_032257_358894	safe_push_point	16	p3o_budget	901	COMPLETED	0	03:15:19	03:14:46	2.63 GB	6025	
diag_6282104_4294967294.log	6282104	4294967294	1	diag	2026-08-09	diag	# DIAG  env=safe_push_point  L16  alg=p3o_budget  substrate=nosink  d=5  seed=902  steps=500e6	safe_push_point	16			p3o_budget	nosink	by_const	5		902	500e6			lr1e3ent														models/diag_safe_push_point_L16_p3o_budget_nosink_by_const_lr1e3ent_d5_s902/anchor	37.29	4.31	4.30	OK (on-bound, variance sane)							run-20260809_035159-safe_push_point_Level_16_p3o_budget_seed902_20260809_035156_936328	safe_push_point	16	p3o_budget	902	COMPLETED	0	03:10:26	03:09:54	2.61 GB	6025	
diag_6282105_4294967294.log	6282105	4294967294	1	diag	2026-08-09	diag	# DIAG  env=safe_push_point  L16  alg=p3o_budget  substrate=nosink  d=25  seed=902  steps=500e6	safe_push_point	16			p3o_budget	nosink	by_const	25		902	500e6			lr1e3ent														models/diag_safe_push_point_L16_p3o_budget_nosink_by_const_lr1e3ent_d25_s902/anchor	59.67	19.67	8.63	OK (on-bound, variance sane)							run-20260809_035421-safe_push_point_Level_16_p3o_budget_seed902_20260809_035418_672919	safe_push_point	16	p3o_budget	902	COMPLETED	0	03:11:39	03:11:21	2.62 GB	6025	
diag_6282106_4294967294.log	6282106	4294967294	1	diag	2026-08-09	diag	# DIAG  env=safe_push_point  L16  alg=p3o_budget  substrate=nosink  d=5  seed=903  steps=500e6	safe_push_point	16			p3o_budget	nosink	by_const	5		903	500e6			lr1e3ent														models/diag_safe_push_point_L16_p3o_budget_nosink_by_const_lr1e3ent_d5_s903/anchor	36.58	4.45	5.47	UNSTABLE (cost_std 5.5 > cost 4.5)							run-20260809_040006-safe_push_point_Level_16_p3o_budget_seed903_20260809_040004_069954	safe_push_point	16	p3o_budget	903	COMPLETED	0	03:11:18	03:11:12	2.62 GB	6025	
diag_6282107_4294967294.log	6282107	4294967294	1	diag	2026-08-09	diag	# DIAG  env=safe_push_point  L16  alg=p3o_budget  substrate=nosink  d=25  seed=903  steps=500e6	safe_push_point	16			p3o_budget	nosink	by_const	25		903	500e6			lr1e3ent														models/diag_safe_push_point_L16_p3o_budget_nosink_by_const_lr1e3ent_d25_s903/anchor	64.45	23.76	8.47	OK (on-bound, variance sane)							run-20260809_040142-safe_push_point_Level_16_p3o_budget_seed903_20260809_040140_282052	safe_push_point	16	p3o_budget	903	COMPLETED	0	03:13:49	03:13:17	2.61 GB	6025	
diag_6282108_4294967294.log	6282108	4294967294	1	diag	2026-08-09	diag	# DIAG  env=safe_push_point  L13  alg=p3o_budget  substrate=nosink  d=5  seed=901  steps=500e6	safe_push_point	13			p3o_budget	nosink	by_const	5		901	500e6			lr1e3ent														models/diag_safe_push_point_L13_p3o_budget_nosink_by_const_lr1e3ent_d5_s901/anchor	50.83	3.94	2.80	OK (on-bound, variance sane)							run-20260809_041212-safe_push_point_Level_13_p3o_budget_seed901_20260809_041210_371272	safe_push_point	13	p3o_budget	901	COMPLETED	0	02:55:37	02:55:24	2.61 GB	6025	
diag_6282109_4294967294.log	6282109	4294967294	1	diag	2026-08-09	diag	# DIAG  env=safe_push_point  L13  alg=p3o_budget  substrate=nosink  d=25  seed=901  steps=500e6	safe_push_point	13			p3o_budget	nosink	by_const	25		901	500e6			lr1e3ent														models/diag_safe_push_point_L13_p3o_budget_nosink_by_const_lr1e3ent_d25_s901/anchor	57.32	25.55	9.28	OK (on-bound, variance sane)							run-20260809_042155-safe_push_point_Level_13_p3o_budget_seed901_20260809_042153_672138	safe_push_point	13	p3o_budget	901	COMPLETED	0	02:57:17	02:57:09	2.61 GB	6025	
diag_6282110_4294967294.log	6282110	4294967294	1	diag	2026-08-09	diag	# DIAG  env=safe_push_point  L15  alg=p3o_budget  substrate=nosink  d=5  seed=901  steps=500e6	safe_push_point	15			p3o_budget	nosink	by_const	5		901	500e6			lr1e3ent														models/diag_safe_push_point_L15_p3o_budget_nosink_by_const_lr1e3ent_d5_s901/anchor	42.77	4.57	5.08	UNSTABLE (cost_std 5.1 > cost 4.6)							run-20260809_050452-safe_push_point_Level_15_p3o_budget_seed901_20260809_050449_314116	safe_push_point	15	p3o_budget	901	COMPLETED	0	03:05:19	03:05:05	2.65 GB	6025	
diag_6282111_4294967294.log	6282111	4294967294	1	diag	2026-08-09	diag	# DIAG  env=safe_push_point  L15  alg=p3o_budget  substrate=nosink  d=25  seed=901  steps=500e6	safe_push_point	15			p3o_budget	nosink	by_const	25		901	500e6			lr1e3ent														models/diag_safe_push_point_L15_p3o_budget_nosink_by_const_lr1e3ent_d25_s901/anchor	55.51	23.13	10.69	OK (on-bound, variance sane)							run-20260809_052438-safe_push_point_Level_15_p3o_budget_seed901_20260809_052435_045921	safe_push_point	15	p3o_budget	901	COMPLETED	0	03:03:55	03:03:36	2.63 GB	6024	
diag_6282112_4294967294.log	6282112	4294967294	1	diag	2026-08-09	diag	# DIAG  env=safe_push_point  L14  alg=p3o_budget  substrate=nosink  d=5  seed=901  steps=500e6	safe_push_point	14			p3o_budget	nosink	by_const	5		901	500e6			lr1e3ent														models/diag_safe_push_point_L14_p3o_budget_nosink_by_const_lr1e3ent_d5_s901/anchor	28.04	3.91	3.35	OK (on-bound, variance sane)							run-20260809_053143-safe_push_point_Level_14_p3o_budget_seed901_20260809_053140_511479	safe_push_point	14	p3o_budget	901	COMPLETED	0	02:58:27	02:57:35	2.40 GB	6021	
diag_6282113_4294967294.log	6282113	4294967294	1	diag	2026-08-09	diag	# DIAG  env=safe_push_point  L14  alg=p3o_budget  substrate=nosink  d=25  seed=901  steps=500e6	safe_push_point	14			p3o_budget	nosink	by_const	25		901	500e6			lr1e3ent														models/diag_safe_push_point_L14_p3o_budget_nosink_by_const_lr1e3ent_d25_s901/anchor	52.94	23.33	9.77	OK (on-bound, variance sane)							run-20260809_081011-safe_push_point_Level_14_p3o_budget_seed901_20260809_081008_770025	safe_push_point	14	p3o_budget	901	COMPLETED	0	03:13:32	03:13:04	2.63 GB	6025	
diag_6285164_4294967294.log	6285164	4294967294	1	diag	2026-08-10	diag	# DIAG  env=safe_push_point  L16  alg=p3o_budget  substrate=nosink  d=15  seed=901  steps=500e6	safe_push_point	16			p3o_budget	nosink	by_const	15		901	500e6			lr1e3ent														models/diag_safe_push_point_L16_p3o_budget_nosink_by_const_lr1e3ent_d15_s901/anchor	50.12	12.34	7.42	OK (on-bound, variance sane)							run-20260810_022144-safe_push_point_Level_16_p3o_budget_seed901_20260810_022141_920275	safe_push_point	16	p3o_budget	901	COMPLETED	0	03:11:40	03:11:19	2.63 GB	6025	
diag_6285165_4294967294.log	6285165	4294967294	1	diag	2026-08-10	diag	# DIAG  env=safe_push_point  L16  alg=p3o_budget  substrate=nosink  d=15  seed=902  steps=500e6	safe_push_point	16			p3o_budget	nosink	by_const	15		902	500e6			lr1e3ent														models/diag_safe_push_point_L16_p3o_budget_nosink_by_const_lr1e3ent_d15_s902/anchor	49.11	15.75	7.17	OK (on-bound, variance sane)							run-20260810_035609-safe_push_point_Level_16_p3o_budget_seed902_20260810_035606_842212	safe_push_point	16	p3o_budget	902	COMPLETED	0	03:12:35	03:12:15	2.62 GB	6025	
diag_6285166_4294967294.log	6285166	4294967294	1	diag	2026-08-10	diag	# DIAG  env=safe_push_point  L16  alg=p3o_budget  substrate=nosink  d=15  seed=903  steps=500e6	safe_push_point	16			p3o_budget	nosink	by_const	15		903	500e6			lr1e3ent														models/diag_safe_push_point_L16_p3o_budget_nosink_by_const_lr1e3ent_d15_s903/anchor	60.78	15.30	7.50	OK (on-bound, variance sane)							run-20260810_053320-safe_push_point_Level_16_p3o_budget_seed903_20260810_053317_703942	safe_push_point	16	p3o_budget	903	COMPLETED	0	03:11:16	03:11:03	2.62 GB	6026	
diag_6285167_4294967294.log	6285167	4294967294	1	diag	2026-08-10	diag	# DIAG  env=safe_push_point  L14  alg=p3o_budget  substrate=nosink  d=5  seed=902  steps=500e6	safe_push_point	14			p3o_budget	nosink	by_const	5		902	500e6			lr1e3ent														models/diag_safe_push_point_L14_p3o_budget_nosink_by_const_lr1e3ent_d5_s902/anchor	32.22	3.59	5.48	UNSTABLE (cost_std 5.5 > cost 3.6)							run-20260810_061619-safe_push_point_Level_14_p3o_budget_seed902_20260810_061617_272101	safe_push_point	14	p3o_budget	902	COMPLETED	0	03:12:40	03:12:33	2.64 GB	6025	
diag_6285168_4294967294.log	6285168	4294967294	1	diag	2026-08-10	diag	# DIAG  env=safe_push_point  L14  alg=p3o_budget  substrate=nosink  d=25  seed=902  steps=500e6	safe_push_point	14			p3o_budget	nosink	by_const	25		902	500e6			lr1e3ent														models/diag_safe_push_point_L14_p3o_budget_nosink_by_const_lr1e3ent_d25_s902/anchor	63.35	27.64	12.27	OK (on-bound, variance sane)							run-20260810_061619-safe_push_point_Level_14_p3o_budget_seed902_20260810_061617_175926	safe_push_point	14	p3o_budget	902	COMPLETED	0	03:11:08	03:11:01	2.62 GB	6025	
diag_6285169_4294967294.log	6285169	4294967294	1	diag	2026-08-10	diag	# DIAG  env=safe_push_point  L14  alg=p3o_budget  substrate=nosink  d=5  seed=903  steps=500e6	safe_push_point	14			p3o_budget	nosink	by_const	5		903	500e6			lr1e3ent														models/diag_safe_push_point_L14_p3o_budget_nosink_by_const_lr1e3ent_d5_s903/anchor	24.52	3.47	4.01	UNSTABLE (cost_std 4.0 > cost 3.5)							run-20260810_070839-safe_push_point_Level_14_p3o_budget_seed903_20260810_070836_656933	safe_push_point	14	p3o_budget	903	COMPLETED	0	03:12:11	03:12:00	2.62 GB	6025	
diag_6285170_4294967294.log	6285170	4294967294	1	diag	2026-08-10	diag	# DIAG  env=safe_push_point  L14  alg=p3o_budget  substrate=nosink  d=25  seed=903  steps=500e6	safe_push_point	14			p3o_budget	nosink	by_const	25		903	500e6			lr1e3ent														models/diag_safe_push_point_L14_p3o_budget_nosink_by_const_lr1e3ent_d25_s903/anchor	64.18	27.05	10.81	OK (on-bound, variance sane)							run-20260810_090322-safe_push_point_Level_14_p3o_budget_seed903_20260810_090319_358922	safe_push_point	14	p3o_budget	903	COMPLETED	0	03:11:30	03:11:12	2.65 GB	6025	
diag_6285171_4294967294.log	6285171	4294967294	1	diag	2026-08-10	diag	# DIAG  env=safe_push_point  L14  alg=p3o_budget  substrate=nosink  d=15  seed=901  steps=500e6	safe_push_point	14			p3o_budget	nosink	by_const	15		901	500e6			lr1e3ent														models/diag_safe_push_point_L14_p3o_budget_nosink_by_const_lr1e3ent_d15_s901/anchor	50.73	14.34	7.45	OK (on-bound, variance sane)							run-20260810_091353-safe_push_point_Level_14_p3o_budget_seed901_20260810_091349_474187	safe_push_point	14	p3o_budget	901	COMPLETED	0	03:46:12	03:45:16	2.26 GB	6021	
diag_6285172_4294967294.log	6285172	4294967294	1	diag	2026-08-10	diag	# DIAG  env=safe_push_point  L14  alg=p3o_budget  substrate=nosink  d=15  seed=902  steps=500e6	safe_push_point	14			p3o_budget	nosink	by_const	15		902	500e6			lr1e3ent														models/diag_safe_push_point_L14_p3o_budget_nosink_by_const_lr1e3ent_d15_s902/anchor	57.68	15.23	8.38	OK (on-bound, variance sane)							run-20260810_092734-safe_push_point_Level_14_p3o_budget_seed902_20260810_092731_847233	safe_push_point	14	p3o_budget	902	COMPLETED	0	03:11:11	03:10:56	2.63 GB	6025	
diag_6285173_4294967294.log	6285173	4294967294	1	diag	2026-08-10	diag	# DIAG  env=safe_push_point  L14  alg=p3o_budget  substrate=nosink  d=15  seed=903  steps=500e6	safe_push_point	14			p3o_budget	nosink	by_const	15		903	500e6			lr1e3ent														models/diag_safe_push_point_L14_p3o_budget_nosink_by_const_lr1e3ent_d15_s903/anchor	55.85	12.21	7.87	OK (on-bound, variance sane)							run-20260810_092854-safe_push_point_Level_14_p3o_budget_seed903_20260810_092852_112135	safe_push_point	14	p3o_budget	903	COMPLETED	0	03:12:45	03:12:44	2.62 GB	6025	
diag_6285174_4294967294.log	6285174	4294967294	1	diag	2026-08-10	diag	# DIAG  env=safe_push_point  L15  alg=p3o_budget  substrate=nosink  d=5  seed=902  steps=500e6	safe_push_point	15			p3o_budget	nosink	by_const	5		902	500e6			lr1e3ent														models/diag_safe_push_point_L15_p3o_budget_nosink_by_const_lr1e3ent_d5_s902/anchor	50.63	4.15	3.66	OK (on-bound, variance sane)							run-20260810_102059-safe_push_point_Level_15_p3o_budget_seed902_20260810_102056_848800	safe_push_point	15	p3o_budget	902	COMPLETED	0	03:04:53	03:04:30	2.63 GB	6025	
diag_6285175_4294967294.log	6285175	4294967294	1	diag	2026-08-10	diag	# DIAG  env=safe_push_point  L15  alg=p3o_budget  substrate=nosink  d=25  seed=902  steps=500e6	safe_push_point	15			p3o_budget	nosink	by_const	25		902	500e6			lr1e3ent														models/diag_safe_push_point_L15_p3o_budget_nosink_by_const_lr1e3ent_d25_s902/anchor	51.71	30.01	10.74	OVER-BOUND (cost 30.0 > 1.2*d=30.0)							run-20260810_121448-safe_push_point_Level_15_p3o_budget_seed902_20260810_121445_702209	safe_push_point	15	p3o_budget	902	COMPLETED	0	03:03:49	03:03:32	2.64 GB	6025	
diag_6285176_4294967294.log	6285176	4294967294	1	diag	2026-08-10	diag	# DIAG  env=safe_push_point  L15  alg=p3o_budget  substrate=nosink  d=5  seed=903  steps=500e6	safe_push_point	15			p3o_budget	nosink	by_const	5		903	500e6			lr1e3ent														models/diag_safe_push_point_L15_p3o_budget_nosink_by_const_lr1e3ent_d5_s903/anchor	46.10	5.33	5.79	UNSTABLE (cost_std 5.8 > cost 5.3)							run-20260810_123058-safe_push_point_Level_15_p3o_budget_seed903_20260810_123055_629477	safe_push_point	15	p3o_budget	903	COMPLETED	0	05:29:17	05:28:18	2.25 GB	6021	
diag_6285177_4294967294.log	6285177	4294967294	1	diag	2026-08-10	diag	# DIAG  env=safe_push_point  L15  alg=p3o_budget  substrate=nosink  d=25  seed=903  steps=500e6	safe_push_point	15			p3o_budget	nosink	by_const	25		903	500e6			lr1e3ent														models/diag_safe_push_point_L15_p3o_budget_nosink_by_const_lr1e3ent_d25_s903/anchor	64.96	27.11	9.68	OK (on-bound, variance sane)							run-20260810_123846-safe_push_point_Level_15_p3o_budget_seed903_20260810_123844_184960	safe_push_point	15	p3o_budget	903	COMPLETED	0	03:02:51	03:02:36	2.63 GB	6025	
diag_6285178_4294967294.log	6285178	4294967294	1	diag	2026-08-10	diag	# DIAG  env=safe_push_point  L15  alg=p3o_budget  substrate=nosink  d=15  seed=901  steps=500e6	safe_push_point	15			p3o_budget	nosink	by_const	15		901	500e6			lr1e3ent														models/diag_safe_push_point_L15_p3o_budget_nosink_by_const_lr1e3ent_d15_s901/anchor	54.79	13.29	6.69	OK (on-bound, variance sane)							run-20260810_124138-safe_push_point_Level_15_p3o_budget_seed901_20260810_124135_512531	safe_push_point	15	p3o_budget	901	COMPLETED	0	03:04:45	03:04:42	2.63 GB	6025	
diag_6285179_4294967294.log	6285179	4294967294	1	diag	2026-08-10	diag	# DIAG  env=safe_push_point  L15  alg=p3o_budget  substrate=nosink  d=15  seed=902  steps=500e6	safe_push_point	15			p3o_budget	nosink	by_const	15		902	500e6			lr1e3ent														models/diag_safe_push_point_L15_p3o_budget_nosink_by_const_lr1e3ent_d15_s902/anchor	54.60	13.02	8.23	OK (on-bound, variance sane)							run-20260810_130026-safe_push_point_Level_15_p3o_budget_seed902_20260810_130023_790841	safe_push_point	15	p3o_budget	902	COMPLETED	0	03:35:37	03:34:57	2.26 GB	6022	
diag_6285180_4294967294.log	6285180	4294967294	1	diag	2026-08-10	diag	# DIAG  env=safe_push_point  L15  alg=p3o_budget  substrate=nosink  d=15  seed=903  steps=500e6	safe_push_point	15			p3o_budget	nosink	by_const	15		903	500e6			lr1e3ent														models/diag_safe_push_point_L15_p3o_budget_nosink_by_const_lr1e3ent_d15_s903/anchor	62.85	17.37	7.83	OK (on-bound, variance sane)							run-20260810_151836-safe_push_point_Level_15_p3o_budget_seed903_20260810_151833_845725	safe_push_point	15	p3o_budget	903	COMPLETED	0	03:03:27	03:03:18	2.62 GB	6025	
diag_6287469_4294967294.log	6287469	4294967294	1	diag	2026-08-10	diag	# DIAG  env=safe_push_point  L1  alg=p3o_budget  substrate=nosink  d=5  seed=901  steps=500e6	safe_push_point	1			p3o_budget	nosink	by_const	5		901	500e6			lr1e3ent														models/diag_safe_push_point_L1_p3o_budget_nosink_by_const_lr1e3ent_d5_s901/anchor	69.06	4.80	4.68	OK (on-bound, variance sane)							run-20260810_163606-safe_push_point_Level_1_p3o_budget_seed901_20260810_163603_252477	safe_push_point	1	p3o_budget	901	COMPLETED	0	04:18:00	04:17:15	2.23 GB	6021	
diag_6287470_4294967294.log	6287470	4294967294	1	diag	2026-08-10	diag	# DIAG  env=safe_push_point  L1  alg=p3o_budget  substrate=nosink  d=15  seed=901  steps=500e6	safe_push_point	1			p3o_budget	nosink	by_const	15		901	500e6			lr1e3ent														models/diag_safe_push_point_L1_p3o_budget_nosink_by_const_lr1e3ent_d15_s901/anchor	74.94	15.80	10.60	OK (on-bound, variance sane)							run-20260810_164203-safe_push_point_Level_1_p3o_budget_seed901_20260810_164200_997212	safe_push_point	1	p3o_budget	901	COMPLETED	0	04:19:06	04:18:35	2.59 GB	6025	
diag_6287471_4294967294.log	6287471	4294967294	1	diag	2026-08-10	diag	# DIAG  env=safe_push_point  L1  alg=p3o_budget  substrate=nosink  d=25  seed=901  steps=500e6	safe_push_point	1			p3o_budget	nosink	by_const	25		901	500e6			lr1e3ent														models/diag_safe_push_point_L1_p3o_budget_nosink_by_const_lr1e3ent_d25_s901/anchor	75.11	26.27	17.08	OK (on-bound, variance sane)							run-20260810_170524-safe_push_point_Level_1_p3o_budget_seed901_20260810_170522_314676	safe_push_point	1	p3o_budget	901	COMPLETED	0	04:16:51	04:16:22	2.58 GB	6025	
diag_6287472_4294967294.log	6287472	4294967294	1	diag	2026-08-10	diag	# DIAG  env=safe_push_point  L1  alg=p3o_budget  substrate=nosink  d=5  seed=902  steps=500e6	safe_push_point	1			p3o_budget	nosink	by_const	5		902	500e6			lr1e3ent														models/diag_safe_push_point_L1_p3o_budget_nosink_by_const_lr1e3ent_d5_s902/anchor	84.85	3.35	3.83	UNSTABLE (cost_std 3.8 > cost 3.4)							run-20260810_173418-safe_push_point_Level_1_p3o_budget_seed902_20260810_173410_335157	safe_push_point	1	p3o_budget	902	COMPLETED	0	04:21:39	04:20:31	2.59 GB	6025	
diag_6287473_4294967294.log	6287473	4294967294	1	diag	2026-08-11	diag	# DIAG  env=safe_push_point  L1  alg=p3o_budget  substrate=nosink  d=15  seed=902  steps=500e6	safe_push_point	1			p3o_budget	nosink	by_const	15		902	500e6			lr1e3ent														models/diag_safe_push_point_L1_p3o_budget_nosink_by_const_lr1e3ent_d15_s902/anchor	87.30	12.22	7.60	OK (on-bound, variance sane)							run-20260810_180009-safe_push_point_Level_1_p3o_budget_seed902_20260810_180006_849429	safe_push_point	1	p3o_budget	902	COMPLETED	0	07:02:09	07:01:06	2.24 GB	6021	
diag_6287474_4294967294.log	6287474	4294967294	1	diag	2026-08-10	diag	# DIAG  env=safe_push_point  L1  alg=p3o_budget  substrate=nosink  d=25  seed=902  steps=500e6	safe_push_point	1			p3o_budget	nosink	by_const	25		902	500e6			lr1e3ent														models/diag_safe_push_point_L1_p3o_budget_nosink_by_const_lr1e3ent_d25_s902/anchor	84.83	23.94	11.89	OK (on-bound, variance sane)							run-20260810_180346-safe_push_point_Level_1_p3o_budget_seed902_20260810_180344_306005	safe_push_point	1	p3o_budget	902	COMPLETED	0	04:16:06	04:15:32	2.60 GB	6025	
diag_6287475_4294967294.log	6287475	4294967294	1	diag	2026-08-10	diag	# DIAG  env=safe_push_point  L1  alg=p3o_budget  substrate=nosink  d=5  seed=903  steps=500e6	safe_push_point	1			p3o_budget	nosink	by_const	5		903	500e6			lr1e3ent														models/diag_safe_push_point_L1_p3o_budget_nosink_by_const_lr1e3ent_d5_s903/anchor	87.55	4.42	4.42	OK (on-bound, variance sane)							run-20260810_182203-safe_push_point_Level_1_p3o_budget_seed903_20260810_182201_129538	safe_push_point	1	p3o_budget	903	COMPLETED	0	04:16:51	04:16:22	2.60 GB	6025	
diag_6287476_4294967294.log	6287476	4294967294	1	diag	2026-08-10	diag	# DIAG  env=safe_push_point  L1  alg=p3o_budget  substrate=nosink  d=15  seed=903  steps=500e6	safe_push_point	1			p3o_budget	nosink	by_const	15		903	500e6			lr1e3ent														models/diag_safe_push_point_L1_p3o_budget_nosink_by_const_lr1e3ent_d15_s903/anchor	85.73	16.37	12.59	OK (on-bound, variance sane)							run-20260810_183844-safe_push_point_Level_1_p3o_budget_seed903_20260810_183841_852540	safe_push_point	1	p3o_budget	903	COMPLETED	0	03:22:47	03:21:52	2.34 GB	6021	
diag_6287477_4294967294.log	6287477	4294967294	1	diag	2026-08-10	diag	# DIAG  env=safe_push_point  L1  alg=p3o_budget  substrate=nosink  d=25  seed=903  steps=500e6	safe_push_point	1			p3o_budget	nosink	by_const	25		903	500e6			lr1e3ent														models/diag_safe_push_point_L1_p3o_budget_nosink_by_const_lr1e3ent_d25_s903/anchor	85.20	24.05	13.06	OK (on-bound, variance sane)							run-20260810_184025-safe_push_point_Level_1_p3o_budget_seed903_20260810_184023_518817	safe_push_point	1	p3o_budget	903	COMPLETED	0	04:18:56	04:18:25	2.58 GB	6025	
diag_6290438_4294967294.log	6290438	4294967294	1	diag	2026-08-11	diag	# DIAG  env=safe_goal_point  L1  alg=p3o_budget  substrate=nosink  d=25  seed=901  steps=500e6	safe_goal_point	1			p3o_budget	nosink	by_const	25		901	500e6			lr1e3ent														models/diag_safe_goal_point_L1_p3o_budget_nosink_by_const_lr1e3ent_d25_s901/anchor	35.15	23.34	9.47	OK (on-bound, variance sane)							run-20260811_004230-safe_goal_point_Level_1_p3o_budget_seed901_20260811_004227_531018	safe_goal_point	1	p3o_budget	901	COMPLETED	0	01:31:56	01:31:18	2.08 GB	6509	
diag_6290444_4294967294.log	6290444	4294967294	1	diag	2026-08-11	diag	# DIAG  env=safe_goal_point  L1  alg=p3o_budget  substrate=nosink  d=25  seed=997  steps=2e6	safe_goal_point	1			p3o_budget	nosink	by_const	25		997	2e6			padtest														models/diag_safe_goal_point_L1_p3o_budget_nosink_by_const_padtest_d25_s997/anchor				could not parse eval row -- check log							run-20260811_010219-safe_goal_point_Level_1_p3o_budget_seed997_20260811_010215_992387	safe_goal_point	1	p3o_budget	997	COMPLETED	0	00:04:07	00:03:43	2.00 GB	353	
diag_6290820_4294967294.log	6290820	4294967294	1	diag	2026-08-11	diag	# DIAG  env=safe_goal_point  L1  alg=p3o_budget  substrate=nosink  d=5  seed=901  steps=500e6	safe_goal_point	1			p3o_budget	nosink	by_const	5		901	500e6			padtest														models/diag_safe_goal_point_L1_p3o_budget_nosink_by_const_padtest_d5_s901/anchor				could not parse eval row -- check log							run-20260811_040142-safe_goal_point_Level_1_p3o_budget_seed901_20260811_040140_181413	safe_goal_point	1	p3o_budget	901	COMPLETED	0	01:06:27	01:05:59	2.37 GB	6568	
diag_6290821_4294967294.log	6290821	4294967294	1	diag	2026-08-11	diag	# DIAG  env=safe_goal_point  L1  alg=p3o_budget  substrate=nosink  d=15  seed=901  steps=500e6	safe_goal_point	1			p3o_budget	nosink	by_const	15		901	500e6			padtest														models/diag_safe_goal_point_L1_p3o_budget_nosink_by_const_padtest_d15_s901/anchor				could not parse eval row -- check log							run-20260811_041054-safe_goal_point_Level_1_p3o_budget_seed901_20260811_041050_692537	safe_goal_point	1	p3o_budget	901	COMPLETED	0	01:06:46	01:06:26	2.36 GB	6568	
diag_6290822_4294967294.log	6290822	4294967294	1	diag	2026-08-11	diag	# DIAG  env=safe_goal_point  L1  alg=p3o_budget  substrate=nosink  d=25  seed=901  steps=500e6	safe_goal_point	1			p3o_budget	nosink	by_const	25		901	500e6			padtest														models/diag_safe_goal_point_L1_p3o_budget_nosink_by_const_padtest_d25_s901/anchor				could not parse eval row -- check log							run-20260811_042033-safe_goal_point_Level_1_p3o_budget_seed901_20260811_042030_787739	safe_goal_point	1	p3o_budget	901	COMPLETED	0	01:08:17	01:07:38	2.36 GB	6568	
diag_6290823_4294967294.log	6290823	4294967294	1	diag	2026-08-11	diag	# DIAG  env=safe_goal_point  L1  alg=p3o_budget  substrate=nosink  d=5  seed=902  steps=500e6	safe_goal_point	1			p3o_budget	nosink	by_const	5		902	500e6			padtest														models/diag_safe_goal_point_L1_p3o_budget_nosink_by_const_padtest_d5_s902/anchor				could not parse eval row -- check log							run-20260811_050803-safe_goal_point_Level_1_p3o_budget_seed902_20260811_050801_434195	safe_goal_point	1	p3o_budget	902	COMPLETED	0	01:05:34	01:05:14	2.38 GB	6568	
diag_6290824_4294967294.log	6290824	4294967294	1	diag	2026-08-11	diag	# DIAG  env=safe_goal_point  L1  alg=p3o_budget  substrate=nosink  d=15  seed=902  steps=500e6	safe_goal_point	1			p3o_budget	nosink	by_const	15		902	500e6			padtest														models/diag_safe_goal_point_L1_p3o_budget_nosink_by_const_padtest_d15_s902/anchor				could not parse eval row -- check log							run-20260811_051723-safe_goal_point_Level_1_p3o_budget_seed902_20260811_051719_646027	safe_goal_point	1	p3o_budget	902	COMPLETED	0	01:06:24	01:06:13	2.36 GB	6567	
diag_6290825_4294967294.log	6290825	4294967294	1	diag	2026-08-11	diag	# DIAG  env=safe_goal_point  L1  alg=p3o_budget  substrate=nosink  d=25  seed=902  steps=500e6	safe_goal_point	1			p3o_budget	nosink	by_const	25		902	500e6			padtest														models/diag_safe_goal_point_L1_p3o_budget_nosink_by_const_padtest_d25_s902/anchor				could not parse eval row -- check log							run-20260811_051726-safe_goal_point_Level_1_p3o_budget_seed902_20260811_051725_350549	safe_goal_point	1	p3o_budget	902	COMPLETED	0	01:07:04	01:06:56	2.34 GB	6568	
diag_6290826_4294967294.log	6290826	4294967294	1	diag	2026-08-11	diag	# DIAG  env=safe_goal_point  L1  alg=p3o_budget  substrate=nosink  d=5  seed=903  steps=500e6	safe_goal_point	1			p3o_budget	nosink	by_const	5		903	500e6			padtest														models/diag_safe_goal_point_L1_p3o_budget_nosink_by_const_padtest_d5_s903/anchor				could not parse eval row -- check log							run-20260811_052745-safe_goal_point_Level_1_p3o_budget_seed903_20260811_052742_687988	safe_goal_point	1	p3o_budget	903	COMPLETED	0	01:23:42	01:22:56	1.99 GB	6566	
diag_6290827_4294967294.log	6290827	4294967294	1	diag	2026-08-11	diag	# DIAG  env=safe_goal_point  L1  alg=p3o_budget  substrate=nosink  d=15  seed=903  steps=500e6	safe_goal_point	1			p3o_budget	nosink	by_const	15		903	500e6			padtest														models/diag_safe_goal_point_L1_p3o_budget_nosink_by_const_padtest_d15_s903/anchor				could not parse eval row -- check log							run-20260811_052746-safe_goal_point_Level_1_p3o_budget_seed903_20260811_052742_652337	safe_goal_point	1	p3o_budget	903	COMPLETED	0	02:24:02	02:23:10	2.08 GB	6566	
diag_6290828_4294967294.log	6290828	4294967294	1	diag	2026-08-11	diag	# DIAG  env=safe_goal_point  L1  alg=p3o_budget  substrate=nosink  d=25  seed=903  steps=500e6	safe_goal_point	1			p3o_budget	nosink	by_const	25		903	500e6			padtest														models/diag_safe_goal_point_L1_p3o_budget_nosink_by_const_padtest_d25_s903/anchor				could not parse eval row -- check log							run-20260811_052842-safe_goal_point_Level_1_p3o_budget_seed903_20260811_052840_143783	safe_goal_point	1	p3o_budget	903	COMPLETED	0	01:06:44	01:06:14	2.36 GB	6568	
diag_6294293_4294967294.log	6294293	4294967294	1	diag	2026-08-12	diag	# DIAG  env=safe_push_point  L14  alg=p3o_budget  substrate=nosink  d=5  seed=996  steps=2e6	safe_push_point	14			p3o_budget	nosink	by_const	5		996	2e6			cvtest														models/diag_safe_push_point_L14_p3o_budget_nosink_by_const_cvtest_d5_s996/anchor	1.35	248.20	412.86	OVER-BOUND (cost 248.2 > 1.2*d=6.0) ; UNSTABLE (cost_std 412.9 > cost 248.2)							run-20260812_031831-safe_push_point_Level_14_p3o_budget_seed996_20260812_031828_941938	safe_push_point	14	p3o_budget	996	COMPLETED	0	00:10:59	00:10:42	2.44 GB	291	
diag_6294305_4294967294.log	6294305	4294967294	1	diag	2026-08-12	diag	# DIAG  env=safe_push_point  L14  alg=p3o_budget  substrate=nosink  d=5  seed=901  steps=500e6	safe_push_point	14			p3o_budget	nosink	by_const	5		901	500e6			cv														models/diag_safe_push_point_L14_p3o_budget_nosink_by_const_cv_d5_s901/anchor	28.04	3.91	3.35	OK (on-bound, variance sane)							run-20260812_033753-safe_push_point_Level_14_p3o_budget_seed901_20260812_033750_408360	safe_push_point	14	p3o_budget	901	COMPLETED	0	02:59:14	02:58:42	2.39 GB	6021	
diag_6297513_4294967294.log	6297513	4294967294	1	diag	2026-08-13	diag	# DIAG  env=safe_push_point  L14  alg=p3o_budget  substrate=nosink  d=5  seed=904  steps=500e6	safe_push_point	14			p3o_budget	nosink	by_const	5		904	500e6			lr1e3ent														models/diag_safe_push_point_L14_p3o_budget_nosink_by_const_lr1e3ent_d5_s904/anchor	31.66	4.09	4.04	OK (on-bound, variance sane)							run-20260813_023358-safe_push_point_Level_14_p3o_budget_seed904_20260813_023348_766893	safe_push_point	14	p3o_budget	904	COMPLETED	0	03:13:54	03:13:08	2.62 GB	6024	
diag_6297514_4294967294.log	6297514	4294967294	1	diag	2026-08-13	diag	# DIAG  env=safe_push_point  L14  alg=p3o_budget  substrate=nosink  d=15  seed=904  steps=500e6	safe_push_point	14			p3o_budget	nosink	by_const	15		904	500e6			lr1e3ent														models/diag_safe_push_point_L14_p3o_budget_nosink_by_const_lr1e3ent_d15_s904/anchor	49.56	12.71	6.96	OK (on-bound, variance sane)							run-20260813_023418-safe_push_point_Level_14_p3o_budget_seed904_20260813_023415_555986	safe_push_point	14	p3o_budget	904	COMPLETED	0	02:59:40	02:58:43	2.37 GB	6021	
diag_6297515_4294967294.log	6297515	4294967294	1	diag	2026-08-13	diag	# DIAG  env=safe_push_point  L14  alg=p3o_budget  substrate=nosink  d=25  seed=904  steps=500e6	safe_push_point	14			p3o_budget	nosink	by_const	25		904	500e6			lr1e3ent														models/diag_safe_push_point_L14_p3o_budget_nosink_by_const_lr1e3ent_d25_s904/anchor	52.92	27.23	25.31	OK (on-bound, variance sane)							run-20260813_023639-safe_push_point_Level_14_p3o_budget_seed904_20260813_023634_647836	safe_push_point	14	p3o_budget	904	COMPLETED	0	03:12:13	03:12:02	2.62 GB	6026	
diag_6297516_4294967294.log	6297516	4294967294	1	diag	2026-08-13	diag	# DIAG  env=safe_push_point  L16  alg=p3o_budget  substrate=nosink  d=25  seed=904  steps=500e6	safe_push_point	16			p3o_budget	nosink	by_const	25		904	500e6			lr1e3ent														models/diag_safe_push_point_L16_p3o_budget_nosink_by_const_lr1e3ent_d25_s904/anchor	54.93	26.88	10.08	OK (on-bound, variance sane)							run-20260813_023704-safe_push_point_Level_16_p3o_budget_seed904_20260813_023702_782456	safe_push_point	16	p3o_budget	904	COMPLETED	0	03:12:07	03:12:01	2.63 GB	6025	
diag_6297517_4294967294.log	6297517	4294967294	1	diag	2026-08-13	diag	# DIAG  env=safe_push_point  L1  alg=p3o_budget  substrate=nosink  d=25  seed=904  steps=500e6	safe_push_point	1			p3o_budget	nosink	by_const	25		904	500e6			lr1e3ent														models/diag_safe_push_point_L1_p3o_budget_nosink_by_const_lr1e3ent_d25_s904/anchor	76.15	23.27	12.04	OK (on-bound, variance sane)							run-20260813_030025-safe_push_point_Level_1_p3o_budget_seed904_20260813_030023_757814	safe_push_point	1	p3o_budget	904	COMPLETED	0	04:18:08	04:17:33	2.59 GB	6025	
diag_6297518_4294967294.log	6297518	4294967294	1	diag	2026-08-13	diag	# DIAG  env=safe_goal_point  L1  alg=p3o_budget  substrate=nosink  d=25  seed=904  steps=500e6	safe_goal_point	1			p3o_budget	nosink	by_const	25		904	500e6			padtest														models/diag_safe_goal_point_L1_p3o_budget_nosink_by_const_padtest_d25_s904/anchor	35.79	24.22	8.77	OK (on-bound, variance sane)							run-20260813_031525-safe_goal_point_Level_1_p3o_budget_seed904_20260813_031522_749080	safe_goal_point	1	p3o_budget	904	COMPLETED	0	01:48:31	01:47:56	2.00 GB	6511	
diag_6297519_4294967294.log	6297519	4294967294	1	diag	2026-08-13	diag	# DIAG  env=safe_push_point  L14  alg=p3o_budget  substrate=nosink  d=5  seed=905  steps=500e6	safe_push_point	14			p3o_budget	nosink	by_const	5		905	500e6			lr1e3ent														models/diag_safe_push_point_L14_p3o_budget_nosink_by_const_lr1e3ent_d5_s905/anchor	34.36	4.22	4.49	UNSTABLE (cost_std 4.5 > cost 4.2)							run-20260813_041107-safe_push_point_Level_14_p3o_budget_seed905_20260813_041104_185087	safe_push_point	14	p3o_budget	905	COMPLETED	0	03:48:22	03:47:29	2.26 GB	6021	
diag_6297520_4294967294.log	6297520	4294967294	1	diag	2026-08-13	diag	# DIAG  env=safe_push_point  L14  alg=p3o_budget  substrate=nosink  d=15  seed=905  steps=500e6	safe_push_point	14			p3o_budget	nosink	by_const	15		905	500e6			lr1e3ent														models/diag_safe_push_point_L14_p3o_budget_nosink_by_const_lr1e3ent_d15_s905/anchor	61.33	12.62	7.58	OK (on-bound, variance sane)							run-20260813_050357-safe_push_point_Level_14_p3o_budget_seed905_20260813_050354_316981	safe_push_point	14	p3o_budget	905	COMPLETED	0	04:51:08	04:50:30	2.26 GB	6021	
diag_6297521_4294967294.log	6297521	4294967294	1	diag	2026-08-13	diag	# DIAG  env=safe_push_point  L14  alg=p3o_budget  substrate=nosink  d=25  seed=905  steps=500e6	safe_push_point	14			p3o_budget	nosink	by_const	25		905	500e6			lr1e3ent														models/diag_safe_push_point_L14_p3o_budget_nosink_by_const_lr1e3ent_d25_s905/anchor	62.84	25.33	12.59	OK (on-bound, variance sane)							run-20260813_053354-safe_push_point_Level_14_p3o_budget_seed905_20260813_053351_904005	safe_push_point	14	p3o_budget	905	COMPLETED	0	02:59:25	02:58:52	2.39 GB	6021	
diag_6297522_4294967294.log	6297522	4294967294	1	diag	2026-08-13	diag	# DIAG  env=safe_push_point  L16  alg=p3o_budget  substrate=nosink  d=25  seed=905  steps=500e6	safe_push_point	16			p3o_budget	nosink	by_const	25		905	500e6			lr1e3ent														models/diag_safe_push_point_L16_p3o_budget_nosink_by_const_lr1e3ent_d25_s905/anchor	59.71	24.66	9.89	OK (on-bound, variance sane)							run-20260813_053353-safe_push_point_Level_16_p3o_budget_seed905_20260813_053350_305750	safe_push_point	16	p3o_budget	905	COMPLETED	0	05:50:44	05:49:59	2.26 GB	6020	
diag_6297523_4294967294.log	6297523	4294967294	1	diag	2026-08-13	diag	# DIAG  env=safe_push_point  L1  alg=p3o_budget  substrate=nosink  d=25  seed=905  steps=500e6	safe_push_point	1			p3o_budget	nosink	by_const	25		905	500e6			lr1e3ent														models/diag_safe_push_point_L1_p3o_budget_nosink_by_const_lr1e3ent_d25_s905/anchor	76.13	22.01	15.56	OK (on-bound, variance sane)							run-20260813_054726-safe_push_point_Level_1_p3o_budget_seed905_20260813_054724_828120	safe_push_point	1	p3o_budget	905	COMPLETED	0	04:20:22	04:19:45	2.58 GB	6024	
diag_6297524_4294967294.log	6297524	4294967294	1	diag	2026-08-13	diag	# DIAG  env=safe_goal_point  L1  alg=p3o_budget  substrate=nosink  d=25  seed=905  steps=500e6	safe_goal_point	1			p3o_budget	nosink	by_const	25		905	500e6			padtest														models/diag_safe_goal_point_L1_p3o_budget_nosink_by_const_padtest_d25_s905/anchor	35.55	25.83	9.35	OK (on-bound, variance sane)							run-20260813_054846-safe_goal_point_Level_1_p3o_budget_seed905_20260813_054844_676847	safe_goal_point	1	p3o_budget	905	COMPLETED	0	01:10:49	01:10:41	2.36 GB	6515	
diag_6299027_4294967294.log	6299027	4294967294	1	diag	2026-08-13	diag	# DIAG  env=safe_push_point  L14  alg=p3o_budget  substrate=nosink  d=5  seed=901  steps=500e6	safe_push_point	14			p3o_budget	nosink	by_const	5		901	500e6			lr1e3ent														models/diag_safe_push_point_L14_p3o_budget_nosink_by_const_lr1e3ent_d5_s901/anchor	28.61	4.38	3.78	OK (on-bound, variance sane)							run-20260813_140555-safe_push_point_Level_14_p3o_budget_seed901_20260813_140551_939186	safe_push_point	14	p3o_budget	901	COMPLETED	0	03:48:29	03:47:48	2.26 GB	6021	
diag_6299028_4294967294.log	6299028	4294967294	1	diag	2026-08-13	diag	# DIAG  env=safe_push_point  L14  alg=p3o_budget  substrate=nosink  d=15  seed=901  steps=500e6	safe_push_point	14			p3o_budget	nosink	by_const	15		901	500e6			lr1e3ent														models/diag_safe_push_point_L14_p3o_budget_nosink_by_const_lr1e3ent_d15_s901/anchor	50.31	12.81	7.03	OK (on-bound, variance sane)							run-20260813_140554-safe_push_point_Level_14_p3o_budget_seed901_20260813_140551_474552	safe_push_point	14	p3o_budget	901	COMPLETED	0	04:58:14	04:57:26	2.26 GB	6020	
diag_6299029_4294967294.log	6299029	4294967294	1	diag	2026-08-13	diag	# DIAG  env=safe_push_point  L14  alg=p3o_budget  substrate=nosink  d=25  seed=901  steps=500e6	safe_push_point	14			p3o_budget	nosink	by_const	25		901	500e6			lr1e3ent														models/diag_safe_push_point_L14_p3o_budget_nosink_by_const_lr1e3ent_d25_s901/anchor	52.83	22.70	10.26	OK (on-bound, variance sane)							run-20260813_140554-safe_push_point_Level_14_p3o_budget_seed901_20260813_140551_464818	safe_push_point	14	p3o_budget	901	COMPLETED	0	05:36:29	05:35:44	2.26 GB	6021	
diag_6299030_4294967294.log	6299030	4294967294	1	diag	2026-08-13	diag	# DIAG  env=safe_push_point  L16  alg=p3o_budget  substrate=nosink  d=25  seed=901  steps=500e6	safe_push_point	16			p3o_budget	nosink	by_const	25		901	500e6			lr1e3ent														models/diag_safe_push_point_L16_p3o_budget_nosink_by_const_lr1e3ent_d25_s901/anchor	52.00	23.20	8.94	OK (on-bound, variance sane)							run-20260813_140613-safe_push_point_Level_16_p3o_budget_seed901_20260813_140609_608125	safe_push_point	16	p3o_budget	901	COMPLETED	0	03:14:32	03:13:35	2.63 GB	6025	
diag_6299031_4294967294.log	6299031	4294967294	1	diag	2026-08-13	diag	# DIAG  env=safe_push_point  L1  alg=p3o_budget  substrate=nosink  d=25  seed=901  steps=500e6	safe_push_point	1			p3o_budget	nosink	by_const	25		901	500e6			lr1e3ent														models/diag_safe_push_point_L1_p3o_budget_nosink_by_const_lr1e3ent_d25_s901/anchor	75.11	26.27	17.08	OK (on-bound, variance sane)							run-20260813_141852-safe_push_point_Level_1_p3o_budget_seed901_20260813_141849_223543	safe_push_point	1	p3o_budget	901	COMPLETED	0	04:17:29	04:16:52	2.58 GB	6024	
diag_6299032_4294967294.log	6299032	4294967294	1	diag	2026-08-13	diag	# DIAG  env=safe_goal_point  L1  alg=p3o_budget  substrate=nosink  d=25  seed=901  steps=500e6	safe_goal_point	1			p3o_budget	nosink	by_const	25		901	500e6			padtest														models/diag_safe_goal_point_L1_p3o_budget_nosink_by_const_padtest_d25_s901/anchor	35.30	22.42	8.43	OK (on-bound, variance sane)							run-20260813_142740-safe_goal_point_Level_1_p3o_budget_seed901_20260813_142734_986556	safe_goal_point	1	p3o_budget	901	COMPLETED	0	01:12:56	01:12:28	2.36 GB	6515	
diag_6299033_4294967294.log	6299033	4294967294	1	diag	2026-08-13	diag	# DIAG  env=safe_push_point  L14  alg=p3o_budget  substrate=nosink  d=5  seed=902  steps=500e6	safe_push_point	14			p3o_budget	nosink	by_const	5		902	500e6			lr1e3ent														models/diag_safe_push_point_L14_p3o_budget_nosink_by_const_lr1e3ent_d5_s902/anchor	32.22	3.59	5.48	UNSTABLE (cost_std 5.5 > cost 3.6)							run-20260813_144202-safe_push_point_Level_14_p3o_budget_seed902_20260813_144200_024017	safe_push_point	14	p3o_budget	902	COMPLETED	0	03:12:25	03:11:59	2.63 GB	6024	
diag_6299034_4294967294.log	6299034	4294967294	1	diag	2026-08-13	diag	# DIAG  env=safe_push_point  L14  alg=p3o_budget  substrate=nosink  d=15  seed=902  steps=500e6	safe_push_point	14			p3o_budget	nosink	by_const	15		902	500e6			lr1e3ent														models/diag_safe_push_point_L14_p3o_budget_nosink_by_const_lr1e3ent_d15_s902/anchor	57.68	15.23	8.38	OK (on-bound, variance sane)							run-20260813_151254-safe_push_point_Level_14_p3o_budget_seed902_20260813_151250_107264	safe_push_point	14	p3o_budget	902	COMPLETED	0	03:12:10	03:11:47	2.64 GB	6024	
diag_6299035_4294967294.log	6299035	4294967294	1	diag	2026-08-13	diag	# DIAG  env=safe_push_point  L14  alg=p3o_budget  substrate=nosink  d=25  seed=902  steps=500e6	safe_push_point	14			p3o_budget	nosink	by_const	25		902	500e6			lr1e3ent														models/diag_safe_push_point_L14_p3o_budget_nosink_by_const_lr1e3ent_d25_s902/anchor	62.74	21.19	9.90	OK (on-bound, variance sane)							run-20260813_154029-safe_push_point_Level_14_p3o_budget_seed902_20260813_154026_868416	safe_push_point	14	p3o_budget	902	COMPLETED	0	03:12:12	03:11:54	2.63 GB	6025	
diag_6299036_4294967294.log	6299036	4294967294	1	diag	2026-08-13	diag	# DIAG  env=safe_push_point  L16  alg=p3o_budget  substrate=nosink  d=25  seed=902  steps=500e6	safe_push_point	16			p3o_budget	nosink	by_const	25		902	500e6			lr1e3ent														models/diag_safe_push_point_L16_p3o_budget_nosink_by_const_lr1e3ent_d25_s902/anchor	50.51	22.23	8.57	OK (on-bound, variance sane)							run-20260813_172035-safe_push_point_Level_16_p3o_budget_seed902_20260813_172033_560149	safe_push_point	16	p3o_budget	902	COMPLETED	0	03:13:51	03:13:08	2.63 GB	6025	
diag_6299037_4294967294.log	6299037	4294967294	1	diag	2026-08-13	diag	# DIAG  env=safe_push_point  L1  alg=p3o_budget  substrate=nosink  d=25  seed=902  steps=500e6	safe_push_point	1			p3o_budget	nosink	by_const	25		902	500e6			lr1e3ent														models/diag_safe_push_point_L1_p3o_budget_nosink_by_const_lr1e3ent_d25_s902/anchor	86.09	25.36	14.31	OK (on-bound, variance sane)							run-20260813_175418-safe_push_point_Level_1_p3o_budget_seed902_20260813_175416_250319	safe_push_point	1	p3o_budget	902	COMPLETED	0	04:17:52	04:17:22	2.58 GB	6025	
diag_6299038_4294967294.log	6299038	4294967294	1	diag	2026-08-13	diag	# DIAG  env=safe_goal_point  L1  alg=p3o_budget  substrate=nosink  d=25  seed=902  steps=500e6	safe_goal_point	1			p3o_budget	nosink	by_const	25		902	500e6			padtest														models/diag_safe_goal_point_L1_p3o_budget_nosink_by_const_padtest_d25_s902/anchor	35.16	22.31	10.22	OK (on-bound, variance sane)							run-20260813_175445-safe_goal_point_Level_1_p3o_budget_seed902_20260813_175443_281464	safe_goal_point	1	p3o_budget	902	COMPLETED	0	01:30:08	01:29:44	2.02 GB	6511	
diag_6299039_4294967294.log	6299039	4294967294	1	diag	2026-08-13	diag	# DIAG  env=safe_push_point  L14  alg=p3o_budget  substrate=nosink  d=5  seed=903  steps=500e6	safe_push_point	14			p3o_budget	nosink	by_const	5		903	500e6			lr1e3ent														models/diag_safe_push_point_L14_p3o_budget_nosink_by_const_lr1e3ent_d5_s903/anchor	31.81	5.22	5.98	UNSTABLE (cost_std 6.0 > cost 5.2)							run-20260813_182456-safe_push_point_Level_14_p3o_budget_seed903_20260813_182452_911142	safe_push_point	14	p3o_budget	903	COMPLETED	0	03:11:58	03:12:05	2.62 GB	6025	
diag_6299040_4294967294.log	6299040	4294967294	1	diag	2026-08-13	diag	# DIAG  env=safe_push_point  L14  alg=p3o_budget  substrate=nosink  d=15  seed=903  steps=500e6	safe_push_point	14			p3o_budget	nosink	by_const	15		903	500e6			lr1e3ent														models/diag_safe_push_point_L14_p3o_budget_nosink_by_const_lr1e3ent_d15_s903/anchor	57.21	13.43	7.92	OK (on-bound, variance sane)							run-20260813_183611-safe_push_point_Level_14_p3o_budget_seed903_20260813_183609_053123	safe_push_point	14	p3o_budget	903	COMPLETED	0	03:11:58	03:11:43	2.63 GB	6025	
diag_6299041_4294967294.log	6299041	4294967294	1	diag	2026-08-13	diag	# DIAG  env=safe_push_point  L14  alg=p3o_budget  substrate=nosink  d=25  seed=903  steps=500e6	safe_push_point	14			p3o_budget	nosink	by_const	25		903	500e6			lr1e3ent														models/diag_safe_push_point_L14_p3o_budget_nosink_by_const_lr1e3ent_d25_s903/anchor	64.18	27.05	10.81	OK (on-bound, variance sane)							run-20260813_183824-safe_push_point_Level_14_p3o_budget_seed903_20260813_183821_930177	safe_push_point	14	p3o_budget	903	COMPLETED	0	03:10:54	03:10:12	2.63 GB	6025	
diag_6299042_4294967294.log	6299042	4294967294	1	diag	2026-08-13	diag	# DIAG  env=safe_push_point  L16  alg=p3o_budget  substrate=nosink  d=25  seed=903  steps=500e6	safe_push_point	16			p3o_budget	nosink	by_const	25		903	500e6			lr1e3ent														models/diag_safe_push_point_L16_p3o_budget_nosink_by_const_lr1e3ent_d25_s903/anchor	64.45	23.76	8.47	OK (on-bound, variance sane)							run-20260813_185236-safe_push_point_Level_16_p3o_budget_seed903_20260813_185234_051569	safe_push_point	16	p3o_budget	903	COMPLETED	0	03:12:29	03:12:13	2.63 GB	6024	
diag_6299043_4294967294.log	6299043	4294967294	1	diag	2026-08-14	diag	# DIAG  env=safe_push_point  L1  alg=p3o_budget  substrate=nosink  d=25  seed=903  steps=500e6	safe_push_point	1			p3o_budget	nosink	by_const	25		903	500e6			lr1e3ent														models/diag_safe_push_point_L1_p3o_budget_nosink_by_const_lr1e3ent_d25_s903/anchor	86.50	25.25	12.49	OK (on-bound, variance sane)							run-20260813_190401-safe_push_point_Level_1_p3o_budget_seed903_20260813_190359_289876	safe_push_point	1	p3o_budget	903	COMPLETED	0	06:05:17	06:04:11	2.23 GB	6021	
diag_6299044_4294967294.log	6299044	4294967294	1	diag	2026-08-13	diag	# DIAG  env=safe_goal_point  L1  alg=p3o_budget  substrate=nosink  d=25  seed=903  steps=500e6	safe_goal_point	1			p3o_budget	nosink	by_const	25		903	500e6			padtest														models/diag_safe_goal_point_L1_p3o_budget_nosink_by_const_padtest_d25_s903/anchor	35.39	24.83	9.56	OK (on-bound, variance sane)							run-20260813_192505-safe_goal_point_Level_1_p3o_budget_seed903_20260813_192502_814888	safe_goal_point	1	p3o_budget	903	COMPLETED	0	01:32:05	01:31:37	2.01 GB	6511	
diag_6304536_4294967294.log	6304536	4294967294	1	diag	2026-08-15	diag	# DIAG  env=safe_push_point  L14  alg=p3o_budget  substrate=nosink  d=5  seed=901  steps=500e6	safe_push_point	14			p3o_budget	nosink	by_threshold	5		901	500e6			bt														models/diag_safe_push_point_L14_p3o_budget_nosink_by_threshold_bt_d5_s901/anchor	30.81	4.39	4.36	OK (on-bound, variance sane)							run-20260815_043740-safe_push_point_Level_14_p3o_budget_seed901_20260815_043737_969718	safe_push_point	14	p3o_budget	901	COMPLETED	0	02:59:08	02:58:19	2.39 GB	6021	
diag_6304537_4294967294.log	6304537	4294967294	1	diag	2026-08-15	diag	# DIAG  env=safe_push_point  L14  alg=p3o_budget  substrate=nosink  d=25  seed=901  steps=500e6	safe_push_point	14			p3o_budget	nosink	by_threshold	25		901	500e6			bt														models/diag_safe_push_point_L14_p3o_budget_nosink_by_threshold_bt_d25_s901/anchor	53.32	25.50	8.30	OK (on-bound, variance sane)							run-20260815_043739-safe_push_point_Level_14_p3o_budget_seed901_20260815_043737_069416	safe_push_point	14	p3o_budget	901	COMPLETED	0	02:59:19	02:58:49	2.39 GB	6021	
diag_6304538_4294967294.log	6304538	4294967294	1	diag	2026-08-15	diag	# DIAG  env=safe_push_point  L14  alg=p3o_budget  substrate=nosink  d=5  seed=903  steps=500e6	safe_push_point	14			p3o_budget	nosink	by_threshold	5		903	500e6			bt														models/diag_safe_push_point_L14_p3o_budget_nosink_by_threshold_bt_d5_s903/anchor	28.16	3.04	3.57	UNSTABLE (cost_std 3.6 > cost 3.0)							run-20260815_050417-safe_push_point_Level_14_p3o_budget_seed903_20260815_050414_208516	safe_push_point	14	p3o_budget	903	COMPLETED	0	03:47:51	03:46:58	2.27 GB	6021	
diag_6304539_4294967294.log	6304539	4294967294	1	diag	2026-08-15	diag	# DIAG  env=safe_push_point  L14  alg=p3o_budget  substrate=nosink  d=25  seed=903  steps=500e6	safe_push_point	14			p3o_budget	nosink	by_threshold	25		903	500e6			bt														models/diag_safe_push_point_L14_p3o_budget_nosink_by_threshold_bt_d25_s903/anchor	53.37	20.43	9.07	OK (on-bound, variance sane)							run-20260815_050416-safe_push_point_Level_14_p3o_budget_seed903_20260815_050413_362819	safe_push_point	14	p3o_budget	903	COMPLETED	0	03:47:54	03:47:14	2.27 GB	6021	
diag_6310250_4294967294.log	6310250	4294967294	1	diag	2026-08-17	diag	# DIAG  env=safe_push_point  L14  alg=p3o_budget  substrate=nosink  d=10  seed=901  steps=500e6	safe_push_point	14			p3o_budget	nosink	by_const	10		901	500e6			lr1e3ent														models/diag_safe_push_point_L14_p3o_budget_nosink_by_const_lr1e3ent_d10_s901/anchor	46.60	9.32	6.62	OK (on-bound, variance sane)							run-20260817_173134-safe_push_point_Level_14_p3o_budget_seed901_20260817_173131_515532	safe_push_point	14	p3o_budget	901	COMPLETED	0	03:47:25	03:46:42	2.26 GB	6021	
diag_6310251_4294967294.log	6310251	4294967294	1	diag	2026-08-17	diag	# DIAG  env=safe_push_point  L14  alg=p3o_budget  substrate=nosink  d=10  seed=903  steps=500e6	safe_push_point	14			p3o_budget	nosink	by_const	10		903	500e6			lr1e3ent														models/diag_safe_push_point_L14_p3o_budget_nosink_by_const_lr1e3ent_d10_s903/anchor	49.71	9.05	7.17	OK (on-bound, variance sane)							run-20260817_180728-safe_push_point_Level_14_p3o_budget_seed903_20260817_180726_178660	safe_push_point	14	p3o_budget	903	COMPLETED	0	03:14:45	03:13:53	2.62 GB	6025	
diag_6310252_4294967294.log	6310252	4294967294	1	diag	2026-08-17	diag	# DIAG  env=safe_push_point  L14  alg=p3o_budget  substrate=nosink  d=10  seed=904  steps=500e6	safe_push_point	14			p3o_budget	nosink	by_const	10		904	500e6			lr1e3ent														models/diag_safe_push_point_L14_p3o_budget_nosink_by_const_lr1e3ent_d10_s904/anchor	45.17	9.19	6.84	OK (on-bound, variance sane)							run-20260817_185708-safe_push_point_Level_14_p3o_budget_seed904_20260817_185704_510194	safe_push_point	14	p3o_budget	904	COMPLETED	0	03:48:48	03:47:51	2.28 GB	6021	
diag_6314467_4294967294.log	6314467	4294967294	1	diag	2026-08-18	diag	# DIAG  env=safe_push_point  L14  alg=p3o_budget  substrate=nosink  d=10  seed=902  steps=500e6	safe_push_point	14			p3o_budget	nosink	by_const	10		902	500e6			lr1e3ent														models/diag_safe_push_point_L14_p3o_budget_nosink_by_const_lr1e3ent_d10_s902/anchor	50.20	10.41	8.11	OK (on-bound, variance sane)							run-20260818_031017-safe_push_point_Level_14_p3o_budget_seed902_20260818_031013_584015	safe_push_point	14	p3o_budget	902	COMPLETED	0	05:30:24	05:29:18	2.26 GB	6020	
diag_6314468_4294967294.log	6314468	4294967294	1	diag	2026-08-18	diag	# DIAG  env=safe_push_point  L14  alg=p3o_budget  substrate=nosink  d=10  seed=905  steps=500e6	safe_push_point	14			p3o_budget	nosink	by_const	10		905	500e6			lr1e3ent														models/diag_safe_push_point_L14_p3o_budget_nosink_by_const_lr1e3ent_d10_s905/anchor	52.49	10.51	7.18	OK (on-bound, variance sane)							run-20260818_032235-safe_push_point_Level_14_p3o_budget_seed905_20260818_032232_854931	safe_push_point	14	p3o_budget	905	COMPLETED	0	03:15:51	03:15:06	2.63 GB	6025	
evtest_6293500.log	6293500		1	evtest	2026-08-11	legacy_nomark	return np.asarray(x, dtypes.canonicalize_dtype(x.dtype))																																												COMPLETED	0	00:03:09	00:02:55	1.58 GB	48	
evtest_6293505.log	6293505		1	evtest	2026-08-11	legacy_nomark	return np.asarray(x, dtypes.canonicalize_dtype(x.dtype))																																												COMPLETED	0	00:02:26	00:02:17	1.65 GB	48	
f=diag_6242763_4294967294.log	6242763	4294967294	1	f=diag	2026-07-31	legacy_nomark																																																		1	1
native_p3o_l2_6158552.log	6158552		1	native_p3o_l2	2026-07-16	legacy_wandb	Checking that the installation succeeded:	safe_goal_point	2			p3o					0																													run-20260716_040858-safe_goal_point_Level_2_p3o_seed0_20260716_040856_178266	safe_goal_point	2	p3o	0	COMPLETED	0	00:29:56	00:29:35	2.36 GB	1494	
native_p3o_l2_6158576.log	6158576		1	native_p3o_l2	2026-07-16	legacy_wandb	Checking that the installation succeeded:	safe_reacher	1			p3o					0																													run-20260716_045544-safe_reacher_Level_1_p3o_seed0_20260716_045542_437893	safe_reacher	1	p3o	0	COMPLETED	0	00:10:31	00:10:14	2.45 GB	1798	
phase2_6244704.log	6244704		1	phase2	2026-07-31	phase2	### PHASE2 safe_push_point L1 norm=by_threshold d5->d25 naive s901	safe_push_point	1			ppo_lag		by_threshold	25	5	901					naive																								run-20260731_140411-safe_goal_point_Level_1_ppo_lag_seed0_20260731_140408_393104	safe_goal_point	1	ppo_lag	0	CANCELLED	0	00:07:36	00:07:16	2.00 GB	273	
phase2_6244705.log	6244705		1	phase2	2026-07-31	phase2	### PHASE2 safe_push_point L1 norm=by_threshold d5->d25 dual s901	safe_push_point	1			ppo_lag		by_threshold	25	5	901					dual																								run-20260731_140411-safe_goal_point_Level_1_ppo_lag_seed0_20260731_140408_294324	safe_goal_point	1	ppo_lag	0	CANCELLED	0	00:07:36	00:07:17	1.99 GB	87	
phase2_6244706.log	6244706		1	phase2	2026-07-31	phase2	### PHASE2 safe_push_point L1 norm=by_threshold d5->d25 naive s902	safe_push_point	1			ppo_lag		by_threshold	25	5	902					naive																								run-20260731_140411-safe_goal_point_Level_1_ppo_lag_seed0_20260731_140408_190986	safe_goal_point	1	ppo_lag	0	CANCELLED	0	00:07:36	00:07:16	2.00 GB	273	
phase2_6244707.log	6244707		1	phase2	2026-07-31	phase2	### PHASE2 safe_push_point L1 norm=by_threshold d5->d25 dual s902	safe_push_point	1			ppo_lag		by_threshold	25	5	902					dual																								run-20260731_140411-safe_goal_point_Level_1_ppo_lag_seed0_20260731_140409_749452	safe_goal_point	1	ppo_lag	0	CANCELLED	0	00:07:27	00:07:16	1.99 GB	87	
phase2_6244745.log	6244745		1	phase2	2026-07-31	phase2	### PHASE2 safe_push_point L1 norm=by_threshold d5->d25 naive s901	safe_push_point	1			p3o_ewc		by_threshold	25	5	901					naive						models/diag_safe_push_point_L1_p3o_budget_nosink_d5_s901/anchor	safe_push_point	1			5	901	models/cl_safe_push_point_L1_by_threshold_d5to25_naive_s901/final					65.21	20.11	12.79	71.11	25.09	13.98	run-20260731_143135-safe_push_point_Level_1_p3o_ewc_seed901_20260731_143131_945344	safe_push_point	1	p3o_ewc	901	COMPLETED	0	04:19:07	04:18:31	2.24 GB	6024	
phase2_6244746.log	6244746		1	phase2	2026-07-31	phase2	### PHASE2 safe_push_point L1 norm=by_threshold d5->d25 dual s901	safe_push_point	1			p3o_ewc		by_threshold	25	5	901					dual	10000.0	0.5	0.5			models/diag_safe_push_point_L1_p3o_budget_nosink_d5_s901/anchor	safe_push_point	1			5	901	models/cl_safe_push_point_L1_by_threshold_d5to25_dual_s901/final					26.85	10.17	13.61	13.76	56.24	76.35	run-20260731_143135-safe_push_point_Level_1_p3o_ewc_seed901_20260731_143131_984427	safe_push_point	1	p3o_ewc	901	COMPLETED	0	05:56:48	05:55:54	2.28 GB	6025	
phase2_6244747.log	6244747		1	phase2	2026-07-31	phase2	### PHASE2 safe_push_point L1 norm=by_threshold d5->d25 naive s902	safe_push_point	1			p3o_ewc		by_threshold	25	5	902					naive						models/diag_safe_push_point_L1_p3o_budget_nosink_d5_s902/anchor	safe_push_point	1			5	902	models/cl_safe_push_point_L1_by_threshold_d5to25_naive_s902/final					62.61	22.07	15.40	61.95	27.19	19.47	run-20260731_143135-safe_push_point_Level_1_p3o_ewc_seed902_20260731_143131_860846	safe_push_point	1	p3o_ewc	902	COMPLETED	0	04:17:33	04:16:53	2.25 GB	6024	
phase2_6244748.log	6244748		1	phase2	2026-07-31	phase2	### PHASE2 safe_push_point L1 norm=by_threshold d5->d25 dual s902	safe_push_point	1			p3o_ewc		by_threshold	25	5	902					dual	10000.0	0.5	0.5			models/diag_safe_push_point_L1_p3o_budget_nosink_d5_s902/anchor	safe_push_point	1			5	902	models/cl_safe_push_point_L1_by_threshold_d5to25_dual_s902/final					29.75	6.57	32.84	28.24	4.38	6.19	run-20260731_143135-safe_push_point_Level_1_p3o_ewc_seed902_20260731_143131_952691	safe_push_point	1	p3o_ewc	902	COMPLETED	0	07:04:12	07:03:18	2.28 GB	6024	
phase2_6244749.log	6244749		1	phase2	2026-07-31	phase2	### PHASE2 safe_push_point L1 norm=by_threshold d5->d25 naive s903	safe_push_point	1			p3o_ewc		by_threshold	25	5	903					naive						models/diag_safe_push_point_L1_p3o_budget_nosink_d5_s903/anchor	safe_push_point	1			5	903	models/cl_safe_push_point_L1_by_threshold_d5to25_naive_s903/final					77.59	18.26	11.78	80.07	24.32	14.81	run-20260731_143338-safe_push_point_Level_1_p3o_ewc_seed903_20260731_143335_327228	safe_push_point	1	p3o_ewc	903	COMPLETED	0	04:17:52	04:17:25	2.33 GB	6026	
phase2_6244750.log	6244750		1	phase2	2026-07-31	phase2	### PHASE2 safe_push_point L1 norm=by_threshold d5->d25 dual s903	safe_push_point	1			p3o_ewc		by_threshold	25	5	903					dual	10000.0	0.5	0.5			models/diag_safe_push_point_L1_p3o_budget_nosink_d5_s903/anchor	safe_push_point	1			5	903	models/cl_safe_push_point_L1_by_threshold_d5to25_dual_s903/final					57.12	3.71	5.55	53.28	8.82	23.00	run-20260731_171411-safe_push_point_Level_1_p3o_ewc_seed903_20260731_171409_412533	safe_push_point	1	p3o_ewc	903	COMPLETED	0	03:22:53	03:22:11	2.39 GB	6024	
phase2_6259228.log	6259228		1	phase2	2026-08-01	phase2	### PHASE2 safe_push_point L1 norm=by_threshold d5->d25 dual s901	safe_push_point	1			p3o_ewc		by_threshold	25	5	901					dual	1000.0	0.5	0.5			models/diag_safe_push_point_L1_p3o_budget_nosink_d5_s901/anchor	safe_push_point	1			5	901	models/cl_safe_push_point_L1_by_threshold_d5to25_dual_s901/final					27.53	14.50	35.52	14.31	55.00	75.87	run-20260801_022118-safe_push_point_Level_1_p3o_ewc_seed901_20260801_022115_682344	safe_push_point	1	p3o_ewc	901	COMPLETED	0	03:23:05	03:22:15	2.39 GB	6024	
phase2_6259229.log	6259229		1	phase2	2026-08-01	phase2	### PHASE2 safe_push_point L1 norm=by_threshold d5->d25 dual s901	safe_push_point	1			p3o_ewc		by_threshold	25	5	901					dual	100000.0	0.5	0.5			models/diag_safe_push_point_L1_p3o_budget_nosink_d5_s901/anchor	safe_push_point	1			5	901	models/cl_safe_push_point_L1_by_threshold_d5to25_dual_s901/final					27.92	15.45	45.69	14.31	60.06	85.01	run-20260801_022117-safe_push_point_Level_1_p3o_ewc_seed901_20260801_022115_330710	safe_push_point	1	p3o_ewc	901	COMPLETED	0	03:23:06	03:22:22	2.35 GB	6024	
phase2_6259237.log	6259237		1	phase2	2026-08-01	phase2	### PHASE2 safe_push_point L1 norm=by_const d5->d25 naive s901	safe_push_point	1			p3o_ewc		by_const	25	5	901					naive						models/diag_safe_push_point_L1_p3o_budget_nosink_by_const_d5_s901/anchor	safe_push_point	1	by_const		5	901	models/cl_safe_push_point_L1_by_const_d5to25_naive_s901/final					61.91	14.06	9.03	64.57	24.84	14.19	run-20260801_022940-safe_push_point_Level_1_p3o_ewc_seed901_20260801_022937_010538	safe_push_point	1	p3o_ewc	901	COMPLETED	0	04:19:26	04:18:41	2.24 GB	6025	
phase2_6259238.log	6259238		1	phase2	2026-08-01	phase2	### PHASE2 safe_push_point L1 norm=by_const d5->d25 dual s901	safe_push_point	1			p3o_ewc		by_const	25	5	901					dual	10000.0	0.5	0.5			models/diag_safe_push_point_L1_p3o_budget_nosink_by_const_d5_s901/anchor	safe_push_point	1	by_const		5	901	models/cl_safe_push_point_L1_by_const_d5to25_dual_s901/final					43.81	4.28	4.42	47.74	13.35	9.54	run-20260801_022941-safe_push_point_Level_1_p3o_ewc_seed901_20260801_022937_029795	safe_push_point	1	p3o_ewc	901	COMPLETED	0	04:18:08	04:17:24	2.26 GB	6024	
phase2_6259239.log	6259239		1	phase2	2026-08-01	phase2	### PHASE2 safe_push_point L1 norm=by_const d5->d25 naive s902	safe_push_point	1			p3o_ewc		by_const	25	5	902					naive						models/diag_safe_push_point_L1_p3o_budget_nosink_by_const_d5_s902/anchor	safe_push_point	1	by_const		5	902	models/cl_safe_push_point_L1_by_const_d5to25_naive_s902/final					46.96	19.65	18.00	47.99	21.25	12.99	run-20260801_022941-safe_push_point_Level_1_p3o_ewc_seed902_20260801_022937_583965	safe_push_point	1	p3o_ewc	902	COMPLETED	0	05:59:42	05:58:37	2.27 GB	6024	
phase2_6259240.log	6259240		1	phase2	2026-08-01	phase2	### PHASE2 safe_push_point L1 norm=by_const d5->d25 dual s902	safe_push_point	1			p3o_ewc		by_const	25	5	902					dual	10000.0	0.5	0.5			models/diag_safe_push_point_L1_p3o_budget_nosink_by_const_d5_s902/anchor	safe_push_point	1	by_const		5	902	models/cl_safe_push_point_L1_by_const_d5to25_dual_s902/final					30.30	4.97	17.02	33.14	19.87	75.69	run-20260801_022940-safe_push_point_Level_1_p3o_ewc_seed902_20260801_022937_674955	safe_push_point	1	p3o_ewc	902	COMPLETED	0	04:17:56	04:17:08	2.27 GB	6023	
phase2_6259241.log	6259241		1	phase2	2026-08-01	phase2	### PHASE2 safe_push_point L1 norm=by_const d5->d25 naive s903	safe_push_point	1			p3o_ewc		by_const	25	5	903					naive						models/diag_safe_push_point_L1_p3o_budget_nosink_by_const_d5_s903/anchor	safe_push_point	1	by_const		5	903	models/cl_safe_push_point_L1_by_const_d5to25_naive_s903/final					81.00	21.93	13.26	85.20	27.05	14.79	run-20260801_022940-safe_push_point_Level_1_p3o_ewc_seed903_20260801_022938_032536	safe_push_point	1	p3o_ewc	903	COMPLETED	0	07:02:43	07:01:38	2.25 GB	6024	
phase2_6259242.log	6259242		1	phase2	2026-08-01	phase2	### PHASE2 safe_push_point L1 norm=by_const d5->d25 dual s903	safe_push_point	1			p3o_ewc		by_const	25	5	903					dual	10000.0	0.5	0.5			models/diag_safe_push_point_L1_p3o_budget_nosink_by_const_d5_s903/anchor	safe_push_point	1	by_const		5	903	models/cl_safe_push_point_L1_by_const_d5to25_dual_s903/final					65.21	5.11	5.00	53.97	27.28	12.58	run-20260801_054419-safe_push_point_Level_1_p3o_ewc_seed903_20260801_054417_352221	safe_push_point	1	p3o_ewc	903	COMPLETED	0	03:22:49	03:22:06	2.39 GB	6025	
phase2_6264403.log	6264403		1	phase2	2026-08-03	phase2	### PHASE2 safe_push_point L1 norm=by_const d5->d25 naive s801	safe_push_point	1			p3o_ewc		by_const	25	5	801					naive						models/diag_safe_push_point_L1_p3o_budget_nosink_by_const_d5_s801/anchor	safe_push_point	1	by_const		5	801	models/cl_safe_push_point_L1_by_const_d5to25_naive_s801/final					71.89	18.66	13.85	74.66	26.99	14.10	run-20260803_010307-safe_push_point_Level_1_p3o_ewc_seed801_20260803_010304_670467	safe_push_point	1	p3o_ewc	801	COMPLETED	0	03:19:38	03:18:59	2.37 GB	6021	
phase2_6264404.log	6264404		1	phase2	2026-08-03	phase2	### PHASE2 safe_push_point L1 norm=by_const d5->d25 dual s801	safe_push_point	1			p3o_ewc		by_const	25	5	801					dual	10000.0	0.5	0.5			models/diag_safe_push_point_L1_p3o_budget_nosink_by_const_d5_s801/anchor	safe_push_point	1	by_const		5	801	models/cl_safe_push_point_L1_by_const_d5to25_dual_s801/final					39.61	3.61	3.41	38.52	15.43	8.64	run-20260803_010309-safe_push_point_Level_1_p3o_ewc_seed801_20260803_010306_459735	safe_push_point	1	p3o_ewc	801	COMPLETED	0	04:16:03	04:15:15	2.27 GB	6022	
phase2_6264405.log	6264405		1	phase2	2026-08-03	phase2	### PHASE2 safe_push_point L1 norm=by_const d5->d25 naive s802	safe_push_point	1			p3o_ewc		by_const	25	5	802					naive						models/diag_safe_push_point_L1_p3o_budget_nosink_by_const_d5_s802/anchor	safe_push_point	1	by_const		5	802	models/cl_safe_push_point_L1_by_const_d5to25_naive_s802/final					61.97	25.16	17.46	71.07	28.64	17.43	run-20260803_010309-safe_push_point_Level_1_p3o_ewc_seed802_20260803_010307_070699	safe_push_point	1	p3o_ewc	802	COMPLETED	0	04:14:45	04:13:53	2.25 GB	6023	
phase2_6264406.log	6264406		1	phase2	2026-08-03	phase2	### PHASE2 safe_push_point L1 norm=by_const d5->d25 dual s802	safe_push_point	1			p3o_ewc		by_const	25	5	802					dual	10000.0	0.5	0.5			models/diag_safe_push_point_L1_p3o_budget_nosink_by_const_d5_s802/anchor	safe_push_point	1	by_const		5	802	models/cl_safe_push_point_L1_by_const_d5to25_dual_s802/final					9.79	5.30	25.02	3.79	17.44	32.47	run-20260803_010309-safe_push_point_Level_1_p3o_ewc_seed802_20260803_010307_278388	safe_push_point	1	p3o_ewc	802	COMPLETED	0	06:09:46	06:08:42	2.26 GB	6022	
phase2_6264449.log	6264449		1	phase2	2026-08-03	phase2	### PHASE2 safe_push_point L1 norm=by_const d25->d25 naive s801	safe_push_point	1		2	p3o_ewc		by_const	25	25	801					naive						models/diag_safe_push_point_L2_p3o_budget_nosink_by_const_d25_s801/anchor	safe_push_point	2	by_const		25	801	models/cl_safe_push_point_L1_by_const_d25to25_naive_s801/final					32.31	39.57	18.01	35.90	19.13	13.29	run-20260803_013228-safe_push_point_Level_1_p3o_ewc_seed801_20260803_013225_499922	safe_push_point	1	p3o_ewc	801	COMPLETED	0	04:14:53	04:13:41	2.23 GB	6044	
phase2_6264451.log	6264451		1	phase2	2026-08-03	phase2	### PHASE2 safe_push_point L1 norm=by_const d25->d25 naive s802	safe_push_point	1		2	p3o_ewc		by_const	25	25	802					naive						models/diag_safe_push_point_L2_p3o_budget_nosink_by_const_d25_s802/anchor	safe_push_point	2	by_const		25	802	models/cl_safe_push_point_L1_by_const_d25to25_naive_s802/final					52.73	36.51	17.24	59.13	25.09	14.52	run-20260803_013228-safe_push_point_Level_1_p3o_ewc_seed802_20260803_013226_029214	safe_push_point	1	p3o_ewc	802	COMPLETED	0	06:55:36	06:54:28	2.23 GB	6042	
phase2_6264453.log	6264453		1	phase2	2026-08-03	phase2	### PHASE2 safe_push_point L1 norm=by_const d25->d25 naive s901	safe_push_point	1		2	p3o_ewc		by_const	25	25	901					naive						models/diag_safe_push_point_L2_p3o_budget_nosink_by_const_d25_s901/anchor	safe_push_point	2	by_const		25	901	models/cl_safe_push_point_L1_by_const_d25to25_naive_s901/final					38.39	30.44	15.87	37.42	18.21	12.50	run-20260803_040802-safe_push_point_Level_1_p3o_ewc_seed901_20260803_040759_815074	safe_push_point	1	p3o_ewc	901	COMPLETED	0	03:20:07	03:19:17	2.38 GB	6042	
phase2_6264455.log	6264455		1	phase2	2026-08-03	phase2	### PHASE2 safe_push_point L1 norm=by_const d25->d25 naive s902	safe_push_point	1		2	p3o_ewc		by_const	25	25	902					naive						models/diag_safe_push_point_L2_p3o_budget_nosink_by_const_d25_s902/anchor	safe_push_point	2	by_const		25	902	models/cl_safe_push_point_L1_by_const_d25to25_naive_s902/final					31.27	39.89	26.98	34.49	24.29	19.59	run-20260803_042245-safe_push_point_Level_1_p3o_ewc_seed902_20260803_042242_865478	safe_push_point	1	p3o_ewc	902	COMPLETED	0	03:20:00	03:19:22	2.35 GB	6041	
phase2_6264462.log	6264462		1	phase2	2026-08-03	phase2	### PHASE2 safe_push_point L1 norm=by_const d25->d25 dual s801	safe_push_point	1		2	p3o_ewc		by_const	25	25	801					dual	10000.0	0.5	0.5			models/diag_safe_push_point_L2_p3o_budget_nosink_by_const_d25_s801/anchor	safe_push_point	2	by_const		25	801	models/cl_safe_push_point_L1_by_const_d25to25_dual_s801/final					21.76	28.70	18.90	19.01	12.46	14.73	run-20260803_051754-safe_push_point_Level_1_p3o_ewc_seed801_20260803_051751_456512	safe_push_point	1	p3o_ewc	801	COMPLETED	0	04:14:36	04:13:41	2.26 GB	6041	
phase2_6264463.log	6264463		1	phase2	2026-08-03	phase2	### PHASE2 safe_push_point L1 norm=by_const d25->d25 dual s802	safe_push_point	1		2	p3o_ewc		by_const	25	25	802					dual	10000.0	0.5	0.5			models/diag_safe_push_point_L2_p3o_budget_nosink_by_const_d25_s802/anchor	safe_push_point	2	by_const		25	802	models/cl_safe_push_point_L1_by_const_d25to25_dual_s802/final					24.45	28.43	14.42	15.38	13.85	15.34	run-20260803_051908-safe_push_point_Level_1_p3o_ewc_seed802_20260803_051906_114614	safe_push_point	1	p3o_ewc	802	COMPLETED	0	04:15:52	04:15:08	2.24 GB	6040	
phase2_6264464.log	6264464		1	phase2	2026-08-03	phase2	### PHASE2 safe_push_point L1 norm=by_const d25->d25 dual s901	safe_push_point	1		2	p3o_ewc		by_const	25	25	901					dual	10000.0	0.5	0.5			models/diag_safe_push_point_L2_p3o_budget_nosink_by_const_d25_s901/anchor	safe_push_point	2	by_const		25	901	models/cl_safe_push_point_L1_by_const_d25to25_dual_s901/final					16.06	25.57	14.76	9.14	12.36	17.99	run-20260803_054719-safe_push_point_Level_1_p3o_ewc_seed901_20260803_054717_384699	safe_push_point	1	p3o_ewc	901	COMPLETED	0	04:14:27	04:13:35	2.26 GB	6041	
phase2_6264465.log	6264465		1	phase2	2026-08-03	phase2	### PHASE2 safe_push_point L1 norm=by_const d25->d25 dual s902	safe_push_point	1		2	p3o_ewc		by_const	25	25	902					dual	10000.0	0.5	0.5			models/diag_safe_push_point_L2_p3o_budget_nosink_by_const_d25_s902/anchor	safe_push_point	2	by_const		25	902	models/cl_safe_push_point_L1_by_const_d25to25_dual_s902/final					23.83	24.10	16.10	20.04	13.68	16.95	run-20260803_071259-safe_push_point_Level_1_p3o_ewc_seed902_20260803_071257_083494	safe_push_point	1	p3o_ewc	902	COMPLETED	0	06:08:50	06:07:36	2.28 GB	6041	
phase2_6266179.log	6266179		1	phase2	2026-08-03	phase2	### PHASE2 safe_push_point L1 norm=by_const d25->d25 naive s903	safe_push_point	1		2	p3o_ewc		by_const	25	25	903					naive						models/diag_safe_push_point_L2_p3o_budget_nosink_by_const_d25_s903/anchor	safe_push_point	2	by_const		25	903	models/cl_safe_push_point_L1_by_const_d25to25_naive_s903/final					44.05	41.18	21.59	53.36	32.49	58.20	run-20260803_143200-safe_push_point_Level_1_p3o_ewc_seed903_20260803_143157_958573	safe_push_point	1	p3o_ewc	903	COMPLETED	0	03:20:04	03:19:18	2.36 GB	6041	
phase2_6266193.log	6266193		1	phase2	2026-08-03	phase2	### PHASE2 safe_push_point L1 norm=by_const d25->d25 dual s903	safe_push_point	1		2	p3o_ewc		by_const	25	25	903					dual	10000.0	0.5	0.5			models/diag_safe_push_point_L2_p3o_budget_nosink_by_const_d25_s903/anchor	safe_push_point	2	by_const		25	903	models/cl_safe_push_point_L1_by_const_d25to25_dual_s903/final					21.34	20.16	13.88	18.12	8.13	11.14	run-20260803_143858-safe_push_point_Level_1_p3o_ewc_seed903_20260803_143856_166596	safe_push_point	1	p3o_ewc	903	COMPLETED	0	03:20:09	03:19:31	2.37 GB	6040	
phase2_6267402.log	6267402		1	phase2	2026-08-04	phase2	### PHASE2 safe_push_point L1 norm=by_const d5->d5 naive s801	safe_push_point	1			p3o_ewc		by_const	5	5	801					naive						models/diag_safe_push_point_L1_p3o_budget_nosink_by_const_d5_s801/anchor	safe_push_point	1	by_const		5	801	models/cl_safe_push_point_L1_by_const_d5to5_naive_s801/final					81.37	5.92	5.49	81.37	5.92	5.49	run-20260804_032236-safe_push_point_Level_1_p3o_ewc_seed801_20260804_032233_567535	safe_push_point	1	p3o_ewc	801	COMPLETED	0	03:20:23	03:18:58	2.34 GB	6023	
phase2_6267403.log	6267403		1	phase2	2026-08-04	phase2	### PHASE2 safe_push_point L1 norm=by_const d5->d5 dual s801	safe_push_point	1			p3o_ewc		by_const	5	5	801					dual	10000.0	0.5	0.5			models/diag_safe_push_point_L1_p3o_budget_nosink_by_const_d5_s801/anchor	safe_push_point	1	by_const		5	801	models/cl_safe_push_point_L1_by_const_d5to5_dual_s801/final					39.42	3.38	3.76	39.42	3.38	3.76	run-20260804_032236-safe_push_point_Level_1_p3o_ewc_seed801_20260804_032233_491606	safe_push_point	1	p3o_ewc	801	COMPLETED	0	03:20:19	03:19:32	2.39 GB	6022	
phase2_6267404.log	6267404		1	phase2	2026-08-04	phase2	### PHASE2 safe_push_point L1 norm=by_const d5->d5 naive s802	safe_push_point	1			p3o_ewc		by_const	5	5	802					naive						models/diag_safe_push_point_L1_p3o_budget_nosink_by_const_d5_s802/anchor	safe_push_point	1	by_const		5	802	models/cl_safe_push_point_L1_by_const_d5to5_naive_s802/final					62.15	4.63	4.30	62.15	4.63	4.30	run-20260804_032239-safe_push_point_Level_1_p3o_ewc_seed802_20260804_032236_612166	safe_push_point	1	p3o_ewc	802	COMPLETED	0	04:16:07	04:15:13	2.23 GB	6022	
phase2_6267405.log	6267405		1	phase2	2026-08-04	phase2	### PHASE2 safe_push_point L1 norm=by_const d5->d5 dual s802	safe_push_point	1			p3o_ewc		by_const	5	5	802					dual	10000.0	0.5	0.5			models/diag_safe_push_point_L1_p3o_budget_nosink_by_const_d5_s802/anchor	safe_push_point	1	by_const		5	802	models/cl_safe_push_point_L1_by_const_d5to5_dual_s802/final					15.51	2.92	3.95	15.51	2.92	3.95	run-20260804_032239-safe_push_point_Level_1_p3o_ewc_seed802_20260804_032237_154002	safe_push_point	1	p3o_ewc	802	COMPLETED	0	04:14:54	04:13:57	2.26 GB	6022	
phase2_6267406.log	6267406		1	phase2	2026-08-04	phase2	### PHASE2 safe_push_point L1 norm=by_const d5->d5 naive s901	safe_push_point	1			p3o_ewc		by_const	5	5	901					naive						models/diag_safe_push_point_L1_p3o_budget_nosink_by_const_d5_s901/anchor	safe_push_point	1	by_const		5	901	models/cl_safe_push_point_L1_by_const_d5to5_naive_s901/final					59.73	4.16	4.17	59.73	4.16	4.17	run-20260804_032239-safe_push_point_Level_1_p3o_ewc_seed901_20260804_032237_374697	safe_push_point	1	p3o_ewc	901	COMPLETED	0	06:00:59	05:59:49	2.27 GB	6022	
phase2_6267407.log	6267407		1	phase2	2026-08-04	phase2	### PHASE2 safe_push_point L1 norm=by_const d5->d5 dual s901	safe_push_point	1			p3o_ewc		by_const	5	5	901					dual	10000.0	0.5	0.5			models/diag_safe_push_point_L1_p3o_budget_nosink_by_const_d5_s901/anchor	safe_push_point	1	by_const		5	901	models/cl_safe_push_point_L1_by_const_d5to5_dual_s901/final					43.34	3.83	5.30	43.34	3.83	5.30	run-20260804_032240-safe_push_point_Level_1_p3o_ewc_seed901_20260804_032237_374763	safe_push_point	1	p3o_ewc	901	COMPLETED	0	04:14:52	04:13:59	2.26 GB	6023	
phase2_6267408.log	6267408		1	phase2	2026-08-04	phase2	### PHASE2 safe_push_point L1 norm=by_const d5->d5 naive s902	safe_push_point	1			p3o_ewc		by_const	5	5	902					naive						models/diag_safe_push_point_L1_p3o_budget_nosink_by_const_d5_s902/anchor	safe_push_point	1	by_const		5	902	models/cl_safe_push_point_L1_by_const_d5to5_naive_s902/final					62.04	5.93	6.40	62.04	5.93	6.40	run-20260804_032239-safe_push_point_Level_1_p3o_ewc_seed902_20260804_032237_168168	safe_push_point	1	p3o_ewc	902	COMPLETED	0	07:15:18	07:14:06	2.25 GB	6022	
phase2_6267409.log	6267409		1	phase2	2026-08-04	phase2	### PHASE2 safe_push_point L1 norm=by_const d5->d5 dual s902	safe_push_point	1			p3o_ewc		by_const	5	5	902					dual	10000.0	0.5	0.5			models/diag_safe_push_point_L1_p3o_budget_nosink_by_const_d5_s902/anchor	safe_push_point	1	by_const		5	902	models/cl_safe_push_point_L1_by_const_d5to5_dual_s902/final					30.75	3.90	3.95	30.75	3.90	3.95	run-20260804_064250-safe_push_point_Level_1_p3o_ewc_seed902_20260804_064247_826222	safe_push_point	1	p3o_ewc	902	COMPLETED	0	03:20:04	03:19:32	2.39 GB	6022	
phase2_6267410.log	6267410		1	phase2	2026-08-04	phase2	### PHASE2 safe_push_point L1 norm=by_const d5->d5 naive s903	safe_push_point	1			p3o_ewc		by_const	5	5	903					naive						models/diag_safe_push_point_L1_p3o_budget_nosink_by_const_d5_s903/anchor	safe_push_point	1	by_const		5	903	models/cl_safe_push_point_L1_by_const_d5to5_naive_s903/final					83.65	5.32	5.54	83.65	5.32	5.54	run-20260804_064250-safe_push_point_Level_1_p3o_ewc_seed903_20260804_064247_757416	safe_push_point	1	p3o_ewc	903	COMPLETED	0	03:19:42	03:19:01	2.34 GB	6022	
phase2_6267411.log	6267411		1	phase2	2026-08-04	phase2	### PHASE2 safe_push_point L1 norm=by_const d5->d5 dual s903	safe_push_point	1			p3o_ewc		by_const	5	5	903					dual	10000.0	0.5	0.5			models/diag_safe_push_point_L1_p3o_budget_nosink_by_const_d5_s903/anchor	safe_push_point	1	by_const		5	903	models/cl_safe_push_point_L1_by_const_d5to5_dual_s903/final					62.63	4.43	4.65	62.63	4.43	4.65	run-20260804_073726-safe_push_point_Level_1_p3o_ewc_seed903_20260804_073724_093356	safe_push_point	1	p3o_ewc	903	COMPLETED	0	04:14:28	04:13:36	2.28 GB	6021	
phase2_6271082.log	6271082		1	phase2	2026-08-04	phase2	### PHASE2 safe_push_point L1 norm=by_const d5->d25 vanilla s801	safe_push_point	1			p3o_ewc		by_const	25	5	801					vanilla	10000.0	1.0	0.0	F_vanilla	F_cost	models/diag_safe_push_point_L1_p3o_budget_nosink_by_const_d5_s801/anchor	safe_push_point	1	by_const		5	801	models/cl_safe_push_point_L1_by_const_d5to25_vanilla_s801/final					37.14	3.28	4.15	37.08	14.73	8.83	run-20260804_181012-safe_push_point_Level_1_p3o_ewc_seed801_20260804_181009_604517	safe_push_point	1	p3o_ewc	801	COMPLETED	0	03:20:04	03:19:16	2.37 GB	6022	
phase2_6271083.log	6271083		1	phase2	2026-08-04	phase2	### PHASE2 safe_push_point L1 norm=by_const d5->d25 vanilla s802	safe_push_point	1			p3o_ewc		by_const	25	5	802					vanilla	10000.0	1.0	0.0	F_vanilla	F_cost	models/diag_safe_push_point_L1_p3o_budget_nosink_by_const_d5_s802/anchor	safe_push_point	1	by_const		5	802	models/cl_safe_push_point_L1_by_const_d5to25_vanilla_s802/final					7.78	2.29	4.63	3.15	89.56	239.20	run-20260804_181012-safe_push_point_Level_1_p3o_ewc_seed802_20260804_181009_787796	safe_push_point	1	p3o_ewc	802	COMPLETED	0	03:20:11	03:19:35	2.36 GB	6022	
phase2_6271084.log	6271084		1	phase2	2026-08-04	phase2	### PHASE2 safe_push_point L1 norm=by_const d5->d25 vanilla s901	safe_push_point	1			p3o_ewc		by_const	25	5	901					vanilla	10000.0	1.0	0.0	F_vanilla	F_cost	models/diag_safe_push_point_L1_p3o_budget_nosink_by_const_d5_s901/anchor	safe_push_point	1	by_const		5	901	models/cl_safe_push_point_L1_by_const_d5to25_vanilla_s901/final					45.69	4.75	4.90	45.59	16.10	8.77	run-20260804_181017-safe_push_point_Level_1_p3o_ewc_seed901_20260804_181013_668931	safe_push_point	1	p3o_ewc	901	COMPLETED	0	04:15:41	04:14:49	2.27 GB	6022	
phase2_6271085.log	6271085		1	phase2	2026-08-04	phase2	### PHASE2 safe_push_point L1 norm=by_const d5->d25 vanilla s902	safe_push_point	1			p3o_ewc		by_const	25	5	902					vanilla	10000.0	1.0	0.0	F_vanilla	F_cost	models/diag_safe_push_point_L1_p3o_budget_nosink_by_const_d5_s902/anchor	safe_push_point	1	by_const		5	902	models/cl_safe_push_point_L1_by_const_d5to25_vanilla_s902/final					28.96	3.80	4.85	32.14	13.28	7.26	run-20260804_181017-safe_push_point_Level_1_p3o_ewc_seed902_20260804_181014_517234	safe_push_point	1	p3o_ewc	902	COMPLETED	0	04:14:30	04:13:41	2.26 GB	6022	
phase2_6271086.log	6271086		1	phase2	2026-08-05	phase2	### PHASE2 safe_push_point L1 norm=by_const d5->d25 vanilla s903	safe_push_point	1			p3o_ewc		by_const	25	5	903					vanilla	10000.0	1.0	0.0	F_vanilla	F_cost	models/diag_safe_push_point_L1_p3o_budget_nosink_by_const_d5_s903/anchor	safe_push_point	1	by_const		5	903	models/cl_safe_push_point_L1_by_const_d5to25_vanilla_s903/final					65.34	5.51	7.60	53.50	38.64	154.50	run-20260804_181017-safe_push_point_Level_1_p3o_ewc_seed903_20260804_181013_805151	safe_push_point	1	p3o_ewc	903	COMPLETED	0	06:00:12	05:58:55	2.27 GB	6022	
phase2_6271087.log	6271087		1	phase2	2026-08-04	phase2	### PHASE2 safe_push_point L1 norm=by_const d5->d25 coursey s901	safe_push_point	1			p3o_ewc		by_const	25	5	901					coursey	10000.0	1.0	0.0	F_coursey	F_cost	models/diag_safe_push_point_L1_p3o_budget_nosink_by_const_d5_s901/anchor	safe_push_point	1	by_const		5	901	models/cl_safe_push_point_L1_by_const_d5to25_coursey_s901/final					43.86	4.45	4.59	46.32	14.01	8.34	run-20260804_181016-safe_push_point_Level_1_p3o_ewc_seed901_20260804_181014_653199	safe_push_point	1	p3o_ewc	901	COMPLETED	0	04:14:29	04:13:31	2.26 GB	6022	
phase2_6271088.log	6271088		1	phase2	2026-08-05	phase2	### PHASE2 safe_push_point L1 norm=by_const d5->d25 coursey s903	safe_push_point	1			p3o_ewc		by_const	25	5	903					coursey	10000.0	1.0	0.0	F_coursey	F_cost	models/diag_safe_push_point_L1_p3o_budget_nosink_by_const_d5_s903/anchor	safe_push_point	1	by_const		5	903	models/cl_safe_push_point_L1_by_const_d5to25_coursey_s903/final					64.55	5.30	4.99	53.81	24.16	10.65	run-20260804_181016-safe_push_point_Level_1_p3o_ewc_seed903_20260804_181013_659967	safe_push_point	1	p3o_ewc	903	COMPLETED	0	07:03:39	07:02:23	2.25 GB	6022	
phase2_6272075.log	6272075		1	phase2	2026-08-05	phase2	### PHASE2 safe_push_point L1 norm=by_const d5->d25 dual s901	safe_push_point	1			p3o_ewc		by_const	25	5	901					dual	100.0	0.5	0.5	F_reward	F_cost	models/diag_safe_push_point_L1_p3o_budget_nosink_by_const_d5_s901/anchor	safe_push_point	1	by_const		5	901	models/cl_safe_push_point_L1_by_const_d5to25_dual_s901/final					43.49	4.90	6.99	46.14	13.15	7.84	run-20260805_025039-safe_push_point_Level_1_p3o_ewc_seed901_20260805_025037_124478	safe_push_point	1	p3o_ewc	901			03:20:16	00:00:00	0.00 MB (estimated maximum)	6023	
phase2_6272076.log	6272076		1	phase2	2026-08-05	phase2	### PHASE2 safe_push_point L1 norm=by_const d5->d25 dual s901	safe_push_point	1			p3o_ewc		by_const	25	5	901					dual	1000.0	0.5	0.5	F_reward	F_cost	models/diag_safe_push_point_L1_p3o_budget_nosink_by_const_d5_s901/anchor	safe_push_point	1	by_const		5	901	models/cl_safe_push_point_L1_by_const_d5to25_dual_s901/final					43.82	5.26	4.56	48.19	13.90	8.19	run-20260805_025039-safe_push_point_Level_1_p3o_ewc_seed901_20260805_025036_928646	safe_push_point	1	p3o_ewc	901			03:20:24	00:00:00	0.00 MB (estimated maximum)	6023	
phase2_6272077.log	6272077		1	phase2	2026-08-05	phase2	### PHASE2 safe_push_point L1 norm=by_const d5->d25 dual s902	safe_push_point	1			p3o_ewc		by_const	25	5	902					dual	100.0	0.5	0.5	F_reward	F_cost	models/diag_safe_push_point_L1_p3o_budget_nosink_by_const_d5_s902/anchor	safe_push_point	1	by_const		5	902	models/cl_safe_push_point_L1_by_const_d5to25_dual_s902/final					28.51	4.40	6.20	34.55	13.64	7.94	run-20260805_025045-safe_push_point_Level_1_p3o_ewc_seed902_20260805_025042_197159	safe_push_point	1	p3o_ewc	902	COMPLETED	0	04:15:51	04:14:52	2.26 GB	6022	
phase2_6272078.log	6272078		1	phase2	2026-08-05	phase2	### PHASE2 safe_push_point L1 norm=by_const d5->d25 dual s902	safe_push_point	1			p3o_ewc		by_const	25	5	902					dual	1000.0	0.5	0.5	F_reward	F_cost	models/diag_safe_push_point_L1_p3o_budget_nosink_by_const_d5_s902/anchor	safe_push_point	1	by_const		5	902	models/cl_safe_push_point_L1_by_const_d5to25_dual_s902/final					30.03	3.49	3.95	33.54	12.05	6.63	run-20260805_025045-safe_push_point_Level_1_p3o_ewc_seed902_20260805_025042_183409	safe_push_point	1	p3o_ewc	902	COMPLETED	0	04:15:24	04:14:31	2.26 GB	6022	
phase2_6272079.log	6272079		1	phase2	2026-08-05	phase2	### PHASE2 safe_push_point L1 norm=by_const d5->d25 dual s903	safe_push_point	1			p3o_ewc		by_const	25	5	903					dual	100.0	0.5	0.5	F_reward	F_cost	models/diag_safe_push_point_L1_p3o_budget_nosink_by_const_d5_s903/anchor	safe_push_point	1	by_const		5	903	models/cl_safe_push_point_L1_by_const_d5to25_dual_s903/final					63.72	4.23	4.48	55.76	38.77	123.08	run-20260805_025045-safe_push_point_Level_1_p3o_ewc_seed903_20260805_025042_280891	safe_push_point	1	p3o_ewc	903	COMPLETED	0	06:11:58	06:10:37	2.27 GB	6021	
phase2_6272080.log	6272080		1	phase2	2026-08-05	phase2	### PHASE2 safe_push_point L1 norm=by_const d5->d25 dual s903	safe_push_point	1			p3o_ewc		by_const	25	5	903					dual	1000.0	0.5	0.5	F_reward	F_cost	models/diag_safe_push_point_L1_p3o_budget_nosink_by_const_d5_s903/anchor	safe_push_point	1	by_const		5	903	models/cl_safe_push_point_L1_by_const_d5to25_dual_s903/final					63.48	4.96	5.32	54.60	23.24	9.77	run-20260805_025045-safe_push_point_Level_1_p3o_ewc_seed903_20260805_025042_302095	safe_push_point	1	p3o_ewc	903	COMPLETED	0	04:14:40	04:13:37	2.26 GB	6023	
phase2_6301364.log	6301364		1	phase2	2026-08-14	phase2	### PHASE2 safe_push_point L14 norm=by_const d5->d25 naive s901 lr=1e-3 ent=1e-2	safe_push_point	14			p3o_ewc		by_const	25	5	901		1e-3	1e-2	lr1e3ent	naive						models/diag_safe_push_point_L14_p3o_budget_nosink_by_const_lr1e3ent_d5_s901/anchor	safe_push_point	14	by_const	lr1e3ent	5	901	models/cl_safe_push_point_L14_by_const_d5to25_naive_s901/final					39.23	18.98	9.10	51.90	24.09	9.91	run-20260814_045917-safe_push_point_Level_14_p3o_ewc_seed901_20260814_045914_878700	safe_push_point	14	p3o_ewc	901	COMPLETED	0	02:56:19	02:55:24	2.39 GB	6022	
phase2_6301365.log	6301365		1	phase2	2026-08-14	phase2	### PHASE2 safe_push_point L14 norm=by_const d5->d25 vanilla s901 lr=1e-3 ent=1e-2	safe_push_point	14			p3o_ewc		by_const	25	5	901		1e-3	1e-2	lr1e3ent	vanilla	10000.0	1.0	0.0	F_vanilla	F_cost	models/diag_safe_push_point_L14_p3o_budget_nosink_by_const_lr1e3ent_d5_s901/anchor	safe_push_point	14	by_const	lr1e3ent	5	901	models/cl_safe_push_point_L14_by_const_d5to25_vanilla_s901/final					22.93	5.35	3.99	18.60	27.33	10.41	run-20260814_045918-safe_push_point_Level_14_p3o_ewc_seed901_20260814_045914_480051	safe_push_point	14	p3o_ewc	901	COMPLETED	0	02:56:35	02:56:01	2.43 GB	6023	
phase2_6301366.log	6301366		1	phase2	2026-08-14	phase2	### PHASE2 safe_push_point L14 norm=by_const d5->d25 realvb s901 lr=1e-3 ent=1e-2	safe_push_point	14			p3o_ewc		by_const	25	5	901		1e-3	1e-2	lr1e3ent	realvb	10000.0	1.0	0.0	F_cost_realvb	F_cost	models/diag_safe_push_point_L14_p3o_budget_nosink_by_const_lr1e3ent_d5_s901/anchor	safe_push_point	14	by_const	lr1e3ent	5	901	models/cl_safe_push_point_L14_by_const_d5to25_realvb_s901/final					23.42	5.24	3.97	18.25	26.57	8.88	run-20260814_045915-safe_push_point_Level_14_p3o_ewc_seed901_20260814_045911_545218	safe_push_point	14	p3o_ewc	901	COMPLETED	0	03:44:14	03:43:13	2.40 GB	6022	
phase2_6301367.log	6301367		1	phase2	2026-08-14	phase2	### PHASE2 safe_push_point L14 norm=by_const d25->d5 naive s901 lr=1e-3 ent=1e-2	safe_push_point	14			p3o_ewc		by_const	5	25	901		1e-3	1e-2	lr1e3ent	naive						models/diag_safe_push_point_L14_p3o_budget_nosink_by_const_lr1e3ent_d25_s901/anchor	safe_push_point	14	by_const	lr1e3ent	25	901	models/cl_safe_push_point_L14_by_const_d25to5_naive_s901/final					29.54	97.68	41.03	30.20	3.85	5.07	run-20260814_045914-safe_push_point_Level_14_p3o_ewc_seed901_20260814_045912_023263	safe_push_point	14	p3o_ewc	901	COMPLETED	0	03:44:09	03:43:24	2.28 GB	6022	
phase2_6301368.log	6301368		1	phase2	2026-08-14	phase2	### PHASE2 safe_push_point L14 norm=by_const d25->d5 vanilla s901 lr=1e-3 ent=1e-2	safe_push_point	14			p3o_ewc		by_const	5	25	901		1e-3	1e-2	lr1e3ent	vanilla	10000.0	1.0	0.0	F_vanilla	F_cost	models/diag_safe_push_point_L14_p3o_budget_nosink_by_const_lr1e3ent_d25_s901/anchor	safe_push_point	14	by_const	lr1e3ent	25	901	models/cl_safe_push_point_L14_by_const_d25to5_vanilla_s901/final					50.78	23.11	9.40	36.41	14.54	9.34	run-20260814_075532-safe_push_point_Level_14_p3o_ewc_seed901_20260814_075529_649990	safe_push_point	14	p3o_ewc	901	COMPLETED	0	02:56:24	02:55:52	2.41 GB	6022	
phase2_6301369.log	6301369		1	phase2	2026-08-14	phase2	### PHASE2 safe_push_point L14 norm=by_const d25->d5 realvb s901 lr=1e-3 ent=1e-2	safe_push_point	14			p3o_ewc		by_const	5	25	901		1e-3	1e-2	lr1e3ent	realvb	10000.0	1.0	0.0	F_cost_realvb	F_cost	models/diag_safe_push_point_L14_p3o_budget_nosink_by_const_lr1e3ent_d25_s901/anchor	safe_push_point	14	by_const	lr1e3ent	25	901	models/cl_safe_push_point_L14_by_const_d25to5_realvb_s901/final					51.12	24.41	12.46	37.35	13.39	7.31	run-20260814_075537-safe_push_point_Level_14_p3o_ewc_seed901_20260814_075535_242738	safe_push_point	14	p3o_ewc	901	COMPLETED	0	02:56:06	02:55:38	2.41 GB	6022	
phase2_6301370.log	6301370		1	phase2	2026-08-14	phase2	### PHASE2 safe_push_point L14 norm=by_const d5->d25 naive s902 lr=1e-3 ent=1e-2	safe_push_point	14			p3o_ewc		by_const	25	5	902		1e-3	1e-2	lr1e3ent	naive						models/diag_safe_push_point_L14_p3o_budget_nosink_by_const_lr1e3ent_d5_s902/anchor	safe_push_point	14	by_const	lr1e3ent	5	902	models/cl_safe_push_point_L14_by_const_d5to25_naive_s902/final					45.66	13.01	9.81	66.47	23.21	11.35	run-20260814_084323-safe_push_point_Level_14_p3o_ewc_seed902_20260814_084319_045968	safe_push_point	14	p3o_ewc	902	COMPLETED	0	03:43:52	03:43:09	2.27 GB	6021	
phase2_6301371.log	6301371		1	phase2	2026-08-14	phase2	### PHASE2 safe_push_point L14 norm=by_const d5->d25 vanilla s902 lr=1e-3 ent=1e-2	safe_push_point	14			p3o_ewc		by_const	25	5	902		1e-3	1e-2	lr1e3ent	vanilla	10000.0	1.0	0.0	F_vanilla	F_cost	models/diag_safe_push_point_L14_p3o_budget_nosink_by_const_lr1e3ent_d5_s902/anchor	safe_push_point	14	by_const	lr1e3ent	5	902	models/cl_safe_push_point_L14_by_const_d5to25_vanilla_s902/final					22.61	9.96	12.04	8.46	42.57	17.03	run-20260814_084322-safe_push_point_Level_14_p3o_ewc_seed902_20260814_084318_871954	safe_push_point	14	p3o_ewc	902	COMPLETED	0	03:43:50	03:42:58	2.39 GB	6022	
phase2_6301372.log	6301372		1	phase2	2026-08-14	phase2	### PHASE2 safe_push_point L14 norm=by_const d5->d25 realvb s902 lr=1e-3 ent=1e-2	safe_push_point	14			p3o_ewc		by_const	25	5	902		1e-3	1e-2	lr1e3ent	realvb	10000.0	1.0	0.0	F_cost_realvb	F_cost	models/diag_safe_push_point_L14_p3o_budget_nosink_by_const_lr1e3ent_d5_s902/anchor	safe_push_point	14	by_const	lr1e3ent	5	902	models/cl_safe_push_point_L14_by_const_d5to25_realvb_s902/final					23.77	12.99	17.79	8.15	40.58	23.64	run-20260814_105154-safe_push_point_Level_14_p3o_ewc_seed902_20260814_105151_636119	safe_push_point	14	p3o_ewc	902	COMPLETED	0	02:56:22	02:55:47	2.40 GB	6022	
phase2_6301373.log	6301373		1	phase2	2026-08-14	phase2	### PHASE2 safe_push_point L14 norm=by_const d25->d5 naive s902 lr=1e-3 ent=1e-2	safe_push_point	14			p3o_ewc		by_const	5	25	902		1e-3	1e-2	lr1e3ent	naive						models/diag_safe_push_point_L14_p3o_budget_nosink_by_const_lr1e3ent_d25_s902/anchor	safe_push_point	14	by_const	lr1e3ent	25	902	models/cl_safe_push_point_L14_by_const_d25to5_naive_s902/final					48.66	95.28	30.74	36.48	5.32	14.05	run-20260814_105154-safe_push_point_Level_14_p3o_ewc_seed902_20260814_105152_378763	safe_push_point	14	p3o_ewc	902	COMPLETED	0	02:56:17	02:55:30	2.39 GB	6022	
phase2_6301374.log	6301374		1	phase2	2026-08-14	phase2	### PHASE2 safe_push_point L14 norm=by_const d25->d5 vanilla s902 lr=1e-3 ent=1e-2	safe_push_point	14			p3o_ewc		by_const	5	25	902		1e-3	1e-2	lr1e3ent	vanilla	10000.0	1.0	0.0	F_vanilla	F_cost	models/diag_safe_push_point_L14_p3o_budget_nosink_by_const_lr1e3ent_d25_s902/anchor	safe_push_point	14	by_const	lr1e3ent	25	902	models/cl_safe_push_point_L14_by_const_d25to5_vanilla_s902/final					60.60	28.14	11.09	41.61	15.94	10.28	run-20260814_113725-safe_push_point_Level_14_p3o_ewc_seed902_20260814_113721_223164	safe_push_point	14	p3o_ewc	902	COMPLETED	0	03:43:51	03:42:55	2.29 GB	6022	
phase2_6301375.log	6301375		1	phase2	2026-08-14	phase2	### PHASE2 safe_push_point L14 norm=by_const d25->d5 realvb s902 lr=1e-3 ent=1e-2	safe_push_point	14			p3o_ewc		by_const	5	25	902		1e-3	1e-2	lr1e3ent	realvb	10000.0	1.0	0.0	F_cost_realvb	F_cost	models/diag_safe_push_point_L14_p3o_budget_nosink_by_const_lr1e3ent_d25_s902/anchor	safe_push_point	14	by_const	lr1e3ent	25	902	models/cl_safe_push_point_L14_by_const_d25to5_realvb_s902/final					60.25	25.68	9.57	41.71	15.18	9.64	run-20260814_113724-safe_push_point_Level_14_p3o_ewc_seed902_20260814_113721_664235	safe_push_point	14	p3o_ewc	902	COMPLETED	0	05:00:32	04:59:26	2.39 GB	6022	
phase2_6301376.log	6301376		1	phase2	2026-08-14	phase2	### PHASE2 safe_push_point L14 norm=by_const d5->d25 naive s903 lr=1e-3 ent=1e-2	safe_push_point	14			p3o_ewc		by_const	25	5	903		1e-3	1e-2	lr1e3ent	naive						models/diag_safe_push_point_L14_p3o_budget_nosink_by_const_lr1e3ent_d5_s903/anchor	safe_push_point	14	by_const	lr1e3ent	5	903	models/cl_safe_push_point_L14_by_const_d5to25_naive_s903/final					49.11	12.74	9.20	67.20	25.23	9.19	run-20260814_113725-safe_push_point_Level_14_p3o_ewc_seed903_20260814_113721_544079	safe_push_point	14	p3o_ewc	903	COMPLETED	0	03:44:58	03:44:07	2.27 GB	6022	
phase2_6301377.log	6301377		1	phase2	2026-08-14	phase2	### PHASE2 safe_push_point L14 norm=by_const d5->d25 vanilla s903 lr=1e-3 ent=1e-2	safe_push_point	14			p3o_ewc		by_const	25	5	903		1e-3	1e-2	lr1e3ent	vanilla	10000.0	1.0	0.0	F_vanilla	F_cost	models/diag_safe_push_point_L14_p3o_budget_nosink_by_const_lr1e3ent_d5_s903/anchor	safe_push_point	14	by_const	lr1e3ent	5	903	models/cl_safe_push_point_L14_by_const_d5to25_vanilla_s903/final					27.38	8.50	5.70	16.59	80.09	27.23	run-20260814_122715-safe_push_point_Level_14_p3o_ewc_seed903_20260814_122712_711837	safe_push_point	14	p3o_ewc	903	COMPLETED	0	03:44:45	03:44:05	2.30 GB	6021	
phase2_6301378.log	6301378		1	phase2	2026-08-14	phase2	### PHASE2 safe_push_point L14 norm=by_const d5->d25 realvb s903 lr=1e-3 ent=1e-2	safe_push_point	14			p3o_ewc		by_const	25	5	903		1e-3	1e-2	lr1e3ent	realvb	10000.0	1.0	0.0	F_cost_realvb	F_cost	models/diag_safe_push_point_L14_p3o_budget_nosink_by_const_lr1e3ent_d5_s903/anchor	safe_push_point	14	by_const	lr1e3ent	5	903	models/cl_safe_push_point_L14_by_const_d5to25_realvb_s903/final					27.20	8.68	9.28	17.34	85.49	42.63	run-20260814_122714-safe_push_point_Level_14_p3o_ewc_seed903_20260814_122711_923642	safe_push_point	14	p3o_ewc	903	COMPLETED	0	03:44:29	03:43:40	2.38 GB	6022	
phase2_6301379.log	6301379		1	phase2	2026-08-14	phase2	### PHASE2 safe_push_point L14 norm=by_const d25->d5 naive s903 lr=1e-3 ent=1e-2	safe_push_point	14			p3o_ewc		by_const	5	25	903		1e-3	1e-2	lr1e3ent	naive						models/diag_safe_push_point_L14_p3o_budget_nosink_by_const_lr1e3ent_d25_s903/anchor	safe_push_point	14	by_const	lr1e3ent	25	903	models/cl_safe_push_point_L14_by_const_d25to5_naive_s903/final					52.04	58.55	14.52	36.34	4.51	4.20	run-20260814_134817-safe_push_point_Level_14_p3o_ewc_seed903_20260814_134815_157250	safe_push_point	14	p3o_ewc	903	COMPLETED	0	02:56:03	02:55:15	2.49 GB	6022	
phase2_6301380.log	6301380		1	phase2	2026-08-14	phase2	### PHASE2 safe_push_point L14 norm=by_const d25->d5 vanilla s903 lr=1e-3 ent=1e-2	safe_push_point	14			p3o_ewc		by_const	5	25	903		1e-3	1e-2	lr1e3ent	vanilla	10000.0	1.0	0.0	F_vanilla	F_cost	models/diag_safe_push_point_L14_p3o_budget_nosink_by_const_lr1e3ent_d25_s903/anchor	safe_push_point	14	by_const	lr1e3ent	25	903	models/cl_safe_push_point_L14_by_const_d25to5_vanilla_s903/final					61.47	30.57	10.36	44.47	21.89	17.69	run-20260814_134818-safe_push_point_Level_14_p3o_ewc_seed903_20260814_134815_427195	safe_push_point	14	p3o_ewc	903	COMPLETED	0	02:56:20	02:55:50	2.51 GB	6022	
phase2_6302475.log	6302475		1	phase2	2026-08-14	phase2	### PHASE2 safe_push_point L14 norm=by_const d25->d5 realvb s903 lr=1e-3 ent=1e-2	safe_push_point	14			p3o_ewc		by_const	5	25	903		1e-3	1e-2	lr1e3ent	realvb	10000.0	1.0	0.0	F_cost_realvb	F_cost	models/diag_safe_push_point_L14_p3o_budget_nosink_by_const_lr1e3ent_d25_s903/anchor	safe_push_point	14	by_const	lr1e3ent	25	903	models/cl_safe_push_point_L14_by_const_d25to5_realvb_s903/final					62.28	29.82	9.62	44.36	20.85	13.46	run-20260814_143210-safe_push_point_Level_14_p3o_ewc_seed903_20260814_143206_272688	safe_push_point	14	p3o_ewc	903	COMPLETED	0	03:09:51	03:09:21	2.64 GB	6026	
phase2_6302476.log	6302476		1	phase2	2026-08-14	phase2	### PHASE2 safe_push_point L14 norm=by_const d5->d25 naive s904 lr=1e-3 ent=1e-2	safe_push_point	14			p3o_ewc		by_const	25	5	904		1e-3	1e-2	lr1e3ent	naive						models/diag_safe_push_point_L14_p3o_budget_nosink_by_const_lr1e3ent_d5_s904/anchor	safe_push_point	14	by_const	lr1e3ent	5	904	models/cl_safe_push_point_L14_by_const_d5to25_naive_s904/final					38.59	11.27	8.25	56.00	24.96	10.65	run-20260814_144032-safe_push_point_Level_14_p3o_ewc_seed904_20260814_144029_579147	safe_push_point	14	p3o_ewc	904	COMPLETED	0	03:09:28	03:09:13	2.63 GB	6026	
phase2_6302477.log	6302477		1	phase2	2026-08-14	phase2	### PHASE2 safe_push_point L14 norm=by_const d25->d5 naive s904 lr=1e-3 ent=1e-2	safe_push_point	14			p3o_ewc		by_const	5	25	904		1e-3	1e-2	lr1e3ent	naive						models/diag_safe_push_point_L14_p3o_budget_nosink_by_const_lr1e3ent_d25_s904/anchor	safe_push_point	14	by_const	lr1e3ent	25	904	models/cl_safe_push_point_L14_by_const_d25to5_naive_s904/final					36.44	41.57	10.19	34.50	5.45	6.92	run-20260814_144055-safe_push_point_Level_14_p3o_ewc_seed904_20260814_144053_332919	safe_push_point	14	p3o_ewc	904	COMPLETED	0	03:10:00	03:09:53	2.65 GB	6025	
phase2_6302478.log	6302478		1	phase2	2026-08-14	phase2	### PHASE2 safe_push_point L14 norm=by_const d5->d25 vanilla s904 lr=1e-3 ent=1e-2	safe_push_point	14			p3o_ewc		by_const	25	5	904		1e-3	1e-2	lr1e3ent	vanilla	10000.0	1.0	0.0	F_vanilla	F_cost	models/diag_safe_push_point_L14_p3o_budget_nosink_by_const_lr1e3ent_d5_s904/anchor	safe_push_point	14	by_const	lr1e3ent	5	904	models/cl_safe_push_point_L14_by_const_d5to25_vanilla_s904/final					28.14	8.77	5.51	12.95	92.97	26.37	run-20260814_144319-safe_push_point_Level_14_p3o_ewc_seed904_20260814_144317_286172	safe_push_point	14	p3o_ewc	904	COMPLETED	0	03:09:55	03:09:43	2.65 GB	6026	
phase2_6302479.log	6302479		1	phase2	2026-08-14	phase2	### PHASE2 safe_push_point L14 norm=by_const d25->d5 vanilla s904 lr=1e-3 ent=1e-2	safe_push_point	14			p3o_ewc		by_const	5	25	904		1e-3	1e-2	lr1e3ent	vanilla	10000.0	1.0	0.0	F_vanilla	F_cost	models/diag_safe_push_point_L14_p3o_budget_nosink_by_const_lr1e3ent_d25_s904/anchor	safe_push_point	14	by_const	lr1e3ent	25	904	models/cl_safe_push_point_L14_by_const_d25to5_vanilla_s904/final					51.35	27.19	9.15	44.29	16.24	9.44	run-20260814_150508-safe_push_point_Level_14_p3o_ewc_seed904_20260814_150505_640901	safe_push_point	14	p3o_ewc	904	COMPLETED	0	03:11:05	03:10:25	2.66 GB	6025	
phase2_6302480.log	6302480		1	phase2	2026-08-14	phase2	### PHASE2 safe_push_point L14 norm=by_const d5->d25 realvb s904 lr=1e-3 ent=1e-2	safe_push_point	14			p3o_ewc		by_const	25	5	904		1e-3	1e-2	lr1e3ent	realvb	10000.0	1.0	0.0	F_cost_realvb	F_cost	models/diag_safe_push_point_L14_p3o_budget_nosink_by_const_lr1e3ent_d5_s904/anchor	safe_push_point	14	by_const	lr1e3ent	5	904	models/cl_safe_push_point_L14_by_const_d5to25_realvb_s904/final					27.73	11.18	18.49	13.27	97.45	28.00	run-20260814_161217-safe_push_point_Level_14_p3o_ewc_seed904_20260814_161214_151228	safe_push_point	14	p3o_ewc	904	COMPLETED	0	03:43:18	03:42:27	2.41 GB	6022	
phase2_6302481.log	6302481		1	phase2	2026-08-14	phase2	### PHASE2 safe_push_point L14 norm=by_const d25->d5 realvb s904 lr=1e-3 ent=1e-2	safe_push_point	14			p3o_ewc		by_const	5	25	904		1e-3	1e-2	lr1e3ent	realvb	10000.0	1.0	0.0	F_cost_realvb	F_cost	models/diag_safe_push_point_L14_p3o_budget_nosink_by_const_lr1e3ent_d25_s904/anchor	safe_push_point	14	by_const	lr1e3ent	25	904	models/cl_safe_push_point_L14_by_const_d25to5_realvb_s904/final					51.45	25.53	10.23	44.58	17.15	9.76	run-20260814_163025-safe_push_point_Level_14_p3o_ewc_seed904_20260814_163022_812346	safe_push_point	14	p3o_ewc	904	COMPLETED	0	03:11:35	03:10:50	2.68 GB	6027	
phase2_6302482.log	6302482		1	phase2	2026-08-14	phase2	### PHASE2 safe_push_point L14 norm=by_const d5->d25 naive s905 lr=1e-3 ent=1e-2	safe_push_point	14			p3o_ewc		by_const	25	5	905		1e-3	1e-2	lr1e3ent	naive						models/diag_safe_push_point_L14_p3o_budget_nosink_by_const_lr1e3ent_d5_s905/anchor	safe_push_point	14	by_const	lr1e3ent	5	905	models/cl_safe_push_point_L14_by_const_d5to25_naive_s905/final					52.53	14.12	10.38	68.00	23.29	8.15	run-20260814_163757-safe_push_point_Level_14_p3o_ewc_seed905_20260814_163754_551886	safe_push_point	14	p3o_ewc	905	COMPLETED	0	03:44:01	03:43:15	2.27 GB	6022	
phase2_6302483.log	6302483		1	phase2	2026-08-14	phase2	### PHASE2 safe_push_point L14 norm=by_const d25->d5 naive s905 lr=1e-3 ent=1e-2	safe_push_point	14			p3o_ewc		by_const	5	25	905		1e-3	1e-2	lr1e3ent	naive						models/diag_safe_push_point_L14_p3o_budget_nosink_by_const_lr1e3ent_d25_s905/anchor	safe_push_point	14	by_const	lr1e3ent	25	905	models/cl_safe_push_point_L14_by_const_d25to5_naive_s905/final					54.77	95.86	22.36	38.82	5.03	5.71	run-20260814_175003-safe_push_point_Level_14_p3o_ewc_seed905_20260814_175000_912645	safe_push_point	14	p3o_ewc	905	COMPLETED	0	03:09:37	03:09:12	2.65 GB	6026	
phase2_6302484.log	6302484		1	phase2	2026-08-14	phase2	### PHASE2 safe_push_point L14 norm=by_const d5->d25 vanilla s905 lr=1e-3 ent=1e-2	safe_push_point	14			p3o_ewc		by_const	25	5	905		1e-3	1e-2	lr1e3ent	vanilla	10000.0	1.0	0.0	F_vanilla	F_cost	models/diag_safe_push_point_L14_p3o_budget_nosink_by_const_lr1e3ent_d5_s905/anchor	safe_push_point	14	by_const	lr1e3ent	5	905	models/cl_safe_push_point_L14_by_const_d5to25_vanilla_s905/final					29.00	15.89	15.26	27.96	56.31	21.71	run-20260814_175056-safe_push_point_Level_14_p3o_ewc_seed905_20260814_175054_323689	safe_push_point	14	p3o_ewc	905	COMPLETED	0	03:09:50	03:09:41	2.65 GB	6026	
phase2_6302485.log	6302485		1	phase2	2026-08-14	phase2	### PHASE2 safe_push_point L14 norm=by_const d25->d5 vanilla s905 lr=1e-3 ent=1e-2	safe_push_point	14			p3o_ewc		by_const	5	25	905		1e-3	1e-2	lr1e3ent	vanilla	10000.0	1.0	0.0	F_vanilla	F_cost	models/diag_safe_push_point_L14_p3o_budget_nosink_by_const_lr1e3ent_d25_s905/anchor	safe_push_point	14	by_const	lr1e3ent	25	905	models/cl_safe_push_point_L14_by_const_d25to5_vanilla_s905/final					61.81	29.05	11.28	48.96	16.60	9.76	run-20260814_175124-safe_push_point_Level_14_p3o_ewc_seed905_20260814_175122_085306	safe_push_point	14	p3o_ewc	905	COMPLETED	0	03:09:38	03:09:31	2.65 GB	6026	
phase2_6302486.log	6302486		1	phase2	2026-08-14	phase2	### PHASE2 safe_push_point L14 norm=by_const d5->d25 realvb s905 lr=1e-3 ent=1e-2	safe_push_point	14			p3o_ewc		by_const	25	5	905		1e-3	1e-2	lr1e3ent	realvb	10000.0	1.0	0.0	F_cost_realvb	F_cost	models/diag_safe_push_point_L14_p3o_budget_nosink_by_const_lr1e3ent_d5_s905/anchor	safe_push_point	14	by_const	lr1e3ent	5	905	models/cl_safe_push_point_L14_by_const_d5to25_realvb_s905/final					29.94	19.74	27.14	28.90	59.26	33.96	run-20260814_175314-safe_push_point_Level_14_p3o_ewc_seed905_20260814_175312_356551	safe_push_point	14	p3o_ewc	905	COMPLETED	0	03:09:46	03:09:33	2.66 GB	6026	
phase2_6302487.log	6302487		1	phase2	2026-08-14	phase2	### PHASE2 safe_push_point L14 norm=by_const d25->d5 realvb s905 lr=1e-3 ent=1e-2	safe_push_point	14			p3o_ewc		by_const	5	25	905		1e-3	1e-2	lr1e3ent	realvb	10000.0	1.0	0.0	F_cost_realvb	F_cost	models/diag_safe_push_point_L14_p3o_budget_nosink_by_const_lr1e3ent_d25_s905/anchor	safe_push_point	14	by_const	lr1e3ent	25	905	models/cl_safe_push_point_L14_by_const_d25to5_realvb_s905/final					62.12	28.37	10.13	48.54	17.07	10.70	run-20260814_175935-safe_push_point_Level_14_p3o_ewc_seed905_20260814_175932_417565	safe_push_point	14	p3o_ewc	905	COMPLETED	0	05:40:48	05:39:53	2.32 GB	6022	
phase2_6304456.log	6304456		1	phase2	2026-08-15	phase2	### PHASE2 safe_push_point L14 norm=by_const d5->d25 vanilla s901 lr=1e-3 ent=1e-2	safe_push_point	14			p3o_ewc		by_const	25	5	901		1e-3	1e-2	lr1e3ent	vanilla	100.0	1.0	0.0	F_vanilla	F_cost	models/diag_safe_push_point_L14_p3o_budget_nosink_by_const_lr1e3ent_d5_s901/anchor	safe_push_point	14	by_const	lr1e3ent	5	901												run-20260815_000922-safe_push_point_Level_14_p3o_ewc_seed901_20260815_000920_166437	safe_push_point	14	p3o_ewc	901	CANCELLED	0	00:10:15	00:09:55	2.66 GB	93	
phase2_6304457.log	6304457		1	phase2	2026-08-15	phase2	### PHASE2 safe_push_point L14 norm=by_const d5->d25 vanilla s901 lr=1e-3 ent=1e-2	safe_push_point	14			p3o_ewc		by_const	25	5	901		1e-3	1e-2	lr1e3ent	vanilla	1000.0	1.0	0.0	F_vanilla	F_cost	models/diag_safe_push_point_L14_p3o_budget_nosink_by_const_lr1e3ent_d5_s901/anchor	safe_push_point	14	by_const	lr1e3ent	5	901												run-20260815_001047-safe_push_point_Level_14_p3o_ewc_seed901_20260815_001039_895632	safe_push_point	14	p3o_ewc	901	CANCELLED	0	00:09:07	00:08:34	2.63 GB	92	
phase2_6304496.log	6304496		1	phase2	2026-08-15	phase2	### PHASE2 safe_push_point L14 norm=by_const d5->d25 vanilla s901 lr=1e-3 ent=1e-2	safe_push_point	14			p3o_ewc		by_const	25	5	901		1e-3	1e-2	lr1e3ent	vanilla	10000.0	1.0	0.0	F_vanilla	F_cost	models/diag_safe_push_point_L14_p3o_budget_nosink_by_const_lr1e3ent_d5_s901/anchor	safe_push_point	14	by_const	lr1e3ent	5	901												run-20260815_002010-safe_push_point_Level_14_p3o_ewc_seed901_20260815_002007_924372	safe_push_point	14	p3o_ewc	901	CANCELLED	0	00:01:44	00:01:33	1.94 GB	83	
phase2_6304508.log	6304508		1	phase2	2026-08-15	phase2	### PHASE2 safe_push_point L14 norm=by_const d5->d25 vanilla s903 lr=1e-3 ent=1e-2	safe_push_point	14			p3o_ewc		by_const	25	5	903		1e-3	1e-2	lr1e3ent	vanilla	1.0	1.0	0.0	F_vanilla	F_cost	models/diag_safe_push_point_L14_p3o_budget_nosink_by_const_lr1e3ent_d5_s903/anchor	safe_push_point	14	by_const	lr1e3ent	5	903	models/cl_safe_push_point_L14_by_const_d5to25_vanilla_s903/final					20.69	3.34	9.56	19.42	30.78	27.05	run-20260815_003332-safe_push_point_Level_14_p3o_ewc_seed903_20260815_003329_075153	safe_push_point	14	p3o_ewc	903	COMPLETED	0	03:08:18	03:07:34	2.69 GB	6026	
phase2_6304509.log	6304509		1	phase2	2026-08-15	phase2	### PHASE2 safe_push_point L14 norm=by_const d5->d25 vanilla s903 lr=1e-3 ent=1e-2	safe_push_point	14			p3o_ewc		by_const	25	5	903		1e-3	1e-2	lr1e3ent	vanilla	100.0	1.0	0.0	F_vanilla	F_cost	models/diag_safe_push_point_L14_p3o_budget_nosink_by_const_lr1e3ent_d5_s903/anchor	safe_push_point	14	by_const	lr1e3ent	5	903	models/cl_safe_push_point_L14_by_const_d5to25_vanilla_s903/final					26.43	9.64	10.80	16.93	73.84	27.72	run-20260815_003616-safe_push_point_Level_14_p3o_ewc_seed903_20260815_003613_401423	safe_push_point	14	p3o_ewc	903	COMPLETED	0	03:10:31	03:10:03	2.67 GB	6027	
phase2_6304510.log	6304510		1	phase2	2026-08-15	phase2	### PHASE2 safe_push_point L14 norm=by_const d5->d25 vanilla s903 lr=1e-3 ent=1e-2	safe_push_point	14			p3o_ewc		by_const	25	5	903		1e-3	1e-2	lr1e3ent	vanilla	10000.0	1.0	0.0	F_vanilla	F_cost	models/diag_safe_push_point_L14_p3o_budget_nosink_by_const_lr1e3ent_d5_s903/anchor	safe_push_point	14	by_const	lr1e3ent	5	903	models/cl_safe_push_point_L14_by_const_d5to25_vanilla_s903/final					26.16	8.39	7.08	17.49	83.06	32.15	run-20260815_003836-safe_push_point_Level_14_p3o_ewc_seed903_20260815_003833_979134	safe_push_point	14	p3o_ewc	903	COMPLETED	0	03:09:30	03:08:50	2.66 GB	6026	
phase2_6304511.log	6304511		1	phase2	2026-08-15	phase2	### PHASE2 safe_push_point L14 norm=by_const d5->d25 vanilla s904 lr=1e-3 ent=1e-2	safe_push_point	14			p3o_ewc		by_const	25	5	904		1e-3	1e-2	lr1e3ent	vanilla	1.0	1.0	0.0	F_vanilla	F_cost	models/diag_safe_push_point_L14_p3o_budget_nosink_by_const_lr1e3ent_d5_s904/anchor	safe_push_point	14	by_const	lr1e3ent	5	904	models/cl_safe_push_point_L14_by_const_d5to25_vanilla_s904/final					27.55	3.48	3.11	20.27	28.66	7.55	run-20260815_003836-safe_push_point_Level_14_p3o_ewc_seed904_20260815_003833_420267	safe_push_point	14	p3o_ewc	904	COMPLETED	0	03:09:39	03:09:14	2.64 GB	6026	
phase2_6304512.log	6304512		1	phase2	2026-08-15	phase2	### PHASE2 safe_push_point L14 norm=by_const d5->d25 vanilla s904 lr=1e-3 ent=1e-2	safe_push_point	14			p3o_ewc		by_const	25	5	904		1e-3	1e-2	lr1e3ent	vanilla	100.0	1.0	0.0	F_vanilla	F_cost	models/diag_safe_push_point_L14_p3o_budget_nosink_by_const_lr1e3ent_d5_s904/anchor	safe_push_point	14	by_const	lr1e3ent	5	904	models/cl_safe_push_point_L14_by_const_d5to25_vanilla_s904/final					27.90	6.88	4.21	11.40	84.91	25.17	run-20260815_014058-safe_push_point_Level_14_p3o_ewc_seed904_20260815_014056_195747	safe_push_point	14	p3o_ewc	904	COMPLETED	0	03:10:19	03:09:53	2.65 GB	6026	
phase2_6304513.log	6304513		1	phase2	2026-08-15	phase2	### PHASE2 safe_push_point L14 norm=by_const d5->d25 vanilla s904 lr=1e-3 ent=1e-2	safe_push_point	14			p3o_ewc		by_const	25	5	904		1e-3	1e-2	lr1e3ent	vanilla	10000.0	1.0	0.0	F_vanilla	F_cost	models/diag_safe_push_point_L14_p3o_budget_nosink_by_const_lr1e3ent_d5_s904/anchor	safe_push_point	14	by_const	lr1e3ent	5	904	models/cl_safe_push_point_L14_by_const_d5to25_vanilla_s904/final					29.23	8.90	5.39	12.55	90.75	30.93	run-20260815_025733-safe_push_point_Level_14_p3o_ewc_seed904_20260815_025730_904882	safe_push_point	14	p3o_ewc	904	COMPLETED	0	03:10:25	03:09:54	2.65 GB	6026	
phase2_6306469.log	6306469		1	phase2	2026-08-15	phase2	### PHASE2 safe_push_point L14 norm=by_const d25->d5 vanilla s903 lr=1e-3 ent=1e-2	safe_push_point	14			p3o_ewc		by_const	5	25	903		1e-3	1e-2	lr1e3ent	vanilla	0.01	1.0	0.0	F_vanilla	F_cost	models/diag_safe_push_point_L14_p3o_budget_nosink_by_const_lr1e3ent_d25_s903/anchor	safe_push_point	14	by_const	lr1e3ent	25	903	models/cl_safe_push_point_L14_by_const_d25to5_vanilla_s903/final					51.48	21.34	7.87	28.81	4.61	6.24	run-20260815_160156-safe_push_point_Level_14_p3o_ewc_seed903_20260815_160153_401558	safe_push_point	14	p3o_ewc	903	COMPLETED	0	05:23:36	05:22:40	2.31 GB	6022	
phase2_6306470.log	6306470		1	phase2	2026-08-15	phase2	### PHASE2 safe_push_point L14 norm=by_const d25->d5 vanilla s903 lr=1e-3 ent=1e-2	safe_push_point	14			p3o_ewc		by_const	5	25	903		1e-3	1e-2	lr1e3ent	vanilla	0.1	1.0	0.0	F_vanilla	F_cost	models/diag_safe_push_point_L14_p3o_budget_nosink_by_const_lr1e3ent_d25_s903/anchor	safe_push_point	14	by_const	lr1e3ent	25	903	models/cl_safe_push_point_L14_by_const_d25to5_vanilla_s903/final					50.27	19.61	9.25	25.86	5.00	4.90	run-20260815_160204-safe_push_point_Level_14_p3o_ewc_seed903_20260815_160201_354520	safe_push_point	14	p3o_ewc	903	COMPLETED	0	03:09:57	03:09:24	2.66 GB	6026	
phase2_6306471.log	6306471		1	phase2	2026-08-15	phase2	### PHASE2 safe_push_point L14 norm=by_const d25->d5 vanilla s903 lr=1e-3 ent=1e-2	safe_push_point	14			p3o_ewc		by_const	5	25	903		1e-3	1e-2	lr1e3ent	vanilla	1.0	1.0	0.0	F_vanilla	F_cost	models/diag_safe_push_point_L14_p3o_budget_nosink_by_const_lr1e3ent_d25_s903/anchor	safe_push_point	14	by_const	lr1e3ent	25	903	models/cl_safe_push_point_L14_by_const_d25to5_vanilla_s903/final					58.45	24.38	9.26	41.63	12.75	9.61	run-20260815_160355-safe_push_point_Level_14_p3o_ewc_seed903_20260815_160351_597139	safe_push_point	14	p3o_ewc	903	COMPLETED	0	03:43:33	03:42:55	2.30 GB	6022	
phase2_6306473.log	6306473		1	phase2	2026-08-15	phase2	### PHASE2 safe_push_point L14 norm=by_const d25->d5 vanilla s903 lr=1e-3 ent=1e-2	safe_push_point	14			p3o_ewc		by_const	5	25	903		1e-3	1e-2	lr1e3ent	vanilla	10.0	1.0	0.0	F_vanilla	F_cost	models/diag_safe_push_point_L14_p3o_budget_nosink_by_const_lr1e3ent_d25_s903/anchor	safe_push_point	14	by_const	lr1e3ent	25	903	models/cl_safe_push_point_L14_by_const_d25to5_vanilla_s903/final					61.20	26.83	9.93	43.10	17.58	10.67	run-20260815_160354-safe_push_point_Level_14_p3o_ewc_seed903_20260815_160351_595662	safe_push_point	14	p3o_ewc	903	COMPLETED	0	04:58:17	04:57:35	2.28 GB	6022	
phase2_6306474.log	6306474		1	phase2	2026-08-15	phase2	### PHASE2 safe_push_point L14 norm=by_const d25->d5 vanilla s903 lr=1e-3 ent=1e-2	safe_push_point	14			p3o_ewc		by_const	5	25	903		1e-3	1e-2	lr1e3ent	vanilla	100.0	1.0	0.0	F_vanilla	F_cost	models/diag_safe_push_point_L14_p3o_budget_nosink_by_const_lr1e3ent_d25_s903/anchor	safe_push_point	14	by_const	lr1e3ent	25	903	models/cl_safe_push_point_L14_by_const_d25to5_vanilla_s903/final					61.58	31.43	11.54	43.27	22.47	14.03	run-20260815_160355-safe_push_point_Level_14_p3o_ewc_seed903_20260815_160351_595693	safe_push_point	14	p3o_ewc	903	COMPLETED	0	03:44:17	03:43:48	2.30 GB	6022	
phase2_6306475.log	6306475		1	phase2	2026-08-15	phase2	### PHASE2 safe_push_point L14 norm=by_const d25->d5 vanilla s904 lr=1e-3 ent=1e-2	safe_push_point	14			p3o_ewc		by_const	5	25	904		1e-3	1e-2	lr1e3ent	vanilla	0.01	1.0	0.0	F_vanilla	F_cost	models/diag_safe_push_point_L14_p3o_budget_nosink_by_const_lr1e3ent_d25_s904/anchor	safe_push_point	14	by_const	lr1e3ent	25	904	models/cl_safe_push_point_L14_by_const_d25to5_vanilla_s904/final					43.12	13.62	9.06	34.72	5.56	6.22	run-20260815_160355-safe_push_point_Level_14_p3o_ewc_seed904_20260815_160351_595674	safe_push_point	14	p3o_ewc	904	COMPLETED	0	03:43:36	03:43:10	2.28 GB	6022	
phase2_6306476.log	6306476		1	phase2	2026-08-15	phase2	### PHASE2 safe_push_point L14 norm=by_const d25->d5 vanilla s904 lr=1e-3 ent=1e-2	safe_push_point	14			p3o_ewc		by_const	5	25	904		1e-3	1e-2	lr1e3ent	vanilla	0.1	1.0	0.0	F_vanilla	F_cost	models/diag_safe_push_point_L14_p3o_budget_nosink_by_const_lr1e3ent_d25_s904/anchor	safe_push_point	14	by_const	lr1e3ent	25	904	models/cl_safe_push_point_L14_by_const_d25to5_vanilla_s904/final					48.67	21.89	8.01	42.62	13.17	6.60	run-20260815_160419-safe_push_point_Level_14_p3o_ewc_seed904_20260815_160416_399345	safe_push_point	14	p3o_ewc	904	COMPLETED	0	03:11:29	03:11:00	2.65 GB	6026	
phase2_6306477.log	6306477		1	phase2	2026-08-15	phase2	### PHASE2 safe_push_point L14 norm=by_const d25->d5 vanilla s904 lr=1e-3 ent=1e-2	safe_push_point	14			p3o_ewc		by_const	5	25	904		1e-3	1e-2	lr1e3ent	vanilla	1.0	1.0	0.0	F_vanilla	F_cost	models/diag_safe_push_point_L14_p3o_budget_nosink_by_const_lr1e3ent_d25_s904/anchor	safe_push_point	14	by_const	lr1e3ent	25	904	models/cl_safe_push_point_L14_by_const_d25to5_vanilla_s904/final					50.23	19.34	8.55	41.24	10.59	7.32	run-20260815_162702-safe_push_point_Level_14_p3o_ewc_seed904_20260815_162659_237100	safe_push_point	14	p3o_ewc	904	COMPLETED	0	03:43:35	03:42:52	2.31 GB	6022	
phase2_6306478.log	6306478		1	phase2	2026-08-15	phase2	### PHASE2 safe_push_point L14 norm=by_const d25->d5 vanilla s904 lr=1e-3 ent=1e-2	safe_push_point	14			p3o_ewc		by_const	5	25	904		1e-3	1e-2	lr1e3ent	vanilla	10.0	1.0	0.0	F_vanilla	F_cost	models/diag_safe_push_point_L14_p3o_budget_nosink_by_const_lr1e3ent_d25_s904/anchor	safe_push_point	14	by_const	lr1e3ent	25	904	models/cl_safe_push_point_L14_by_const_d25to5_vanilla_s904/final					50.83	24.68	10.06	44.18	14.70	7.95	run-20260815_174614-safe_push_point_Level_14_p3o_ewc_seed904_20260815_174610_863559	safe_push_point	14	p3o_ewc	904	COMPLETED	0	02:56:37	02:55:34	2.41 GB	6022	
phase2_6306479.log	6306479		1	phase2	2026-08-15	phase2	### PHASE2 safe_push_point L14 norm=by_const d25->d5 vanilla s904 lr=1e-3 ent=1e-2	safe_push_point	14			p3o_ewc		by_const	5	25	904		1e-3	1e-2	lr1e3ent	vanilla	100.0	1.0	0.0	F_vanilla	F_cost	models/diag_safe_push_point_L14_p3o_budget_nosink_by_const_lr1e3ent_d25_s904/anchor	safe_push_point	14	by_const	lr1e3ent	25	904	models/cl_safe_push_point_L14_by_const_d25to5_vanilla_s904/final					51.45	28.23	9.54	44.37	15.96	8.81	run-20260815_175713-safe_push_point_Level_14_p3o_ewc_seed904_20260815_175710_950991	safe_push_point	14	p3o_ewc	904	COMPLETED	0	03:10:10	03:09:20	2.72 GB	6025	
phase2_6306765.log	6306765		1	phase2	2026-08-15	phase2	### PHASE2 safe_push_point L14 norm=by_threshold d5->d25 naive s901 lr=1e-3 ent=1e-2	safe_push_point	14			p3o_ewc		by_threshold	25	5	901		1e-3	1e-2	bt	naive						models/diag_safe_push_point_L14_p3o_budget_nosink_by_threshold_bt_d5_s901/anchor	safe_push_point	14	by_threshold	bt	5	901	models/cl_safe_push_point_L14_by_threshold_d5to25_naive_s901/final					35.19	15.15	8.48	55.93	26.73	14.98	run-20260815_194733-safe_push_point_Level_14_p3o_ewc_seed901_20260815_194730_125950	safe_push_point	14	p3o_ewc	901	COMPLETED	0	03:42:33	03:41:46	2.28 GB	6022	
phase2_6306766.log	6306766		1	phase2	2026-08-15	phase2	### PHASE2 safe_push_point L14 norm=by_threshold d5->d25 vanilla s901 lr=1e-3 ent=1e-2	safe_push_point	14			p3o_ewc		by_threshold	25	5	901		1e-3	1e-2	bt	vanilla	1.0	1.0	0.0	F_vanilla	F_cost	models/diag_safe_push_point_L14_p3o_budget_nosink_by_threshold_bt_d5_s901/anchor	safe_push_point	14	by_threshold	bt	5	901	models/cl_safe_push_point_L14_by_threshold_d5to25_vanilla_s901/final					27.92	5.91	4.55	28.23	22.13	10.08	run-20260815_194733-safe_push_point_Level_14_p3o_ewc_seed901_20260815_194730_065957	safe_push_point	14	p3o_ewc	901	COMPLETED	0	03:44:18	03:43:50	2.28 GB	6022	
phase2_6306767.log	6306767		1	phase2	2026-08-15	phase2	### PHASE2 safe_push_point L14 norm=by_threshold d25->d5 naive s901 lr=1e-3 ent=1e-2	safe_push_point	14			p3o_ewc		by_threshold	5	25	901		1e-3	1e-2	bt	naive						models/diag_safe_push_point_L14_p3o_budget_nosink_by_threshold_bt_d25_s901/anchor	safe_push_point	14	by_threshold	bt	25	901	models/cl_safe_push_point_L14_by_threshold_d25to5_naive_s901/final					30.03	24.26	16.91	34.45	4.71	4.81	run-20260815_194807-safe_push_point_Level_14_p3o_ewc_seed901_20260815_194804_577709	safe_push_point	14	p3o_ewc	901	COMPLETED	0	03:43:22	03:42:54	2.29 GB	6022	
phase2_6306768.log	6306768		1	phase2	2026-08-15	phase2	### PHASE2 safe_push_point L14 norm=by_threshold d25->d5 vanilla s901 lr=1e-3 ent=1e-2	safe_push_point	14			p3o_ewc		by_threshold	5	25	901		1e-3	1e-2	bt	vanilla	1.0	1.0	0.0	F_vanilla	F_cost	models/diag_safe_push_point_L14_p3o_budget_nosink_by_threshold_bt_d25_s901/anchor	safe_push_point	14	by_threshold	bt	25	901	models/cl_safe_push_point_L14_by_threshold_d25to5_vanilla_s901/final					49.43	17.70	9.90	40.88	11.35	7.70	run-20260815_195206-safe_push_point_Level_14_p3o_ewc_seed901_20260815_195203_477702	safe_push_point	14	p3o_ewc	901	COMPLETED	0	03:13:14	03:12:26	2.66 GB	6026	
phase2_6306769.log	6306769		1	phase2	2026-08-15	phase2	### PHASE2 safe_push_point L14 norm=by_threshold d5->d25 naive s903 lr=1e-3 ent=1e-2	safe_push_point	14			p3o_ewc		by_threshold	25	5	903		1e-3	1e-2	bt	naive						models/diag_safe_push_point_L14_p3o_budget_nosink_by_threshold_bt_d5_s903/anchor	safe_push_point	14	by_threshold	bt	5	903	models/cl_safe_push_point_L14_by_threshold_d5to25_naive_s903/final					52.07	14.80	9.50	66.48	22.34	10.64	run-20260815_201033-safe_push_point_Level_14_p3o_ewc_seed903_20260815_201031_094898	safe_push_point	14	p3o_ewc	903	COMPLETED	0	03:42:25	03:41:45	2.29 GB	6023	
phase2_6306770.log	6306770		1	phase2	2026-08-15	phase2	### PHASE2 safe_push_point L14 norm=by_threshold d5->d25 vanilla s903 lr=1e-3 ent=1e-2	safe_push_point	14			p3o_ewc		by_threshold	25	5	903		1e-3	1e-2	bt	vanilla	1.0	1.0	0.0	F_vanilla	F_cost	models/diag_safe_push_point_L14_p3o_budget_nosink_by_threshold_bt_d5_s903/anchor	safe_push_point	14	by_threshold	bt	5	903	models/cl_safe_push_point_L14_by_threshold_d5to25_vanilla_s903/final					29.03	4.72	4.04	26.73	28.68	66.64	run-20260815_204245-safe_push_point_Level_14_p3o_ewc_seed903_20260815_204241_910537	safe_push_point	14	p3o_ewc	903	COMPLETED	0	02:56:26	02:55:23	2.40 GB	6022	
phase2_6306771.log	6306771		1	phase2	2026-08-16	phase2	### PHASE2 safe_push_point L14 norm=by_threshold d25->d5 naive s903 lr=1e-3 ent=1e-2	safe_push_point	14			p3o_ewc		by_threshold	5	25	903		1e-3	1e-2	bt	naive						models/diag_safe_push_point_L14_p3o_budget_nosink_by_threshold_bt_d25_s903/anchor	safe_push_point	14	by_threshold	bt	25	903	models/cl_safe_push_point_L14_by_threshold_d25to5_naive_s903/final					41.99	33.70	11.19	33.99	3.88	3.86	run-20260815_210228-safe_push_point_Level_14_p3o_ewc_seed903_20260815_210225_710519	safe_push_point	14	p3o_ewc	903	COMPLETED	0	04:53:51	04:53:02	2.27 GB	6022	
phase2_6306772.log	6306772		1	phase2	2026-08-16	phase2	### PHASE2 safe_push_point L14 norm=by_threshold d25->d5 vanilla s903 lr=1e-3 ent=1e-2	safe_push_point	14			p3o_ewc		by_threshold	5	25	903		1e-3	1e-2	bt	vanilla	1.0	1.0	0.0	F_vanilla	F_cost	models/diag_safe_push_point_L14_p3o_budget_nosink_by_threshold_bt_d25_s903/anchor	safe_push_point	14	by_threshold	bt	25	903	models/cl_safe_push_point_L14_by_threshold_d25to5_vanilla_s903/final					49.85	20.38	8.76	31.16	9.26	6.73	run-20260815_212534-safe_push_point_Level_14_p3o_ewc_seed903_20260815_212531_771220	safe_push_point	14	p3o_ewc	903	COMPLETED	0	05:19:48	05:19:04	2.31 GB	6022	
phase2_6308428.log	6308428		1	phase2	2026-08-16	phase2	### PHASE2 safe_push_point L14 norm=by_const d5->d25 vanilla s901 lr=1e-3 ent=1e-2	safe_push_point	14			p3o_ewc		by_const	25	5	901		1e-3	1e-2	lr1e3ent	vanilla	0.1	1.0	0.0	F_vanilla	F_cost	models/diag_safe_push_point_L14_p3o_budget_nosink_by_const_lr1e3ent_d5_s901/anchor	safe_push_point	14	by_const	lr1e3ent	5	901	models/cl_safe_push_point_L14_by_const_d5to25_vanilla_s901/final					27.98	7.12	4.67	33.38	29.04	7.96	run-20260816_041730-safe_push_point_Level_14_p3o_ewc_seed901_20260816_041726_903430	safe_push_point	14	p3o_ewc	901	COMPLETED	0	02:56:44	02:55:37	2.43 GB	6022	
phase2_6308429.log	6308429		1	phase2	2026-08-16	phase2	### PHASE2 safe_push_point L14 norm=by_const d5->d25 vanilla s903 lr=1e-3 ent=1e-2	safe_push_point	14			p3o_ewc		by_const	25	5	903		1e-3	1e-2	lr1e3ent	vanilla	0.1	1.0	0.0	F_vanilla	F_cost	models/diag_safe_push_point_L14_p3o_budget_nosink_by_const_lr1e3ent_d5_s903/anchor	safe_push_point	14	by_const	lr1e3ent	5	903	models/cl_safe_push_point_L14_by_const_d5to25_vanilla_s903/final					28.85	3.09	4.82	41.04	30.04	6.74	run-20260816_041729-safe_push_point_Level_14_p3o_ewc_seed903_20260816_041726_859116	safe_push_point	14	p3o_ewc	903	COMPLETED	0	02:56:50	02:55:55	2.41 GB	6021	
phase2_6308430.log	6308430		1	phase2	2026-08-16	phase2	### PHASE2 safe_push_point L14 norm=by_const d5->d25 vanilla s904 lr=1e-3 ent=1e-2	safe_push_point	14			p3o_ewc		by_const	25	5	904		1e-3	1e-2	lr1e3ent	vanilla	0.1	1.0	0.0	F_vanilla	F_cost	models/diag_safe_push_point_L14_p3o_budget_nosink_by_const_lr1e3ent_d5_s904/anchor	safe_push_point	14	by_const	lr1e3ent	5	904	models/cl_safe_push_point_L14_by_const_d5to25_vanilla_s904/final					27.38	4.14	4.06	33.81	25.33	6.69	run-20260816_041730-safe_push_point_Level_14_p3o_ewc_seed904_20260816_041726_632520	safe_push_point	14	p3o_ewc	904	COMPLETED	0	03:44:15	03:43:20	2.38 GB	6021	
phase2_6308431.log	6308431		1	phase2	2026-08-16	phase2	### PHASE2 safe_push_point L14 norm=by_const d5->d25 vanilla s901 lr=1e-3 ent=1e-2	safe_push_point	14			p3o_ewc		by_const	25	5	901		1e-3	1e-2	lr1e3ent	vanilla	1.0	1.0	0.0	F_vanilla	F_cost	models/diag_safe_push_point_L14_p3o_budget_nosink_by_const_lr1e3ent_d5_s901/anchor	safe_push_point	14	by_const	lr1e3ent	5	901	models/cl_safe_push_point_L14_by_const_d5to25_vanilla_s901/final					23.49	7.18	15.57	22.09	27.92	8.38	run-20260816_041730-safe_push_point_Level_14_p3o_ewc_seed901_20260816_041726_603341	safe_push_point	14	p3o_ewc	901	COMPLETED	0	03:44:15	03:43:26	2.28 GB	6023	
phase2_6308432.log	6308432		1	phase2	2026-08-16	phase2	### PHASE2 safe_push_point L14 norm=by_const d5->d25 vanilla s901 lr=1e-3 ent=1e-2	safe_push_point	14			p3o_ewc		by_const	25	5	901		1e-3	1e-2	lr1e3ent	vanilla	100.0	1.0	0.0	F_vanilla	F_cost	models/diag_safe_push_point_L14_p3o_budget_nosink_by_const_lr1e3ent_d5_s901/anchor	safe_push_point	14	by_const	lr1e3ent	5	901	models/cl_safe_push_point_L14_by_const_d5to25_vanilla_s901/final					23.44	5.71	5.39	17.85	24.52	7.22	run-20260816_041730-safe_push_point_Level_14_p3o_ewc_seed901_20260816_041726_385498	safe_push_point	14	p3o_ewc	901	COMPLETED	0	03:43:06	03:42:19	2.40 GB	6022	
phase2_6308433.log	6308433		1	phase2	2026-08-16	phase2	### PHASE2 safe_push_point L14 norm=by_const d25->d5 vanilla s901 lr=1e-3 ent=1e-2	safe_push_point	14			p3o_ewc		by_const	5	25	901		1e-3	1e-2	lr1e3ent	vanilla	0.001	1.0	0.0	F_vanilla	F_cost	models/diag_safe_push_point_L14_p3o_budget_nosink_by_const_lr1e3ent_d25_s901/anchor	safe_push_point	14	by_const	lr1e3ent	25	901	models/cl_safe_push_point_L14_by_const_d25to5_vanilla_s901/final					39.95	30.48	12.58	31.15	5.91	15.42	run-20260816_041730-safe_push_point_Level_14_p3o_ewc_seed901_20260816_041727_132077	safe_push_point	14	p3o_ewc	901	COMPLETED	0	03:42:41	03:41:44	2.41 GB	6023	
phase2_6308434.log	6308434		1	phase2	2026-08-16	phase2	### PHASE2 safe_push_point L14 norm=by_const d25->d5 vanilla s901 lr=1e-3 ent=1e-2	safe_push_point	14			p3o_ewc		by_const	5	25	901		1e-3	1e-2	lr1e3ent	vanilla	0.01	1.0	0.0	F_vanilla	F_cost	models/diag_safe_push_point_L14_p3o_budget_nosink_by_const_lr1e3ent_d25_s901/anchor	safe_push_point	14	by_const	lr1e3ent	25	901	models/cl_safe_push_point_L14_by_const_d25to5_vanilla_s901/final					38.74	18.01	10.93	30.55	5.02	6.01	run-20260816_041730-safe_push_point_Level_14_p3o_ewc_seed901_20260816_041726_912798	safe_push_point	14	p3o_ewc	901	COMPLETED	0	05:17:19	05:16:20	2.40 GB	6022	
phase2_6308435.log	6308435		1	phase2	2026-08-16	phase2	### PHASE2 safe_push_point L14 norm=by_const d25->d5 vanilla s901 lr=1e-3 ent=1e-2	safe_push_point	14			p3o_ewc		by_const	5	25	901		1e-3	1e-2	lr1e3ent	vanilla	0.1	1.0	0.0	F_vanilla	F_cost	models/diag_safe_push_point_L14_p3o_budget_nosink_by_const_lr1e3ent_d25_s901/anchor	safe_push_point	14	by_const	lr1e3ent	25	901	models/cl_safe_push_point_L14_by_const_d25to5_vanilla_s901/final					47.97	15.71	8.00	37.27	8.22	7.54	run-20260816_041730-safe_push_point_Level_14_p3o_ewc_seed901_20260816_041726_576189	safe_push_point	14	p3o_ewc	901	COMPLETED	0	04:57:30	04:56:31	2.39 GB	6022	
phase2_6308436.log	6308436		1	phase2	2026-08-16	phase2	### PHASE2 safe_push_point L14 norm=by_const d25->d5 vanilla s903 lr=1e-3 ent=1e-2	safe_push_point	14			p3o_ewc		by_const	5	25	903		1e-3	1e-2	lr1e3ent	vanilla	0.001	1.0	0.0	F_vanilla	F_cost	models/diag_safe_push_point_L14_p3o_budget_nosink_by_const_lr1e3ent_d25_s903/anchor	safe_push_point	14	by_const	lr1e3ent	25	903	models/cl_safe_push_point_L14_by_const_d25to5_vanilla_s903/final					50.25	27.93	8.44	33.20	5.07	8.08	run-20260816_045808-safe_push_point_Level_14_p3o_ewc_seed903_20260816_045805_753616	safe_push_point	14	p3o_ewc	903	COMPLETED	0	03:10:56	03:10:15	2.67 GB	6026	
phase2_6308437.log	6308437		1	phase2	2026-08-16	phase2	### PHASE2 safe_push_point L14 norm=by_const d25->d5 vanilla s904 lr=1e-3 ent=1e-2	safe_push_point	14			p3o_ewc		by_const	5	25	904		1e-3	1e-2	lr1e3ent	vanilla	0.001	1.0	0.0	F_vanilla	F_cost	models/diag_safe_push_point_L14_p3o_budget_nosink_by_const_lr1e3ent_d25_s904/anchor	safe_push_point	14	by_const	lr1e3ent	25	904	models/cl_safe_push_point_L14_by_const_d25to5_vanilla_s904/final					36.99	12.76	8.39	33.80	4.32	4.48	run-20260816_071411-safe_push_point_Level_14_p3o_ewc_seed904_20260816_071408_717115	safe_push_point	14	p3o_ewc	904	COMPLETED	0	02:56:18	02:55:31	2.42 GB	6022	
phase2_6308952.log	6308952		1	phase2	2026-08-16	phase2	### PHASE2 safe_push_point L14 norm=by_const d5->d25 vanilla s902 lr=1e-3 ent=1e-2	safe_push_point	14			p3o_ewc		by_const	25	5	902		1e-3	1e-2	lr1e3ent	vanilla	0.1	1.0	0.0	F_vanilla	F_cost	models/diag_safe_push_point_L14_p3o_budget_nosink_by_const_lr1e3ent_d5_s902/anchor	safe_push_point	14	by_const	lr1e3ent	5	902	models/cl_safe_push_point_L14_by_const_d5to25_vanilla_s902/final					30.02	5.43	5.54	43.74	24.61	6.41	run-20260816_132516-safe_push_point_Level_14_p3o_ewc_seed902_20260816_132513_354786	safe_push_point	14	p3o_ewc	902	COMPLETED	0	02:56:36	02:55:36	2.43 GB	6022	
phase2_6308953.log	6308953		1	phase2	2026-08-16	phase2	### PHASE2 safe_push_point L14 norm=by_const d5->d25 vanilla s905 lr=1e-3 ent=1e-2	safe_push_point	14			p3o_ewc		by_const	25	5	905		1e-3	1e-2	lr1e3ent	vanilla	0.1	1.0	0.0	F_vanilla	F_cost	models/diag_safe_push_point_L14_p3o_budget_nosink_by_const_lr1e3ent_d5_s905/anchor	safe_push_point	14	by_const	lr1e3ent	5	905	models/cl_safe_push_point_L14_by_const_d5to25_vanilla_s905/final					19.02	6.50	37.61	17.84	18.13	24.89	run-20260816_132516-safe_push_point_Level_14_p3o_ewc_seed905_20260816_132513_690127	safe_push_point	14	p3o_ewc	905	COMPLETED	0	02:56:40	02:55:54	2.40 GB	6022	
phase2_6308954.log	6308954		1	phase2	2026-08-16	phase2	### PHASE2 safe_push_point L14 norm=by_const d5->d25 realvb s901 lr=1e-3 ent=1e-2	safe_push_point	14			p3o_ewc		by_const	25	5	901		1e-3	1e-2	lr1e3ent	realvb	0.1	1.0	0.0	F_cost_realvb	F_cost	models/diag_safe_push_point_L14_p3o_budget_nosink_by_const_lr1e3ent_d5_s901/anchor	safe_push_point	14	by_const	lr1e3ent	5	901	models/cl_safe_push_point_L14_by_const_d5to25_realvb_s901/final					27.89	6.71	4.49	33.11	27.86	7.76	run-20260816_132514-safe_push_point_Level_14_p3o_ewc_seed901_20260816_132509_739413	safe_push_point	14	p3o_ewc	901	COMPLETED	0	03:44:45	03:44:03	2.30 GB	6022	
phase2_6308955.log	6308955		1	phase2	2026-08-16	phase2	### PHASE2 safe_push_point L14 norm=by_const d5->d25 realvb s902 lr=1e-3 ent=1e-2	safe_push_point	14			p3o_ewc		by_const	25	5	902		1e-3	1e-2	lr1e3ent	realvb	0.1	1.0	0.0	F_cost_realvb	F_cost	models/diag_safe_push_point_L14_p3o_budget_nosink_by_const_lr1e3ent_d5_s902/anchor	safe_push_point	14	by_const	lr1e3ent	5	902	models/cl_safe_push_point_L14_by_const_d5to25_realvb_s902/final					31.69	5.45	4.39	41.63	26.63	8.07	run-20260816_132513-safe_push_point_Level_14_p3o_ewc_seed902_20260816_132510_439002	safe_push_point	14	p3o_ewc	902	COMPLETED	0	03:44:10	03:43:29	2.29 GB	6021	
phase2_6308956.log	6308956		1	phase2	2026-08-16	phase2	### PHASE2 safe_push_point L14 norm=by_const d5->d25 realvb s903 lr=1e-3 ent=1e-2	safe_push_point	14			p3o_ewc		by_const	25	5	903		1e-3	1e-2	lr1e3ent	realvb	0.1	1.0	0.0	F_cost_realvb	F_cost	models/diag_safe_push_point_L14_p3o_budget_nosink_by_const_lr1e3ent_d5_s903/anchor	safe_push_point	14	by_const	lr1e3ent	5	903	models/cl_safe_push_point_L14_by_const_d5to25_realvb_s903/final					13.32	2.89	6.97	14.54	31.24	54.99	run-20260816_132514-safe_push_point_Level_14_p3o_ewc_seed903_20260816_132510_021546	safe_push_point	14	p3o_ewc	903	COMPLETED	0	03:42:11	03:41:18	2.28 GB	6022	
phase2_6308957.log	6308957		1	phase2	2026-08-16	phase2	### PHASE2 safe_push_point L14 norm=by_const d5->d25 realvb s904 lr=1e-3 ent=1e-2	safe_push_point	14			p3o_ewc		by_const	25	5	904		1e-3	1e-2	lr1e3ent	realvb	0.1	1.0	0.0	F_cost_realvb	F_cost	models/diag_safe_push_point_L14_p3o_budget_nosink_by_const_lr1e3ent_d5_s904/anchor	safe_push_point	14	by_const	lr1e3ent	5	904	models/cl_safe_push_point_L14_by_const_d5to25_realvb_s904/final					28.66	4.24	6.10	37.40	28.01	24.46	run-20260816_132513-safe_push_point_Level_14_p3o_ewc_seed904_20260816_132509_748292	safe_push_point	14	p3o_ewc	904	COMPLETED	0	03:42:55	03:42:17	2.28 GB	6022	
phase2_6308958.log	6308958		1	phase2	2026-08-16	phase2	### PHASE2 safe_push_point L14 norm=by_const d5->d25 realvb s905 lr=1e-3 ent=1e-2	safe_push_point	14			p3o_ewc		by_const	25	5	905		1e-3	1e-2	lr1e3ent	realvb	0.1	1.0	0.0	F_cost_realvb	F_cost	models/diag_safe_push_point_L14_p3o_budget_nosink_by_const_lr1e3ent_d5_s905/anchor	safe_push_point	14	by_const	lr1e3ent	5	905	models/cl_safe_push_point_L14_by_const_d5to25_realvb_s905/final					14.26	5.74	9.44	12.01	21.50	16.09	run-20260816_132514-safe_push_point_Level_14_p3o_ewc_seed905_20260816_132509_984226	safe_push_point	14	p3o_ewc	905	COMPLETED	0	05:19:59	05:19:02	2.28 GB	6022	
phase2_6308959.log	6308959		1	phase2	2026-08-16	phase2	### PHASE2 safe_push_point L14 norm=by_const d25->d5 vanilla s901 lr=1e-3 ent=1e-2	safe_push_point	14			p3o_ewc		by_const	5	25	901		1e-3	1e-2	lr1e3ent	vanilla	0.01	1.0	0.0	F_vanilla	F_cost	models/diag_safe_push_point_L14_p3o_budget_nosink_by_const_lr1e3ent_d25_s901/anchor	safe_push_point	14	by_const	lr1e3ent	25	901	models/cl_safe_push_point_L14_by_const_d25to5_vanilla_s901/final					38.48	16.80	8.88	32.35	5.36	7.62	run-20260816_132514-safe_push_point_Level_14_p3o_ewc_seed901_20260816_132510_056097	safe_push_point	14	p3o_ewc	901	COMPLETED	0	04:57:57	04:56:59	2.28 GB	6022	
phase2_6308960.log	6308960		1	phase2	2026-08-16	phase2	### PHASE2 safe_push_point L14 norm=by_const d25->d5 vanilla s902 lr=1e-3 ent=1e-2	safe_push_point	14			p3o_ewc		by_const	5	25	902		1e-3	1e-2	lr1e3ent	vanilla	0.01	1.0	0.0	F_vanilla	F_cost	models/diag_safe_push_point_L14_p3o_budget_nosink_by_const_lr1e3ent_d25_s902/anchor	safe_push_point	14	by_const	lr1e3ent	25	902	models/cl_safe_push_point_L14_by_const_d25to5_vanilla_s902/final					52.23	19.49	9.23	37.77	5.26	8.00	run-20260816_145134-safe_push_point_Level_14_p3o_ewc_seed902_20260816_145131_762096	safe_push_point	14	p3o_ewc	902	COMPLETED	0	03:11:18	03:10:32	2.67 GB	6026	
phase2_6308961.log	6308961		1	phase2	2026-08-16	phase2	### PHASE2 safe_push_point L14 norm=by_const d25->d5 vanilla s905 lr=1e-3 ent=1e-2	safe_push_point	14			p3o_ewc		by_const	5	25	905		1e-3	1e-2	lr1e3ent	vanilla	0.01	1.0	0.0	F_vanilla	F_cost	models/diag_safe_push_point_L14_p3o_budget_nosink_by_const_lr1e3ent_d25_s905/anchor	safe_push_point	14	by_const	lr1e3ent	25	905	models/cl_safe_push_point_L14_by_const_d25to5_vanilla_s905/final					47.39	16.46	17.85	35.40	4.98	4.97	run-20260816_150539-safe_push_point_Level_14_p3o_ewc_seed905_20260816_150531_444788	safe_push_point	14	p3o_ewc	905	COMPLETED	0	03:11:30	03:10:19	2.66 GB	6025	
phase2_6308962.log	6308962		1	phase2	2026-08-16	phase2	### PHASE2 safe_push_point L14 norm=by_const d25->d5 realvb s901 lr=1e-3 ent=1e-2	safe_push_point	14			p3o_ewc		by_const	5	25	901		1e-3	1e-2	lr1e3ent	realvb	0.01	1.0	0.0	F_cost_realvb	F_cost	models/diag_safe_push_point_L14_p3o_budget_nosink_by_const_lr1e3ent_d25_s901/anchor	safe_push_point	14	by_const	lr1e3ent	25	901	models/cl_safe_push_point_L14_by_const_d25to5_realvb_s901/final					43.70	17.86	15.35	32.38	4.24	4.35	run-20260816_162147-safe_push_point_Level_14_p3o_ewc_seed901_20260816_162144_350940	safe_push_point	14	p3o_ewc	901	COMPLETED	0	02:56:33	02:55:46	2.40 GB	6022	
phase2_6308963.log	6308963		1	phase2	2026-08-16	phase2	### PHASE2 safe_push_point L14 norm=by_const d25->d5 realvb s902 lr=1e-3 ent=1e-2	safe_push_point	14			p3o_ewc		by_const	5	25	902		1e-3	1e-2	lr1e3ent	realvb	0.01	1.0	0.0	F_cost_realvb	F_cost	models/diag_safe_push_point_L14_p3o_budget_nosink_by_const_lr1e3ent_d25_s902/anchor	safe_push_point	14	by_const	lr1e3ent	25	902	models/cl_safe_push_point_L14_by_const_d25to5_realvb_s902/final					55.44	19.16	8.57	31.78	4.02	4.92	run-20260816_162147-safe_push_point_Level_14_p3o_ewc_seed902_20260816_162144_554710	safe_push_point	14	p3o_ewc	902	COMPLETED	0	02:56:29	02:55:45	2.51 GB	6022	
phase2_6308964.log	6308964		1	phase2	2026-08-16	phase2	### PHASE2 safe_push_point L14 norm=by_const d25->d5 realvb s903 lr=1e-3 ent=1e-2	safe_push_point	14			p3o_ewc		by_const	5	25	903		1e-3	1e-2	lr1e3ent	realvb	0.01	1.0	0.0	F_cost_realvb	F_cost	models/diag_safe_push_point_L14_p3o_budget_nosink_by_const_lr1e3ent_d25_s903/anchor	safe_push_point	14	by_const	lr1e3ent	25	903	models/cl_safe_push_point_L14_by_const_d25to5_realvb_s903/final					47.58	18.81	7.56	27.66	4.42	5.74	run-20260816_170738-safe_push_point_Level_14_p3o_ewc_seed903_20260816_170734_936204	safe_push_point	14	p3o_ewc	903	COMPLETED	0	03:43:40	03:42:33	2.29 GB	6022	
phase2_6308965.log	6308965		1	phase2	2026-08-16	phase2	### PHASE2 safe_push_point L14 norm=by_const d25->d5 realvb s904 lr=1e-3 ent=1e-2	safe_push_point	14			p3o_ewc		by_const	5	25	904		1e-3	1e-2	lr1e3ent	realvb	0.01	1.0	0.0	F_cost_realvb	F_cost	models/diag_safe_push_point_L14_p3o_budget_nosink_by_const_lr1e3ent_d25_s904/anchor	safe_push_point	14	by_const	lr1e3ent	25	904	models/cl_safe_push_point_L14_by_const_d25to5_realvb_s904/final					42.87	13.81	7.82	39.51	6.14	6.09	run-20260816_170758-safe_push_point_Level_14_p3o_ewc_seed904_20260816_170756_369712	safe_push_point	14	p3o_ewc	904	COMPLETED	0	03:43:49	03:43:14	2.28 GB	6021	
phase2_6308966.log	6308966		1	phase2	2026-08-16	phase2	### PHASE2 safe_push_point L14 norm=by_const d25->d5 realvb s905 lr=1e-3 ent=1e-2	safe_push_point	14			p3o_ewc		by_const	5	25	905		1e-3	1e-2	lr1e3ent	realvb	0.01	1.0	0.0	F_cost_realvb	F_cost	models/diag_safe_push_point_L14_p3o_budget_nosink_by_const_lr1e3ent_d25_s905/anchor	safe_push_point	14	by_const	lr1e3ent	25	905	models/cl_safe_push_point_L14_by_const_d25to5_realvb_s905/final					43.06	11.91	7.48	28.30	4.58	5.51	run-20260816_170932-safe_push_point_Level_14_p3o_ewc_seed905_20260816_170930_457488	safe_push_point	14	p3o_ewc	905	COMPLETED	0	03:45:10	03:44:30	2.31 GB	6021	
phase2_6309836.log	6309836		1	phase2	2026-08-17	phase2	### PHASE2 safe_push_point L1 norm=by_const d25->d25 vanilla s901 lr=1e-3 ent=1e-2	safe_push_point	1					by_const	25	25	901		1e-3	1e-2		vanilla																													FAILED	1	00:00:42	00:00:07	0.00 MB (estimated maximum)	60	
phase2_6309837.log	6309837		1	phase2	2026-08-17	phase2	### PHASE2 safe_goal_point L1 norm=by_const d25->d25 vanilla s901 lr=1e-3 ent=1e-2	safe_goal_point	1					by_const	25	25	901		1e-3	1e-2		vanilla																													FAILED	1	00:00:43	00:00:07	0.00 MB (estimated maximum)	60	
phase2_6309838.log	6309838		1	phase2	2026-08-17	phase2	### PHASE2 safe_push_point L1 norm=by_const d25->d25 vanilla s901 lr=1e-3 ent=1e-2	safe_push_point	1					by_const	25	25	901		1e-3	1e-2		vanilla																													FAILED	1	00:00:42	00:00:07	0.00 MB (estimated maximum)	60	
phase2_6309839.log	6309839		1	phase2	2026-08-17	phase2	### PHASE2 safe_goal_point L1 norm=by_const d25->d25 vanilla s901 lr=1e-3 ent=1e-2	safe_goal_point	1					by_const	25	25	901		1e-3	1e-2		vanilla																													FAILED	1	00:00:42	00:00:07	80.00 KB	60	
phase2_6309840.log	6309840		1	phase2	2026-08-17	phase2	### PHASE2 safe_push_point L1 norm=by_const d25->d25 vanilla s901 lr=1e-3 ent=1e-2	safe_push_point	1					by_const	25	25	901		1e-3	1e-2		vanilla																													FAILED	1	00:00:22	00:00:07	0.00 MB (estimated maximum)	60	
phase2_6309841.log	6309841		1	phase2	2026-08-17	phase2	### PHASE2 safe_goal_point L1 norm=by_const d25->d25 vanilla s901 lr=1e-3 ent=1e-2	safe_goal_point	1					by_const	25	25	901		1e-3	1e-2		vanilla																													FAILED	1	00:00:21	00:00:07	0.00 MB (estimated maximum)	60	
phase2_6309842.log	6309842		1	phase2	2026-08-17	phase2	### PHASE2 safe_push_point L1 norm=by_const d25->d25 vanilla s901 lr=1e-3 ent=1e-2	safe_push_point	1					by_const	25	25	901		1e-3	1e-2		vanilla																													FAILED	1	00:00:22	00:00:07	4.00 KB	60	
phase2_6309843.log	6309843		1	phase2	2026-08-17	phase2	### PHASE2 safe_goal_point L1 norm=by_const d25->d25 vanilla s901 lr=1e-3 ent=1e-2	safe_goal_point	1					by_const	25	25	901		1e-3	1e-2		vanilla																													FAILED	1	00:00:21	00:00:07	0.00 MB (estimated maximum)	60	
phase2_6309844.log	6309844		1	phase2	2026-08-17	phase2	### PHASE2 safe_push_point L1 norm=by_const d25->d25 vanilla s901 lr=1e-3 ent=1e-2	safe_push_point	1					by_const	25	25	901		1e-3	1e-2		vanilla																													FAILED	1	00:00:26	00:00:07	0.00 MB (estimated maximum)	60	
phase2_6309845.log	6309845		1	phase2	2026-08-17	phase2	### PHASE2 safe_goal_point L1 norm=by_const d25->d25 vanilla s901 lr=1e-3 ent=1e-2	safe_goal_point	1					by_const	25	25	901		1e-3	1e-2		vanilla																													FAILED	1	00:00:26	00:00:07	0.00 MB (estimated maximum)	60	
phase2_6309846.log	6309846		1	phase2	2026-08-17	phase2	### PHASE2 safe_push_point L1 norm=by_const d25->d25 naive s901 lr=1e-3 ent=1e-2	safe_push_point	1					by_const	25	25	901		1e-3	1e-2		naive																													FAILED	1	00:00:26	00:00:07	0.00 MB (estimated maximum)	60	
phase2_6309847.log	6309847		1	phase2	2026-08-17	phase2	### PHASE2 safe_goal_point L1 norm=by_const d25->d25 naive s901 lr=1e-3 ent=1e-2	safe_goal_point	1					by_const	25	25	901		1e-3	1e-2		naive																													FAILED	1	00:00:27	00:00:07	0.00 MB (estimated maximum)	60	
phase2_6309860.log	6309860		1	phase2	2026-08-17	phase2	### PHASE2 safe_push_point L1 norm=by_const d25->d25 naive s901 lr=1e-3 ent=1e-2	safe_push_point	1					by_const	25	25	901		1e-3	1e-2		naive																													FAILED	1	00:00:14	00:00:01	0.00 MB (estimated maximum)	32	
phase2_6309861.log	6309861		1	phase2	2026-08-17	phase2	### PHASE2 safe_goal_point L1 norm=by_const d25->d25 naive s901 lr=1e-3 ent=1e-2	safe_goal_point	1					by_const	25	25	901		1e-3	1e-2		naive																													FAILED	1	00:00:14	00:00:01	0.00 MB (estimated maximum)	32	
phase2_6309862.log	6309862		1	phase2	2026-08-17	phase2	### PHASE2 safe_push_point L1 norm=by_const d25->d25 vanilla s901 lr=1e-3 ent=1e-2	safe_push_point	1					by_const	25	25	901		1e-3	1e-2		vanilla																													FAILED	1	00:00:31	00:00:04	76.00 KB	45	
phase2_6309863.log	6309863		1	phase2	2026-08-17	phase2	### PHASE2 safe_goal_point L1 norm=by_const d25->d25 vanilla s901 lr=1e-3 ent=1e-2	safe_goal_point	1					by_const	25	25	901		1e-3	1e-2		vanilla																													FAILED	1	00:00:31	00:00:05	0.00 MB (estimated maximum)	45	
phase2_6309864.log	6309864		1	phase2	2026-08-17	phase2	### PHASE2 safe_push_point L1 norm=by_const d25->d25 vanilla s901 lr=1e-3 ent=1e-2	safe_push_point	1					by_const	25	25	901		1e-3	1e-2		vanilla																													FAILED	1	00:00:32	00:00:04	0.00 MB (estimated maximum)	45	
phase2_6309865.log	6309865		1	phase2	2026-08-17	phase2	### PHASE2 safe_goal_point L1 norm=by_const d25->d25 vanilla s901 lr=1e-3 ent=1e-2	safe_goal_point	1					by_const	25	25	901		1e-3	1e-2		vanilla																													FAILED	1	00:00:29	00:00:05	0.00 MB (estimated maximum)	45	
phase2_6309866.log	6309866		1	phase2	2026-08-17	phase2	### PHASE2 safe_push_point L1 norm=by_const d25->d25 vanilla s901 lr=1e-3 ent=1e-2	safe_push_point	1					by_const	25	25	901		1e-3	1e-2		vanilla																													FAILED	1	00:00:26	00:00:05	0.00 MB (estimated maximum)	45	
phase2_6309867.log	6309867		1	phase2	2026-08-17	phase2	### PHASE2 safe_goal_point L1 norm=by_const d25->d25 vanilla s901 lr=1e-3 ent=1e-2	safe_goal_point	1					by_const	25	25	901		1e-3	1e-2		vanilla																													FAILED	1	00:00:24	00:00:05	0.00 MB (estimated maximum)	45	
phase2_6309868.log	6309868		1	phase2	2026-08-17	phase2	### PHASE2 safe_push_point L1 norm=by_const d25->d25 vanilla s901 lr=1e-3 ent=1e-2	safe_push_point	1					by_const	25	25	901		1e-3	1e-2		vanilla																													FAILED	1	00:00:27	00:00:05	0.00 MB (estimated maximum)	45	
phase2_6309869.log	6309869		1	phase2	2026-08-17	phase2	### PHASE2 safe_goal_point L1 norm=by_const d25->d25 vanilla s901 lr=1e-3 ent=1e-2	safe_goal_point	1					by_const	25	25	901		1e-3	1e-2		vanilla																													FAILED	1	00:00:26	00:00:05	0.00 MB (estimated maximum)	45	
phase2_6309870.log	6309870		1	phase2	2026-08-17	phase2	### PHASE2 safe_push_point L1 norm=by_const d25->d25 vanilla s901 lr=1e-3 ent=1e-2	safe_push_point	1					by_const	25	25	901		1e-3	1e-2		vanilla																													FAILED	1	00:00:26	00:00:04	0.00 MB (estimated maximum)	45	
phase2_6309871.log	6309871		1	phase2	2026-08-17	phase2	### PHASE2 safe_goal_point L1 norm=by_const d25->d25 vanilla s901 lr=1e-3 ent=1e-2	safe_goal_point	1					by_const	25	25	901		1e-3	1e-2		vanilla																													FAILED	1	00:00:25	00:00:04	0.00 MB (estimated maximum)	45	
phase2_6310203.log	6310203		1	phase2	2026-08-17	phase2	### PHASE2 safe_push_point L1 norm=by_const d25->d25 vanilla s901 lr=1e-3 ent=1e-2	safe_push_point	1	safe_goal_point	1	p3o_ewc		by_const	25	25	901		1e-3	1e-2	padtest	vanilla	0.001	1.0	0.0	F_vanilla	F_cost	models/diag_safe_goal_point_L1_p3o_budget_nosink_by_const_padtest_d25_s901/anchor	safe_goal_point	1	by_const	padtest	25	901	models/cl_safe_goal_pointL1tosafe_push_pointL1_by_const_d25to25_vanilla_s901/final					6.52	129.92	118.69	35.90	13.37	12.88	run-20260817_131211-safe_push_point_Level_1_p3o_ewc_seed901_20260817_131208_346336	safe_push_point	1	p3o_ewc	901	COMPLETED	0	04:19:26	04:18:26	2.26 GB	6044	
phase2_6310204.log	6310204		1	phase2	2026-08-17	phase2	### PHASE2 safe_goal_point L1 norm=by_const d25->d25 vanilla s901 lr=1e-3 ent=1e-2	safe_goal_point	1	safe_push_point	1	p3o_ewc		by_const	25	25	901		1e-3	1e-2	lr1e3ent	vanilla	0.001	1.0	0.0	F_vanilla	F_cost	models/diag_safe_push_point_L1_p3o_budget_nosink_by_const_lr1e3ent_d25_s901/anchor	safe_push_point	1	by_const	lr1e3ent	25	901	models/cl_safe_push_pointL1tosafe_goal_pointL1_by_const_d25to25_vanilla_s901/final					9.37	102.26	138.50	33.73	24.10	9.36	run-20260817_131211-safe_goal_point_Level_1_p3o_ewc_seed901_20260817_131208_917212	safe_goal_point	1	p3o_ewc	901	COMPLETED	0	01:54:38	01:54:16	2.02 GB	6533	
phase2_6310205.log	6310205		1	phase2	2026-08-17	phase2	### PHASE2 safe_push_point L1 norm=by_const d25->d25 vanilla s901 lr=1e-3 ent=1e-2	safe_push_point	1	safe_goal_point	1	p3o_ewc		by_const	25	25	901		1e-3	1e-2	padtest	vanilla	0.01	1.0	0.0	F_vanilla	F_cost	models/diag_safe_goal_point_L1_p3o_budget_nosink_by_const_padtest_d25_s901/anchor	safe_goal_point	1	by_const	padtest	25	901	models/cl_safe_goal_pointL1tosafe_push_pointL1_by_const_d25to25_vanilla_s901/final					9.38	52.17	43.80	24.30	19.31	18.13	run-20260817_131211-safe_push_point_Level_1_p3o_ewc_seed901_20260817_131208_062980	safe_push_point	1	p3o_ewc	901	COMPLETED	0	04:12:09	04:10:47	2.27 GB	6045	
phase2_6310206.log	6310206		1	phase2	2026-08-17	phase2	### PHASE2 safe_goal_point L1 norm=by_const d25->d25 vanilla s901 lr=1e-3 ent=1e-2	safe_goal_point	1	safe_push_point	1	p3o_ewc		by_const	25	25	901		1e-3	1e-2	lr1e3ent	vanilla	0.01	1.0	0.0	F_vanilla	F_cost	models/diag_safe_push_point_L1_p3o_budget_nosink_by_const_lr1e3ent_d25_s901/anchor	safe_push_point	1	by_const	lr1e3ent	25	901	models/cl_safe_push_pointL1tosafe_goal_pointL1_by_const_d25to25_vanilla_s901/final					12.24	101.78	144.51	31.88	25.94	9.39	run-20260817_131211-safe_goal_point_Level_1_p3o_ewc_seed901_20260817_131208_174506	safe_goal_point	1	p3o_ewc	901	COMPLETED	0	02:29:12	02:28:23	2.02 GB	6533	
phase2_6310207.log	6310207		1	phase2	2026-08-17	phase2	### PHASE2 safe_push_point L1 norm=by_const d25->d25 vanilla s901 lr=1e-3 ent=1e-2	safe_push_point	1	safe_goal_point	1	p3o_ewc		by_const	25	25	901		1e-3	1e-2	padtest	vanilla	0.1	1.0	0.0	F_vanilla	F_cost	models/diag_safe_goal_point_L1_p3o_budget_nosink_by_const_padtest_d25_s901/anchor	safe_goal_point	1	by_const	padtest	25	901	models/cl_safe_goal_pointL1tosafe_push_pointL1_by_const_d25to25_vanilla_s901/final					15.69	82.70	37.37	4.42	11.76	19.39	run-20260817_132502-safe_push_point_Level_1_p3o_ewc_seed901_20260817_132500_185311	safe_push_point	1	p3o_ewc	901	COMPLETED	0	04:09:37	04:08:27	2.61 GB	6051	
phase2_6310208.log	6310208		1	phase2	2026-08-17	phase2	### PHASE2 safe_goal_point L1 norm=by_const d25->d25 vanilla s901 lr=1e-3 ent=1e-2	safe_goal_point	1	safe_push_point	1	p3o_ewc		by_const	25	25	901		1e-3	1e-2	lr1e3ent	vanilla	0.1	1.0	0.0	F_vanilla	F_cost	models/diag_safe_push_point_L1_p3o_budget_nosink_by_const_lr1e3ent_d25_s901/anchor	safe_push_point	1	by_const	lr1e3ent	25	901	models/cl_safe_push_pointL1tosafe_goal_pointL1_by_const_d25to25_vanilla_s901/final					21.81	113.44	37.36	27.55	24.91	9.99	run-20260817_133418-safe_goal_point_Level_1_p3o_ewc_seed901_20260817_133416_244472	safe_goal_point	1	p3o_ewc	901	COMPLETED	0	01:25:35	01:24:58	2.38 GB	6539	
phase2_6310209.log	6310209		1	phase2	2026-08-17	phase2	### PHASE2 safe_push_point L1 norm=by_const d25->d25 vanilla s901 lr=1e-3 ent=1e-2	safe_push_point	1	safe_goal_point	1	p3o_ewc		by_const	25	25	901		1e-3	1e-2	padtest	vanilla	1.0	1.0	0.0	F_vanilla	F_cost	models/diag_safe_goal_point_L1_p3o_budget_nosink_by_const_padtest_d25_s901/anchor	safe_goal_point	1	by_const	padtest	25	901	models/cl_safe_goal_pointL1tosafe_push_pointL1_by_const_d25to25_vanilla_s901/final					27.84	60.43	19.54	0.14	11.86	127.68	run-20260817_141743-safe_push_point_Level_1_p3o_ewc_seed901_20260817_141741_640021	safe_push_point	1	p3o_ewc	901	COMPLETED	0	03:49:38	03:48:42	2.62 GB	6050	
phase2_6310210.log	6310210		1	phase2	2026-08-17	phase2	### PHASE2 safe_goal_point L1 norm=by_const d25->d25 vanilla s901 lr=1e-3 ent=1e-2	safe_goal_point	1	safe_push_point	1	p3o_ewc		by_const	25	25	901		1e-3	1e-2	lr1e3ent	vanilla	1.0	1.0	0.0	F_vanilla	F_cost	models/diag_safe_push_point_L1_p3o_budget_nosink_by_const_lr1e3ent_d25_s901/anchor	safe_push_point	1	by_const	lr1e3ent	25	901	models/cl_safe_push_pointL1tosafe_goal_pointL1_by_const_d25to25_vanilla_s901/final					21.50	116.73	66.10	0.12	17.67	33.81	run-20260817_144335-safe_goal_point_Level_1_p3o_ewc_seed901_20260817_144332_312345	safe_goal_point	1	p3o_ewc	901	COMPLETED	0	01:44:50	01:43:41	2.14 GB	6533	
phase2_6310211.log	6310211		1	phase2	2026-08-17	phase2	### PHASE2 safe_push_point L1 norm=by_const d25->d25 vanilla s901 lr=1e-3 ent=1e-2	safe_push_point	1	safe_goal_point	1	p3o_ewc		by_const	25	25	901		1e-3	1e-2	padtest	vanilla	100.0	1.0	0.0	F_vanilla	F_cost	models/diag_safe_goal_point_L1_p3o_budget_nosink_by_const_padtest_d25_s901/anchor	safe_goal_point	1	by_const	padtest	25	901	models/cl_safe_goal_pointL1tosafe_push_pointL1_by_const_d25to25_vanilla_s901/final					18.08	45.49	31.74	1.55	11.32	12.51	run-20260817_145112-safe_push_point_Level_1_p3o_ewc_seed901_20260817_145109_894940	safe_push_point	1	p3o_ewc	901	COMPLETED	0	04:08:46	04:08:05	2.62 GB	6051	
phase2_6310212.log	6310212		1	phase2	2026-08-17	phase2	### PHASE2 safe_goal_point L1 norm=by_const d25->d25 vanilla s901 lr=1e-3 ent=1e-2	safe_goal_point	1	safe_push_point	1	p3o_ewc		by_const	25	25	901		1e-3	1e-2	lr1e3ent	vanilla	100.0	1.0	0.0	F_vanilla	F_cost	models/diag_safe_push_point_L1_p3o_budget_nosink_by_const_lr1e3ent_d25_s901/anchor	safe_push_point	1	by_const	lr1e3ent	25	901	models/cl_safe_push_pointL1tosafe_goal_pointL1_by_const_d25to25_vanilla_s901/final					16.94	125.75	69.17	0.11	23.23	56.72	run-20260817_145553-safe_goal_point_Level_1_p3o_ewc_seed901_20260817_145550_572375	safe_goal_point	1	p3o_ewc	901	COMPLETED	0	02:00:30	01:59:48	2.02 GB	6533	
phase2_6310213.log	6310213		1	phase2	2026-08-17	phase2	### PHASE2 safe_push_point L1 norm=by_const d25->d25 naive s901 lr=1e-3 ent=1e-2	safe_push_point	1	safe_goal_point	1	p3o_ewc		by_const	25	25	901		1e-3	1e-2	padtest	naive						models/diag_safe_goal_point_L1_p3o_budget_nosink_by_const_padtest_d25_s901/anchor	safe_goal_point	1	by_const	padtest	25	901	models/cl_safe_goal_pointL1tosafe_push_pointL1_by_const_d25to25_naive_s901/final					2.72	65.29	59.63	71.39	22.97	15.84	run-20260817_150645-safe_push_point_Level_1_p3o_ewc_seed901_20260817_150642_964430	safe_push_point	1	p3o_ewc	901	COMPLETED	0	06:01:38	06:00:36	2.24 GB	6045	
phase2_6310214.log	6310214		1	phase2	2026-08-17	phase2	### PHASE2 safe_goal_point L1 norm=by_const d25->d25 naive s901 lr=1e-3 ent=1e-2	safe_goal_point	1	safe_push_point	1	p3o_ewc		by_const	25	25	901		1e-3	1e-2	lr1e3ent	naive						models/diag_safe_push_point_L1_p3o_budget_nosink_by_const_lr1e3ent_d25_s901/anchor	safe_push_point	1	by_const	lr1e3ent	25	901	models/cl_safe_push_pointL1tosafe_goal_pointL1_by_const_d25to25_naive_s901/final					-0.05	166.44	274.78	33.66	25.93	9.22	run-20260817_153736-safe_goal_point_Level_1_p3o_ewc_seed901_20260817_153734_130096	safe_goal_point	1	p3o_ewc	901	COMPLETED	0	01:10:41	01:10:15	2.38 GB	6538	
phase2_6310216.log	6310216		1	phase2	2026-08-17	phase2	### PHASE2 safe_push_point L14 norm=by_const d5->d25 l2 s903 lr=1e-3 ent=1e-2	safe_push_point	14	safe_push_point	14	p3o_ewc		by_const	25	5	903		1e-3	1e-2	lr1e3ent	l2	0.1	1.0	0.0	ONES	F_cost	models/diag_safe_push_point_L14_p3o_budget_nosink_by_const_lr1e3ent_d5_s903/anchor	safe_push_point	14	by_const	lr1e3ent	5	903	models/cl_safe_push_pointL14tosafe_push_pointL14_by_const_d5to25_l2_s903/final					21.26	2.79	4.97	29.71	33.16	9.64	run-20260817_154119-safe_push_point_Level_14_p3o_ewc_seed903_20260817_154116_338321	safe_push_point	14	p3o_ewc	903	COMPLETED	0	05:17:49	05:16:49	2.31 GB	6022	
phase2_6310217.log	6310217		1	phase2	2026-08-17	phase2	### PHASE2 safe_push_point L14 norm=by_const d25->d5 l2 s903 lr=1e-3 ent=1e-2	safe_push_point	14	safe_push_point	14	p3o_ewc		by_const	5	25	903		1e-3	1e-2	lr1e3ent	l2	0.01	1.0	0.0	ONES	F_cost	models/diag_safe_push_point_L14_p3o_budget_nosink_by_const_lr1e3ent_d25_s903/anchor	safe_push_point	14	by_const	lr1e3ent	25	903	models/cl_safe_push_pointL14tosafe_push_pointL14_by_const_d25to5_l2_s903/final					51.28	15.10	5.92	38.99	6.64	6.74	run-20260817_154207-safe_push_point_Level_14_p3o_ewc_seed903_20260817_154204_122779	safe_push_point	14	p3o_ewc	903	COMPLETED	0	03:11:05	03:10:36	2.79 GB	6026	
phase2_6310218.log	6310218		1	phase2	2026-08-17	phase2	### PHASE2 safe_push_point L14 norm=by_const d5->d25 l2 s904 lr=1e-3 ent=1e-2	safe_push_point	14	safe_push_point	14	p3o_ewc		by_const	25	5	904		1e-3	1e-2	lr1e3ent	l2	0.1	1.0	0.0	ONES	F_cost	models/diag_safe_push_point_L14_p3o_budget_nosink_by_const_lr1e3ent_d5_s904/anchor	safe_push_point	14	by_const	lr1e3ent	5	904	models/cl_safe_push_pointL14tosafe_push_pointL14_by_const_d5to25_l2_s904/final					28.97	3.74	4.32	34.42	26.85	7.29	run-20260817_164721-safe_push_point_Level_14_p3o_ewc_seed904_20260817_164718_545969	safe_push_point	14	p3o_ewc	904	COMPLETED	0	03:09:42	03:09:06	2.67 GB	6026	
phase2_6310219.log	6310219		1	phase2	2026-08-17	phase2	### PHASE2 safe_push_point L14 norm=by_const d25->d5 l2 s904 lr=1e-3 ent=1e-2	safe_push_point	14	safe_push_point	14	p3o_ewc		by_const	5	25	904		1e-3	1e-2	lr1e3ent	l2	0.01	1.0	0.0	ONES	F_cost	models/diag_safe_push_point_L14_p3o_budget_nosink_by_const_lr1e3ent_d25_s904/anchor	safe_push_point	14	by_const	lr1e3ent	25	904	models/cl_safe_push_pointL14tosafe_push_pointL14_by_const_d25to5_l2_s904/final					44.37	13.85	8.73	38.07	7.14	6.38	run-20260817_164809-safe_push_point_Level_14_p3o_ewc_seed904_20260817_164804_960476	safe_push_point	14	p3o_ewc	904	COMPLETED	0	03:09:49	03:09:29	2.66 GB	6026	
phase2_6314461.log	6314461		1	phase2	2026-08-18	phase2	### PHASE2 safe_push_point L14 norm=by_const d5->d25 l2 s901 lr=1e-3 ent=1e-2	safe_push_point	14	safe_push_point	14	p3o_ewc		by_const	25	5	901		1e-3	1e-2	lr1e3ent	l2	0.1	1.0	0.0	ONES	F_cost	models/diag_safe_push_point_L14_p3o_budget_nosink_by_const_lr1e3ent_d5_s901/anchor	safe_push_point	14	by_const	lr1e3ent	5	901	models/cl_safe_push_pointL14tosafe_push_pointL14_by_const_d5to25_l2_s901/final					28.93	7.37	5.68	34.49	26.26	6.63	run-20260818_031006-safe_push_point_Level_14_p3o_ewc_seed901_20260818_031003_526110	safe_push_point	14	p3o_ewc	901	COMPLETED	0	03:10:19	03:09:49	2.65 GB	6026	
phase2_6314462.log	6314462		1	phase2	2026-08-18	phase2	### PHASE2 safe_push_point L14 norm=by_const d25->d5 l2 s901 lr=1e-3 ent=1e-2	safe_push_point	14	safe_push_point	14	p3o_ewc		by_const	5	25	901		1e-3	1e-2	lr1e3ent	l2	0.01	1.0	0.0	ONES	F_cost	models/diag_safe_push_point_L14_p3o_budget_nosink_by_const_lr1e3ent_d25_s901/anchor	safe_push_point	14	by_const	lr1e3ent	25	901	models/cl_safe_push_pointL14tosafe_push_pointL14_by_const_d25to5_l2_s901/final					44.59	18.44	13.35	36.69	8.06	6.97	run-20260818_031027-safe_push_point_Level_14_p3o_ewc_seed901_20260818_031024_181880	safe_push_point	14	p3o_ewc	901	COMPLETED	0	02:56:15	02:55:12	2.41 GB	6022	
phase2_6314463.log	6314463		1	phase2	2026-08-18	phase2	### PHASE2 safe_push_point L14 norm=by_const d5->d25 l2 s902 lr=1e-3 ent=1e-2	safe_push_point	14	safe_push_point	14	p3o_ewc		by_const	25	5	902		1e-3	1e-2	lr1e3ent	l2	0.1	1.0	0.0	ONES	F_cost	models/diag_safe_push_point_L14_p3o_budget_nosink_by_const_lr1e3ent_d5_s902/anchor	safe_push_point	14	by_const	lr1e3ent	5	902	models/cl_safe_push_pointL14tosafe_push_pointL14_by_const_d5to25_l2_s902/final					25.35	7.04	10.56	32.86	26.72	9.50	run-20260818_031017-safe_push_point_Level_14_p3o_ewc_seed902_20260818_031013_596896	safe_push_point	14	p3o_ewc	902	COMPLETED	0	03:45:41	03:44:54	2.30 GB	6021	
phase2_6314464.log	6314464		1	phase2	2026-08-18	phase2	### PHASE2 safe_push_point L14 norm=by_const d25->d5 l2 s902 lr=1e-3 ent=1e-2	safe_push_point	14	safe_push_point	14	p3o_ewc		by_const	5	25	902		1e-3	1e-2	lr1e3ent	l2	0.01	1.0	0.0	ONES	F_cost	models/diag_safe_push_point_L14_p3o_budget_nosink_by_const_lr1e3ent_d25_s902/anchor	safe_push_point	14	by_const	lr1e3ent	25	902	models/cl_safe_push_pointL14tosafe_push_pointL14_by_const_d25to5_l2_s902/final					54.70	14.61	8.92	41.47	6.62	6.80	run-20260818_031018-safe_push_point_Level_14_p3o_ewc_seed902_20260818_031013_977738	safe_push_point	14	p3o_ewc	902	COMPLETED	0	03:43:34	03:42:39	2.31 GB	6022	
phase2_6314465.log	6314465		1	phase2	2026-08-18	phase2	### PHASE2 safe_push_point L14 norm=by_const d5->d25 l2 s905 lr=1e-3 ent=1e-2	safe_push_point	14	safe_push_point	14	p3o_ewc		by_const	25	5	905		1e-3	1e-2	lr1e3ent	l2	0.1	1.0	0.0	ONES	F_cost	models/diag_safe_push_point_L14_p3o_budget_nosink_by_const_lr1e3ent_d5_s905/anchor	safe_push_point	14	by_const	lr1e3ent	5	905	models/cl_safe_push_pointL14tosafe_push_pointL14_by_const_d5to25_l2_s905/final					32.58	5.07	5.82	44.06	26.95	8.73	run-20260818_031018-safe_push_point_Level_14_p3o_ewc_seed905_20260818_031013_480802	safe_push_point	14	p3o_ewc	905	COMPLETED	0	05:01:46	05:00:43	2.31 GB	6022	
phase2_6314466.log	6314466		1	phase2	2026-08-18	phase2	### PHASE2 safe_push_point L14 norm=by_const d25->d5 l2 s905 lr=1e-3 ent=1e-2	safe_push_point	14	safe_push_point	14	p3o_ewc		by_const	5	25	905		1e-3	1e-2	lr1e3ent	l2	0.01	1.0	0.0	ONES	F_cost	models/diag_safe_push_point_L14_p3o_budget_nosink_by_const_lr1e3ent_d25_s905/anchor	safe_push_point	14	by_const	lr1e3ent	25	905	models/cl_safe_push_pointL14tosafe_push_pointL14_by_const_d25to5_l2_s905/final					51.93	15.80	10.35	39.60	8.21	8.39	run-20260818_031018-safe_push_point_Level_14_p3o_ewc_seed905_20260818_031013_764020	safe_push_point	14	p3o_ewc	905	COMPLETED	0	03:45:22	03:44:30	2.29 GB	6023	
phase2_6314469.log	6314469		1	phase2	2026-08-18	phase2	### PHASE2 safe_push_point L1 norm=by_const d25->d25 vanilla s903 lr=1e-3 ent=1e-2	safe_push_point	1	safe_goal_point	1	p3o_ewc		by_const	25	25	903		1e-3	1e-2	padtest	vanilla	0.001	1.0	0.0	F_vanilla	F_cost	models/diag_safe_goal_point_L1_p3o_budget_nosink_by_const_padtest_d25_s903/anchor	safe_goal_point	1	by_const	padtest	25	903	models/cl_safe_goal_pointL1tosafe_push_pointL1_by_const_d25to25_vanilla_s903/final					5.12	103.31	109.93	79.30	26.69	14.16	run-20260818_033345-safe_push_point_Level_1_p3o_ewc_seed903_20260818_033343_433371	safe_push_point	1	p3o_ewc	903	COMPLETED	0	04:15:44	04:14:58	2.61 GB	6050	
phase2_6314470.log	6314470		1	phase2	2026-08-18	phase2	### PHASE2 safe_goal_point L1 norm=by_const d25->d25 vanilla s903 lr=1e-3 ent=1e-2	safe_goal_point	1	safe_push_point	1	p3o_ewc		by_const	25	25	903		1e-3	1e-2	lr1e3ent	vanilla	0.001	1.0	0.0	F_vanilla	F_cost	models/diag_safe_push_point_L1_p3o_budget_nosink_by_const_lr1e3ent_d25_s903/anchor	safe_push_point	1	by_const	lr1e3ent	25	903	models/cl_safe_push_pointL1tosafe_goal_pointL1_by_const_d25to25_vanilla_s903/final					10.31	61.29	49.03	34.18	23.00	8.72	run-20260818_041313-safe_goal_point_Level_1_p3o_ewc_seed903_20260818_041311_012029	safe_goal_point	1	p3o_ewc	903	COMPLETED	0	01:15:57	01:15:40	2.38 GB	6538	
phase2_6314471.log	6314471		1	phase2	2026-08-18	phase2	### PHASE2 safe_push_point L1 norm=by_const d25->d25 vanilla s903 lr=1e-3 ent=1e-2	safe_push_point	1	safe_goal_point	1	p3o_ewc		by_const	25	25	903		1e-3	1e-2	padtest	vanilla	0.01	1.0	0.0	F_vanilla	F_cost	models/diag_safe_goal_point_L1_p3o_budget_nosink_by_const_padtest_d25_s903/anchor	safe_goal_point	1	by_const	padtest	25	903	models/cl_safe_goal_pointL1tosafe_push_pointL1_by_const_d25to25_vanilla_s903/final					1.09	96.48	80.46	32.98	22.26	52.27	run-20260818_050411-safe_push_point_Level_1_p3o_ewc_seed903_20260818_050409_433520	safe_push_point	1	p3o_ewc	903	COMPLETED	0	04:12:41	04:11:31	2.62 GB	6050	
phase2_6314472.log	6314472		1	phase2	2026-08-18	phase2	### PHASE2 safe_goal_point L1 norm=by_const d25->d25 vanilla s903 lr=1e-3 ent=1e-2	safe_goal_point	1	safe_push_point	1	p3o_ewc		by_const	25	25	903		1e-3	1e-2	lr1e3ent	vanilla	0.01	1.0	0.0	F_vanilla	F_cost	models/diag_safe_push_point_L1_p3o_budget_nosink_by_const_lr1e3ent_d25_s903/anchor	safe_push_point	1	by_const	lr1e3ent	25	903	models/cl_safe_push_pointL1tosafe_goal_pointL1_by_const_d25to25_vanilla_s903/final					21.51	84.48	39.35	31.66	23.42	9.63	run-20260818_052903-safe_goal_point_Level_1_p3o_ewc_seed903_20260818_052901_084376	safe_goal_point	1	p3o_ewc	903	COMPLETED	0	01:17:18	01:17:13	2.38 GB	6539	
phase2_6314473.log	6314473		1	phase2	2026-08-18	phase2	### PHASE2 safe_push_point L1 norm=by_const d25->d25 vanilla s903 lr=1e-3 ent=1e-2	safe_push_point	1	safe_goal_point	1	p3o_ewc		by_const	25	25	903		1e-3	1e-2	padtest	vanilla	0.1	1.0	0.0	F_vanilla	F_cost	models/diag_safe_goal_point_L1_p3o_budget_nosink_by_const_padtest_d25_s903/anchor	safe_goal_point	1	by_const	padtest	25	903	models/cl_safe_goal_pointL1tosafe_push_pointL1_by_const_d25to25_vanilla_s903/final					9.12	26.68	50.15	10.25	16.88	27.88	run-20260818_060637-safe_push_point_Level_1_p3o_ewc_seed903_20260818_060635_521902	safe_push_point	1	p3o_ewc	903	COMPLETED	0	03:23:32	03:22:01	2.37 GB	6045	
phase2_6314474.log	6314474		1	phase2	2026-08-18	phase2	### PHASE2 safe_goal_point L1 norm=by_const d25->d25 vanilla s903 lr=1e-3 ent=1e-2	safe_goal_point	1	safe_push_point	1	p3o_ewc		by_const	25	25	903		1e-3	1e-2	lr1e3ent	vanilla	0.1	1.0	0.0	F_vanilla	F_cost	models/diag_safe_push_point_L1_p3o_budget_nosink_by_const_lr1e3ent_d25_s903/anchor	safe_push_point	1	by_const	lr1e3ent	25	903	models/cl_safe_push_pointL1tosafe_goal_pointL1_by_const_d25to25_vanilla_s903/final					26.52	105.19	45.29	28.44	23.15	11.11	run-20260818_061250-safe_goal_point_Level_1_p3o_ewc_seed903_20260818_061248_161069	safe_goal_point	1	p3o_ewc	903	COMPLETED	0	01:22:57	01:22:23	2.49 GB	6539	
phase2_6314475.log	6314475		1	phase2	2026-08-18	phase2	### PHASE2 safe_push_point L1 norm=by_const d25->d25 naive s903 lr=1e-3 ent=1e-2	safe_push_point	1	safe_goal_point	1	p3o_ewc		by_const	25	25	903		1e-3	1e-2	padtest	naive						models/diag_safe_goal_point_L1_p3o_budget_nosink_by_const_padtest_d25_s903/anchor	safe_goal_point	1	by_const	padtest	25	903	models/cl_safe_goal_pointL1tosafe_push_pointL1_by_const_d25to25_naive_s903/final					0.56	333.89	44.00	82.70	26.13	20.90	run-20260818_062010-safe_push_point_Level_1_p3o_ewc_seed903_20260818_062006_892635	safe_push_point	1	p3o_ewc	903	COMPLETED	0	04:15:15	04:14:35	2.61 GB	6050	
phase2_6314476.log	6314476		1	phase2	2026-08-18	phase2	### PHASE2 safe_goal_point L1 norm=by_const d25->d25 naive s903 lr=1e-3 ent=1e-2	safe_goal_point	1	safe_push_point	1	p3o_ewc		by_const	25	25	903		1e-3	1e-2	lr1e3ent	naive						models/diag_safe_push_point_L1_p3o_budget_nosink_by_const_lr1e3ent_d25_s903/anchor	safe_push_point	1	by_const	lr1e3ent	25	903	models/cl_safe_push_pointL1tosafe_goal_pointL1_by_const_d25to25_naive_s903/final					-0.13	83.47	207.00	34.64	25.51	10.32	run-20260818_063818-safe_goal_point_Level_1_p3o_ewc_seed903_20260818_063816_017919	safe_goal_point	1	p3o_ewc	903	COMPLETED	0	01:13:58	01:13:36	2.37 GB	6540	
phase2_6314477.log	6314477		1	phase2	2026-08-18	phase2	### PHASE2 safe_push_point L1 norm=by_const d25->d25 vanilla s904 lr=1e-3 ent=1e-2	safe_push_point	1					by_const	25	25	904		1e-3	1e-2		vanilla																													FAILED	1	00:00:16	00:00:01	0.00 MB (estimated maximum)	32	
phase2_6314478.log	6314478		1	phase2	2026-08-18	phase2	### PHASE2 safe_goal_point L1 norm=by_const d25->d25 vanilla s904 lr=1e-3 ent=1e-2	safe_goal_point	1					by_const	25	25	904		1e-3	1e-2		vanilla																													FAILED	1	00:00:12	00:00:01	0.00 MB (estimated maximum)	32	
phase2_6314479.log	6314479		1	phase2	2026-08-18	phase2	### PHASE2 safe_push_point L1 norm=by_const d25->d25 vanilla s904 lr=1e-3 ent=1e-2	safe_push_point	1					by_const	25	25	904		1e-3	1e-2		vanilla																													FAILED	1	00:00:12	00:00:01	0.00 MB (estimated maximum)	32	
phase2_6314480.log	6314480		1	phase2	2026-08-18	phase2	### PHASE2 safe_goal_point L1 norm=by_const d25->d25 vanilla s904 lr=1e-3 ent=1e-2	safe_goal_point	1					by_const	25	25	904		1e-3	1e-2		vanilla																													FAILED	1	00:00:13	00:00:01	0.00 MB (estimated maximum)	32	
phase2_6314481.log	6314481		1	phase2	2026-08-18	phase2	### PHASE2 safe_push_point L1 norm=by_const d25->d25 vanilla s904 lr=1e-3 ent=1e-2	safe_push_point	1					by_const	25	25	904		1e-3	1e-2		vanilla																													FAILED	1	00:00:11	00:00:01	4.00 KB	32	
phase2_6314482.log	6314482		1	phase2	2026-08-18	phase2	### PHASE2 safe_goal_point L1 norm=by_const d25->d25 vanilla s904 lr=1e-3 ent=1e-2	safe_goal_point	1					by_const	25	25	904		1e-3	1e-2		vanilla																													FAILED	1	00:00:10	00:00:01	0.00 MB (estimated maximum)	32	
phase2_6314483.log	6314483		1	phase2	2026-08-18	phase2	### PHASE2 safe_push_point L1 norm=by_const d25->d25 naive s904 lr=1e-3 ent=1e-2	safe_push_point	1			p3o_ewc		by_const	25	25	904		1e-3	1e-2	padtest	naive						models/diag_safe_goal_point_L1_p3o_budget_nosink_by_const_padtest_d25_s904	safe_goal_point	1	by_const	padtest	25	904												run-20260818_064737-safe_push_point_Level_1_p3o_ewc_seed904_20260818_064734_084106	safe_push_point	1	p3o_ewc	904	FAILED	1	00:00:52	00:00:33	1.42 GB	105	
phase2_6314484.log	6314484		1	phase2	2026-08-18	phase2	### PHASE2 safe_goal_point L1 norm=by_const d25->d25 naive s904 lr=1e-3 ent=1e-2	safe_goal_point	1			p3o_ewc		by_const	25	25	904		1e-3	1e-2	lr1e3ent	naive						models/diag_safe_push_point_L1_p3o_budget_nosink_by_const_lr1e3ent_d25_s904	safe_push_point	1	by_const	lr1e3ent	25	904												run-20260818_064828-safe_goal_point_Level_1_p3o_ewc_seed904_20260818_064826_370855	safe_goal_point	1	p3o_ewc	904	FAILED	1	00:00:47	00:00:29	1.38 GB	105	
phase2_6316917.log	6316917		1	phase2	2026-08-18	phase2	### PHASE2 safe_push_point L1 norm=by_const d25->d25 vanilla s904 lr=1e-3 ent=1e-2	safe_push_point	1	safe_goal_point	1	p3o_ewc		by_const	25	25	904		1e-3	1e-2	padtest	vanilla	0.001	1.0	0.0	F_vanilla	F_cost	models/diag_safe_goal_point_L1_p3o_budget_nosink_by_const_padtest_d25_s904/anchor	safe_goal_point	1	by_const	padtest	25	904	models/cl_safe_goal_pointL1tosafe_push_pointL1_by_const_d25to25_vanilla_s904/final					1.13	99.22	206.35	59.02	21.67	14.87	run-20260818_144233-safe_push_point_Level_1_p3o_ewc_seed904_20260818_144228_717546	safe_push_point	1	p3o_ewc	904	COMPLETED	0	04:19:43	04:18:17	2.28 GB	6045	
phase2_6316918.log	6316918		1	phase2	2026-08-18	phase2	### PHASE2 safe_goal_point L1 norm=by_const d25->d25 vanilla s904 lr=1e-3 ent=1e-2	safe_goal_point	1	safe_push_point	1	p3o_ewc		by_const	25	25	904		1e-3	1e-2	lr1e3ent	vanilla	0.001	1.0	0.0	F_vanilla	F_cost	models/diag_safe_push_point_L1_p3o_budget_nosink_by_const_lr1e3ent_d25_s904/anchor	safe_push_point	1	by_const	lr1e3ent	25	904	models/cl_safe_push_pointL1tosafe_goal_pointL1_by_const_d25to25_vanilla_s904/final					2.28	168.07	340.69	34.64	23.71	10.00	run-20260818_144232-safe_goal_point_Level_1_p3o_ewc_seed904_20260818_144229_270827	safe_goal_point	1	p3o_ewc	904	COMPLETED	0	01:31:16	01:30:10	2.02 GB	6533	
phase2_6316919.log	6316919		1	phase2	2026-08-18	phase2	### PHASE2 safe_push_point L1 norm=by_const d25->d25 vanilla s904 lr=1e-3 ent=1e-2	safe_push_point	1	safe_goal_point	1	p3o_ewc		by_const	25	25	904		1e-3	1e-2	padtest	vanilla	0.01	1.0	0.0	F_vanilla	F_cost	models/diag_safe_goal_point_L1_p3o_budget_nosink_by_const_padtest_d25_s904/anchor	safe_goal_point	1	by_const	padtest	25	904	models/cl_safe_goal_pointL1tosafe_push_pointL1_by_const_d25to25_vanilla_s904/final					1.10	37.11	135.94	25.38	18.41	15.70	run-20260818_153251-safe_push_point_Level_1_p3o_ewc_seed904_20260818_153248_613434	safe_push_point	1	p3o_ewc	904	COMPLETED	0	04:19:30	04:18:22	2.62 GB	6051	
phase2_6316920.log	6316920		1	phase2	2026-08-18	phase2	### PHASE2 safe_goal_point L1 norm=by_const d25->d25 vanilla s904 lr=1e-3 ent=1e-2	safe_goal_point	1	safe_push_point	1	p3o_ewc		by_const	25	25	904		1e-3	1e-2	lr1e3ent	vanilla	0.01	1.0	0.0	F_vanilla	F_cost	models/diag_safe_push_point_L1_p3o_budget_nosink_by_const_lr1e3ent_d25_s904/anchor	safe_push_point	1	by_const	lr1e3ent	25	904	models/cl_safe_push_pointL1tosafe_goal_pointL1_by_const_d25to25_vanilla_s904/final					28.28	92.03	43.63	32.42	26.36	10.61	run-20260818_161022-safe_goal_point_Level_1_p3o_ewc_seed904_20260818_161019_722080	safe_goal_point	1	p3o_ewc	904	COMPLETED	0	01:26:32	01:25:25	2.14 GB	6533	
phase2_6316921.log	6316921		1	phase2	2026-08-18	phase2	### PHASE2 safe_push_point L1 norm=by_const d25->d25 vanilla s904 lr=1e-3 ent=1e-2	safe_push_point	1	safe_goal_point	1	p3o_ewc		by_const	25	25	904		1e-3	1e-2	padtest	vanilla	0.1	1.0	0.0	F_vanilla	F_cost	models/diag_safe_goal_point_L1_p3o_budget_nosink_by_const_padtest_d25_s904/anchor	safe_goal_point	1	by_const	padtest	25	904	models/cl_safe_goal_pointL1tosafe_push_pointL1_by_const_d25to25_vanilla_s904/final					19.70	42.25	23.21	0.67	2.38	4.66	run-20260818_161351-safe_push_point_Level_1_p3o_ewc_seed904_20260818_161348_444217	safe_push_point	1	p3o_ewc	904	COMPLETED	0	04:18:30	04:17:18	2.26 GB	6045	
phase2_6316922.log	6316922		1	phase2	2026-08-18	phase2	### PHASE2 safe_goal_point L1 norm=by_const d25->d25 vanilla s904 lr=1e-3 ent=1e-2	safe_goal_point	1	safe_push_point	1	p3o_ewc		by_const	25	25	904		1e-3	1e-2	lr1e3ent	vanilla	0.1	1.0	0.0	F_vanilla	F_cost	models/diag_safe_push_point_L1_p3o_budget_nosink_by_const_lr1e3ent_d25_s904/anchor	safe_push_point	1	by_const	lr1e3ent	25	904	models/cl_safe_push_pointL1tosafe_goal_pointL1_by_const_d25to25_vanilla_s904/final					32.55	91.93	28.40	28.37	21.22	11.99	run-20260818_173709-safe_goal_point_Level_1_p3o_ewc_seed904_20260818_173706_691834	safe_goal_point	1	p3o_ewc	904	COMPLETED	0	01:29:36	01:28:40	2.14 GB	6533	
phase2_6316923.log	6316923		1	phase2	2026-08-18	phase2	### PHASE2 safe_push_point L1 norm=by_const d25->d25 naive s904 lr=1e-3 ent=1e-2	safe_push_point	1	safe_goal_point	1	p3o_ewc		by_const	25	25	904		1e-3	1e-2	padtest	naive						models/diag_safe_goal_point_L1_p3o_budget_nosink_by_const_padtest_d25_s904/anchor	safe_goal_point	1	by_const	padtest	25	904	models/cl_safe_goal_pointL1tosafe_push_pointL1_by_const_d25to25_naive_s904/final					0.09	40.41	65.49	54.18	23.60	18.30	run-20260818_190204-safe_push_point_Level_1_p3o_ewc_seed904_20260818_190201_718688	safe_push_point	1	p3o_ewc	904	COMPLETED	0	04:19:33	04:18:29	2.26 GB	6045	
phase2_6316936.log	6316936		1	phase2	2026-08-18	phase2	### PHASE2 safe_goal_point L1 norm=by_const d25->d25 naive s904 lr=1e-3 ent=1e-2	safe_goal_point	1	safe_push_point	1	p3o_ewc		by_const	25	25	904		1e-3	1e-2	lr1e3ent	naive						models/diag_safe_push_point_L1_p3o_budget_nosink_by_const_lr1e3ent_d25_s904/anchor	safe_push_point	1	by_const	lr1e3ent	25	904	models/cl_safe_push_pointL1tosafe_goal_pointL1_by_const_d25to25_naive_s904/final					-0.49	670.65	474.63	35.26	24.76	9.82	run-20260818_201205-safe_goal_point_Level_1_p3o_ewc_seed904_20260818_201202_586508	safe_goal_point	1	p3o_ewc	904	COMPLETED	0	01:25:46	01:24:32	2.21 GB	6533	
phase2_6317032.log	6317032		1	phase2	2026-08-19	phase2	### PHASE2 safe_push_point L14 norm=by_const d25->d25 naive s901 lr=1e-3 ent=1e-2	safe_push_point	14	safe_push_point	1	p3o_ewc		by_const	25	25	901		1e-3	1e-2	lr1e3ent	naive						models/diag_safe_push_point_L1_p3o_budget_nosink_by_const_lr1e3ent_d25_s901/anchor	safe_push_point	1	by_const	lr1e3ent	25	901	models/cl_safe_push_pointL1tosafe_push_pointL14_by_const_d25to25_naive_s901/final					62.85	27.66	14.76	54.45	23.88	10.09	run-20260818_203226-safe_push_point_Level_14_p3o_ewc_seed901_20260818_203223_420323	safe_push_point	14	p3o_ewc	901	COMPLETED	0	03:43:19	03:42:25	2.27 GB	6040	
phase2_6317033.log	6317033		1	phase2	2026-08-19	phase2	### PHASE2 safe_push_point L1 norm=by_const d25->d25 naive s901 lr=1e-3 ent=1e-2	safe_push_point	1	safe_push_point	14	p3o_ewc		by_const	25	25	901		1e-3	1e-2	lr1e3ent	naive						models/diag_safe_push_point_L14_p3o_budget_nosink_by_const_lr1e3ent_d25_s901/anchor	safe_push_point	14	by_const	lr1e3ent	25	901	models/cl_safe_push_pointL14tosafe_push_pointL1_by_const_d25to25_naive_s901/final					48.85	259.61	38.07	76.30	23.77	13.63	run-20260818_210138-safe_push_point_Level_1_p3o_ewc_seed901_20260818_210127_557978	safe_push_point	1	p3o_ewc	901	COMPLETED	0	04:18:07	04:16:34	2.61 GB	6047	
phase2_6317034.log	6317034		1	phase2	2026-08-19	phase2	### PHASE2 safe_push_point L16 norm=by_const d25->d25 naive s901 lr=1e-3 ent=1e-2	safe_push_point	16	safe_push_point	14	p3o_ewc		by_const	25	25	901		1e-3	1e-2	lr1e3ent	naive						models/diag_safe_push_point_L14_p3o_budget_nosink_by_const_lr1e3ent_d25_s901/anchor	safe_push_point	14	by_const	lr1e3ent	25	901	models/cl_safe_push_pointL14tosafe_push_pointL16_by_const_d25to25_naive_s901/final					54.68	28.05	12.17	55.00	26.30	8.35	run-20260818_213733-safe_push_point_Level_16_p3o_ewc_seed901_20260818_213731_125254	safe_push_point	16	p3o_ewc	901	COMPLETED	0	02:56:23	02:55:22	2.43 GB	6040	
phase2_6317035.log	6317035		1	phase2	2026-08-19	phase2	### PHASE2 safe_push_point L14 norm=by_const d25->d25 naive s901 lr=1e-3 ent=1e-2	safe_push_point	14	safe_push_point	16	p3o_ewc		by_const	25	25	901		1e-3	1e-2	lr1e3ent	naive						models/diag_safe_push_point_L16_p3o_budget_nosink_by_const_lr1e3ent_d25_s901/anchor	safe_push_point	16	by_const	lr1e3ent	25	901	models/cl_safe_push_pointL16tosafe_push_pointL14_by_const_d25to25_naive_s901/final					55.10	22.68	8.90	55.46	24.35	9.87	run-20260818_220713-safe_push_point_Level_14_p3o_ewc_seed901_20260818_220710_477826	safe_push_point	14	p3o_ewc	901	COMPLETED	0	04:46:44	04:45:33	2.28 GB	6042	
phase2_6317036.log	6317036		1	phase2	2026-08-19	phase2	### PHASE2 safe_push_point L14 norm=by_const d25->d25 vanilla s901 lr=1e-3 ent=1e-2	safe_push_point	14	safe_push_point	1	p3o_ewc		by_const	25	25	901		1e-3	1e-2	lr1e3ent	vanilla	0.01	1.0	0.0	F_vanilla	F_cost	models/diag_safe_push_point_L1_p3o_budget_nosink_by_const_lr1e3ent_d25_s901/anchor	safe_push_point	1	by_const	lr1e3ent	25	901	models/cl_safe_push_pointL1tosafe_push_pointL14_by_const_d25to25_vanilla_s901/final					58.61	21.90	12.88	44.27	23.91	10.41	run-20260818_220713-safe_push_point_Level_14_p3o_ewc_seed901_20260818_220710_181208	safe_push_point	14	p3o_ewc	901	COMPLETED	0	05:26:22	05:25:15	2.30 GB	6041	
phase2_6317037.log	6317037		1	phase2	2026-08-19	phase2	### PHASE2 safe_push_point L1 norm=by_const d25->d25 vanilla s901 lr=1e-3 ent=1e-2	safe_push_point	1	safe_push_point	14	p3o_ewc		by_const	25	25	901		1e-3	1e-2	lr1e3ent	vanilla	0.01	1.0	0.0	F_vanilla	F_cost	models/diag_safe_push_point_L14_p3o_budget_nosink_by_const_lr1e3ent_d25_s901/anchor	safe_push_point	14	by_const	lr1e3ent	25	901	models/cl_safe_push_pointL14tosafe_push_pointL1_by_const_d25to25_vanilla_s901/final					47.65	74.23	21.09	68.12	24.82	14.25	run-20260818_224304-safe_push_point_Level_1_p3o_ewc_seed901_20260818_224301_430222	safe_push_point	1	p3o_ewc	901	COMPLETED	0	04:15:00	04:14:06	2.62 GB	6046	
phase2_6317038.log	6317038		1	phase2	2026-08-19	phase2	### PHASE2 safe_push_point L16 norm=by_const d25->d25 vanilla s901 lr=1e-3 ent=1e-2	safe_push_point	16	safe_push_point	14	p3o_ewc		by_const	25	25	901		1e-3	1e-2	lr1e3ent	vanilla	0.01	1.0	0.0	F_vanilla	F_cost	models/diag_safe_push_point_L14_p3o_budget_nosink_by_const_lr1e3ent_d25_s901/anchor	safe_push_point	14	by_const	lr1e3ent	25	901	models/cl_safe_push_pointL14tosafe_push_pointL16_by_const_d25to25_vanilla_s901/final					53.58	28.67	12.11	54.12	25.04	8.35	run-20260818_232140-safe_push_point_Level_16_p3o_ewc_seed901_20260818_232137_800384	safe_push_point	16	p3o_ewc	901	COMPLETED	0	03:44:36	03:43:47	2.30 GB	6043	
phase2_6317039.log	6317039		1	phase2	2026-08-19	phase2	### PHASE2 safe_push_point L14 norm=by_const d25->d25 vanilla s901 lr=1e-3 ent=1e-2	safe_push_point	14	safe_push_point	16	p3o_ewc		by_const	25	25	901		1e-3	1e-2	lr1e3ent	vanilla	0.01	1.0	0.0	F_vanilla	F_cost	models/diag_safe_push_point_L16_p3o_budget_nosink_by_const_lr1e3ent_d25_s901/anchor	safe_push_point	16	by_const	lr1e3ent	25	901	models/cl_safe_push_pointL16tosafe_push_pointL14_by_const_d25to25_vanilla_s901/final					50.99	20.66	10.15	51.94	21.35	11.06	run-20260819_003416-safe_push_point_Level_14_p3o_ewc_seed901_20260819_003413_888772	safe_push_point	14	p3o_ewc	901	COMPLETED	0	02:56:40	02:55:40	2.41 GB	6041	
phase2_6317040.log	6317040		1	phase2	2026-08-19	phase2	### PHASE2 safe_push_point L14 norm=by_const d25->d25 vanilla s901 lr=1e-3 ent=1e-2	safe_push_point	14	safe_push_point	1	p3o_ewc		by_const	25	25	901		1e-3	1e-2	lr1e3ent	vanilla	0.1	1.0	0.0	F_vanilla	F_cost	models/diag_safe_push_point_L1_p3o_budget_nosink_by_const_lr1e3ent_d25_s901/anchor	safe_push_point	1	by_const	lr1e3ent	25	901	models/cl_safe_push_pointL1tosafe_push_pointL14_by_const_d25to25_vanilla_s901/final					54.67	40.07	47.84	15.23	26.71	11.41	run-20260819_030639-safe_push_point_Level_14_p3o_ewc_seed901_20260819_030635_661908	safe_push_point	14	p3o_ewc	901	COMPLETED	0	03:43:28	03:42:27	2.39 GB	6040	
phase2_6317041.log	6317041		1	phase2	2026-08-19	phase2	### PHASE2 safe_push_point L1 norm=by_const d25->d25 vanilla s901 lr=1e-3 ent=1e-2	safe_push_point	1	safe_push_point	14	p3o_ewc		by_const	25	25	901		1e-3	1e-2	lr1e3ent	vanilla	0.1	1.0	0.0	F_vanilla	F_cost	models/diag_safe_push_point_L14_p3o_budget_nosink_by_const_lr1e3ent_d25_s901/anchor	safe_push_point	14	by_const	lr1e3ent	25	901	models/cl_safe_push_pointL14tosafe_push_pointL1_by_const_d25to25_vanilla_s901/final					42.18	21.19	10.18	62.05	26.74	11.52	run-20260819_033123-safe_push_point_Level_1_p3o_ewc_seed901_20260819_033120_605274	safe_push_point	1	p3o_ewc	901	COMPLETED	0	03:21:11	03:20:07	2.36 GB	6040	
phase2_6317042.log	6317042		1	phase2	2026-08-19	phase2	### PHASE2 safe_push_point L16 norm=by_const d25->d25 vanilla s901 lr=1e-3 ent=1e-2	safe_push_point	16	safe_push_point	14	p3o_ewc		by_const	25	25	901		1e-3	1e-2	lr1e3ent	vanilla	0.1	1.0	0.0	F_vanilla	F_cost	models/diag_safe_push_point_L14_p3o_budget_nosink_by_const_lr1e3ent_d25_s901/anchor	safe_push_point	14	by_const	lr1e3ent	25	901	models/cl_safe_push_pointL14tosafe_push_pointL16_by_const_d25to25_vanilla_s901/final					53.06	27.85	10.77	52.46	25.17	9.86	run-20260819_033346-safe_push_point_Level_16_p3o_ewc_seed901_20260819_033342_960971	safe_push_point	16	p3o_ewc	901	COMPLETED	0	03:45:37	03:44:33	2.30 GB	6041	
phase2_6317043.log	6317043		1	phase2	2026-08-19	phase2	### PHASE2 safe_push_point L14 norm=by_const d25->d25 vanilla s901 lr=1e-3 ent=1e-2	safe_push_point	14	safe_push_point	16	p3o_ewc		by_const	25	25	901		1e-3	1e-2	lr1e3ent	vanilla	0.1	1.0	0.0	F_vanilla	F_cost	models/diag_safe_push_point_L16_p3o_budget_nosink_by_const_lr1e3ent_d25_s901/anchor	safe_push_point	16	by_const	lr1e3ent	25	901	models/cl_safe_push_pointL16tosafe_push_pointL14_by_const_d25to25_vanilla_s901/final					50.65	20.83	8.43	51.00	22.16	10.00	run-20260819_054354-safe_push_point_Level_14_p3o_ewc_seed901_20260819_054349_687162	safe_push_point	14	p3o_ewc	901	COMPLETED	0	03:10:48	03:09:43	2.64 GB	6047	
phase2_6317044.log	6317044		1	phase2	2026-08-19	phase2	### PHASE2 safe_push_point L14 norm=by_const d25->d25 vanilla s901 lr=1e-3 ent=1e-2	safe_push_point	14	safe_push_point	1	p3o_ewc		by_const	25	25	901		1e-3	1e-2	lr1e3ent	vanilla	1.0	1.0	0.0	F_vanilla	F_cost	models/diag_safe_push_point_L1_p3o_budget_nosink_by_const_lr1e3ent_d25_s901/anchor	safe_push_point	1	by_const	lr1e3ent	25	901	models/cl_safe_push_pointL1tosafe_push_pointL14_by_const_d25to25_vanilla_s901/final					1.50	48.21	277.23	2.24	53.89	70.38	run-20260819_055257-safe_push_point_Level_14_p3o_ewc_seed901_20260819_055254_772191	safe_push_point	14	p3o_ewc	901	COMPLETED	0	03:11:41	03:10:37	2.64 GB	6047	
phase2_6317045.log	6317045		1	phase2	2026-08-19	phase2	### PHASE2 safe_push_point L1 norm=by_const d25->d25 vanilla s901 lr=1e-3 ent=1e-2	safe_push_point	1	safe_push_point	14	p3o_ewc		by_const	25	25	901		1e-3	1e-2	lr1e3ent	vanilla	1.0	1.0	0.0	F_vanilla	F_cost	models/diag_safe_push_point_L14_p3o_budget_nosink_by_const_lr1e3ent_d25_s901/anchor	safe_push_point	14	by_const	lr1e3ent	25	901	models/cl_safe_push_pointL14tosafe_push_pointL1_by_const_d25to25_vanilla_s901/final					40.90	17.70	8.99	55.56	23.17	12.61	run-20260819_065016-safe_push_point_Level_1_p3o_ewc_seed901_20260819_065013_549432	safe_push_point	1	p3o_ewc	901	COMPLETED	0	04:15:34	04:14:37	2.26 GB	6041	
phase2_6317046.log	6317046		1	phase2	2026-08-19	phase2	### PHASE2 safe_push_point L16 norm=by_const d25->d25 vanilla s901 lr=1e-3 ent=1e-2	safe_push_point	16	safe_push_point	14	p3o_ewc		by_const	25	25	901		1e-3	1e-2	lr1e3ent	vanilla	1.0	1.0	0.0	F_vanilla	F_cost	models/diag_safe_push_point_L14_p3o_budget_nosink_by_const_lr1e3ent_d25_s901/anchor	safe_push_point	14	by_const	lr1e3ent	25	901	models/cl_safe_push_pointL14tosafe_push_pointL16_by_const_d25to25_vanilla_s901/final					51.78	25.85	10.21	50.62	22.32	7.90	run-20260819_065144-safe_push_point_Level_16_p3o_ewc_seed901_20260819_065141_539246	safe_push_point	16	p3o_ewc	901	COMPLETED	0	03:08:57	03:07:54	2.78 GB	6047	
phase2_6317047.log	6317047		1	phase2	2026-08-19	phase2	### PHASE2 safe_push_point L14 norm=by_const d25->d25 vanilla s901 lr=1e-3 ent=1e-2	safe_push_point	14	safe_push_point	16	p3o_ewc		by_const	25	25	901		1e-3	1e-2	lr1e3ent	vanilla	1.0	1.0	0.0	F_vanilla	F_cost	models/diag_safe_push_point_L16_p3o_budget_nosink_by_const_lr1e3ent_d25_s901/anchor	safe_push_point	16	by_const	lr1e3ent	25	901	models/cl_safe_push_pointL16tosafe_push_pointL14_by_const_d25to25_vanilla_s901/final					49.37	22.20	10.09	49.08	27.76	35.10	run-20260819_065253-safe_push_point_Level_14_p3o_ewc_seed901_20260819_065250_457066	safe_push_point	14	p3o_ewc	901	COMPLETED	0	02:56:30	02:55:31	2.44 GB	6040	
phase2_6324104.log	6324104		1	phase2	2026-08-19	phase2	### PHASE2 safe_push_point L14 norm=by_const d25->d25 vanilla s901 lr=1e-3 ent=1e-2	safe_push_point	14	safe_push_point	1	p3o_ewc		by_const	25	25	901		1e-3	1e-2	lr1e3ent	vanilla	100.0	1.0	0.0	F_vanilla	F_cost	models/diag_safe_push_point_L1_p3o_budget_nosink_by_const_lr1e3ent_d25_s901/anchor	safe_push_point	1	by_const	lr1e3ent	25	901	models/cl_safe_push_pointL1tosafe_push_pointL14_by_const_d25to25_vanilla_s901/final					72.77	49.61	18.75	64.60	274.24	35.60	run-20260819_065304-safe_push_point_Level_14_p3o_ewc_seed901_20260819_065302_322762	safe_push_point	14	p3o_ewc	901	COMPLETED	0	03:10:40	03:09:47	2.65 GB	6047	
phase2_6324105.log	6324105		1	phase2	2026-08-19	phase2	### PHASE2 safe_push_point L1 norm=by_const d25->d25 vanilla s901 lr=1e-3 ent=1e-2	safe_push_point	1	safe_push_point	14	p3o_ewc		by_const	25	25	901		1e-3	1e-2	lr1e3ent	vanilla	100.0	1.0	0.0	F_vanilla	F_cost	models/diag_safe_push_point_L14_p3o_budget_nosink_by_const_lr1e3ent_d25_s901/anchor	safe_push_point	14	by_const	lr1e3ent	25	901	models/cl_safe_push_pointL14tosafe_push_pointL1_by_const_d25to25_vanilla_s901/final					38.46	16.94	7.38	49.70	25.06	15.33	run-20260819_070734-safe_push_point_Level_1_p3o_ewc_seed901_20260819_070731_742369	safe_push_point	1	p3o_ewc	901	COMPLETED	0	04:13:08	04:12:06	2.62 GB	6046	
phase2_6324106.log	6324106		1	phase2	2026-08-19	phase2	### PHASE2 safe_push_point L16 norm=by_const d25->d25 vanilla s901 lr=1e-3 ent=1e-2	safe_push_point	16	safe_push_point	14	p3o_ewc		by_const	25	25	901		1e-3	1e-2	lr1e3ent	vanilla	100.0	1.0	0.0	F_vanilla	F_cost	models/diag_safe_push_point_L14_p3o_budget_nosink_by_const_lr1e3ent_d25_s901/anchor	safe_push_point	14	by_const	lr1e3ent	25	901	models/cl_safe_push_pointL14tosafe_push_pointL16_by_const_d25to25_vanilla_s901/final					49.59	21.47	9.24	49.33	20.28	7.58	run-20260819_071109-safe_push_point_Level_16_p3o_ewc_seed901_20260819_071107_384283	safe_push_point	16	p3o_ewc	901	COMPLETED	0	03:09:51	03:09:02	2.65 GB	6048	
phase2_6324107.log	6324107		1	phase2	2026-08-19	phase2	### PHASE2 safe_push_point L14 norm=by_const d25->d25 vanilla s901 lr=1e-3 ent=1e-2	safe_push_point	14	safe_push_point	16	p3o_ewc		by_const	25	25	901		1e-3	1e-2	lr1e3ent	vanilla	100.0	1.0	0.0	F_vanilla	F_cost	models/diag_safe_push_point_L16_p3o_budget_nosink_by_const_lr1e3ent_d25_s901/anchor	safe_push_point	16	by_const	lr1e3ent	25	901	models/cl_safe_push_pointL16tosafe_push_pointL14_by_const_d25to25_vanilla_s901/final					49.78	31.31	11.33	49.35	33.17	12.53	run-20260819_072000-safe_push_point_Level_14_p3o_ewc_seed901_20260819_071956_738928	safe_push_point	14	p3o_ewc	901	COMPLETED	0	03:45:10	03:43:47	2.31 GB	6041	
phase2_6324108.log	6324108		1	phase2	2026-08-19	phase2	### PHASE2 safe_push_point L14 norm=by_const d25->d25 vanilla s901 lr=1e-3 ent=1e-2	safe_push_point	14	safe_push_point	1	p3o_ewc		by_const	25	25	901		1e-3	1e-2	lr1e3ent	vanilla	1000.0	1.0	0.0	F_vanilla	F_cost	models/diag_safe_push_point_L1_p3o_budget_nosink_by_const_lr1e3ent_d25_s901/anchor	safe_push_point	1	by_const	lr1e3ent	25	901	models/cl_safe_push_pointL1tosafe_push_pointL14_by_const_d25to25_vanilla_s901/final					72.88	50.49	19.16	64.48	270.48	40.90	run-20260819_094954-safe_push_point_Level_14_p3o_ewc_seed901_20260819_094951_457946	safe_push_point	14	p3o_ewc	901	COMPLETED	0	02:56:33	02:55:28	2.41 GB	6040	
phase2_6324109.log	6324109		1	phase2	2026-08-19	phase2	### PHASE2 safe_push_point L1 norm=by_const d25->d25 vanilla s901 lr=1e-3 ent=1e-2	safe_push_point	1	safe_push_point	14	p3o_ewc		by_const	25	25	901		1e-3	1e-2	lr1e3ent	vanilla	1000.0	1.0	0.0	F_vanilla	F_cost	models/diag_safe_push_point_L14_p3o_budget_nosink_by_const_lr1e3ent_d25_s901/anchor	safe_push_point	14	by_const	lr1e3ent	25	901	models/cl_safe_push_pointL14tosafe_push_pointL1_by_const_d25to25_vanilla_s901/final					38.48	19.25	24.27	50.69	24.92	14.87	run-20260819_110528-safe_push_point_Level_1_p3o_ewc_seed901_20260819_110524_860226	safe_push_point	1	p3o_ewc	901	COMPLETED	0	04:16:59	04:15:18	2.28 GB	6041	
phase2_6324110.log	6324110		1	phase2	2026-08-19	phase2	### PHASE2 safe_push_point L16 norm=by_const d25->d25 vanilla s901 lr=1e-3 ent=1e-2	safe_push_point	16	safe_push_point	14	p3o_ewc		by_const	25	25	901		1e-3	1e-2	lr1e3ent	vanilla	1000.0	1.0	0.0	F_vanilla	F_cost	models/diag_safe_push_point_L14_p3o_budget_nosink_by_const_lr1e3ent_d25_s901/anchor	safe_push_point	14	by_const	lr1e3ent	25	901	models/cl_safe_push_pointL14tosafe_push_pointL16_by_const_d25to25_vanilla_s901/final					49.29	21.41	8.88	48.63	20.20	9.74	run-20260819_110612-safe_push_point_Level_16_p3o_ewc_seed901_20260819_110609_794925	safe_push_point	16	p3o_ewc	901	COMPLETED	0	03:43:16	03:42:20	2.28 GB	6041	
phase2_6324111.log	6324111		1	phase2	2026-08-19	phase2	### PHASE2 safe_push_point L14 norm=by_const d25->d25 vanilla s901 lr=1e-3 ent=1e-2	safe_push_point	14	safe_push_point	16	p3o_ewc		by_const	25	25	901		1e-3	1e-2	lr1e3ent	vanilla	1000.0	1.0	0.0	F_vanilla	F_cost	models/diag_safe_push_point_L16_p3o_budget_nosink_by_const_lr1e3ent_d25_s901/anchor	safe_push_point	16	by_const	lr1e3ent	25	901	models/cl_safe_push_pointL16tosafe_push_pointL14_by_const_d25to25_vanilla_s901/final					50.40	35.07	10.24	50.13	34.95	9.71	run-20260819_124644-safe_push_point_Level_14_p3o_ewc_seed901_20260819_124641_329276	safe_push_point	14	p3o_ewc	901	COMPLETED	0	02:56:36	02:55:41	2.41 GB	6041	
phase2_6324112.log	6324112		1	phase2	2026-08-19	phase2	### PHASE2 safe_push_point L14 norm=by_const d25->d25 vanilla s901 lr=1e-3 ent=1e-2	safe_push_point	14			p3o_ewc		by_const	25	25	901		1e-3	1e-2	lr1e3ent	vanilla	10000.0	1.0	0.0	F_vanilla	F_cost	models/diag_safe_push_point_L1_p3o_budget_nosink_by_const_lr1e3ent_d25_s901/anchor	safe_push_point	1	by_const	lr1e3ent	25	901												run-20260819_144954-safe_push_point_Level_14_p3o_ewc_seed901_20260819_144951_576318	safe_push_point	14	p3o_ewc	901						2980	
phase2_6324113.log	6324113		1	phase2	2026-08-19	phase2	### PHASE2 safe_push_point L1 norm=by_const d25->d25 vanilla s901 lr=1e-3 ent=1e-2	safe_push_point	1			p3o_ewc		by_const	25	25	901		1e-3	1e-2	lr1e3ent	vanilla	10000.0	1.0	0.0	F_vanilla	F_cost	models/diag_safe_push_point_L14_p3o_budget_nosink_by_const_lr1e3ent_d25_s901/anchor	safe_push_point	14	by_const	lr1e3ent	25	901												run-20260819_152246-safe_push_point_Level_1_p3o_ewc_seed901_20260819_152242_635065	safe_push_point	1	p3o_ewc	901						1521	
phase2_6324114.log	6324114		1	phase2	2026-08-19	phase2	### PHASE2 safe_push_point L16 norm=by_const d25->d25 vanilla s901 lr=1e-3 ent=1e-2	safe_push_point	16			p3o_ewc		by_const	25	25	901		1e-3	1e-2	lr1e3ent	vanilla	10000.0	1.0	0.0	F_vanilla	F_cost	models/diag_safe_push_point_L14_p3o_budget_nosink_by_const_lr1e3ent_d25_s901/anchor	safe_push_point	14	by_const	lr1e3ent	25	901												run-20260819_153919-safe_push_point_Level_16_p3o_ewc_seed901_20260819_153916_331134	safe_push_point	16	p3o_ewc	901						1523	
phase2_6324115.log	6324115		1	phase2	2026-08-19	phase2	### PHASE2 safe_push_point L14 norm=by_const d25->d25 vanilla s901 lr=1e-3 ent=1e-2	safe_push_point	14			p3o_ewc		by_const	25	25	901		1e-3	1e-2	lr1e3ent	vanilla	10000.0	1.0	0.0	F_vanilla	F_cost	models/diag_safe_push_point_L16_p3o_budget_nosink_by_const_lr1e3ent_d25_s901/anchor	safe_push_point	16	by_const	lr1e3ent	25	901												run-20260819_154347-safe_push_point_Level_14_p3o_ewc_seed901_20260819_154344_901096	safe_push_point	14	p3o_ewc	901						1521	
probe_probe_anchor_6154115.log	6154115		1	probe_probe_anchor	2026-07-15	legacy_wandb	Checking that the installation succeeded:	safe_goal_point	1			p3o_budget					0																													run-20260715_055110-safe_goal_point_Level_1_p3o_budget_seed0_20260715_055108_060984	safe_goal_point	1	p3o_budget	0	COMPLETED	0	01:03:20	01:03:56	2.14 GB	1464	
probe_probe_anchor_6154115.log	6154115		2	probe_probe_anchor	2026-07-15	legacy_wandb	Checking that the installation succeeded:	safe_goal_point	1			p3o_budget					0																													run-20260715_060948-safe_goal_point_Level_1_p3o_budget_seed0_20260715_060945_738195	safe_goal_point	1	p3o_budget	0	COMPLETED	0	01:03:20	01:03:56	2.14 GB	1538	
probe_probe_anchor_6154116.log	6154116		1	probe_probe_anchor	2026-07-15	legacy_wandb	Checking that the installation succeeded:	safe_push_point	1			p3o_budget					0																													run-20260715_055132-safe_push_point_Level_1_p3o_budget_seed0_20260715_055129_361787	safe_push_point	1	p3o_budget	0	COMPLETED	0	01:49:41	01:48:54	2.26 GB	1363	
probe_probe_anchor_6154116.log	6154116		2	probe_probe_anchor	2026-07-15	legacy_wandb	Checking that the installation succeeded:	safe_push_point	1			p3o_budget					0																													run-20260715_064449-safe_push_point_Level_1_p3o_budget_seed0_20260715_064447_198721	safe_push_point	1	p3o_budget	0	COMPLETED	0	01:49:41	01:48:54	2.26 GB	1547	
probe_probe_anchor_6158048.log	6158048		1	probe_probe_anchor	2026-07-15	legacy_wandb	Checking that the installation succeeded:	safe_reacher	1			p3o_budget					0																													run-20260715_195020-safe_reacher_Level_1_p3o_budget_seed0_20260715_195017_012552	safe_reacher	1	p3o_budget	0	COMPLETED	0	00:24:07	00:23:20	2.45 GB	1769	
probe_probe_anchor_6158048.log	6158048		2	probe_probe_anchor	2026-07-15	legacy_wandb	Checking that the installation succeeded:	safe_reacher	1			p3o_budget					0																													run-20260715_200105-safe_reacher_Level_1_p3o_budget_seed0_20260715_200103_880993	safe_reacher	1	p3o_budget	0	COMPLETED	0	00:24:07	00:23:20	2.45 GB	1952	
probe_probe_anchor_6158049.log	6158049		1	probe_probe_anchor	2026-07-15	legacy_wandb	Checking that the installation succeeded:	safe_goal_point	2			p3o_budget					0																													run-20260715_195050-safe_goal_point_Level_2_p3o_budget_seed0_20260715_195041_815697	safe_goal_point	2	p3o_budget	0	COMPLETED	0	01:44:52	01:44:52	2.25 GB	1464	
probe_probe_anchor_6158049.log	6158049		2	probe_probe_anchor	2026-07-15	legacy_wandb	Checking that the installation succeeded:	safe_goal_point	2			p3o_budget					0																													run-20260715_202533-safe_goal_point_Level_2_p3o_budget_seed0_20260715_202530_432635	safe_goal_point	2	p3o_budget	0	COMPLETED	0	01:44:52	01:44:52	2.25 GB	1537	
probe_probe_anchor_6158072.log	6158072		1	probe_probe_anchor	2026-07-15	legacy_wandb	Checking that the installation succeeded:	safe_goal_point	2			p3o_budget					0																													run-20260715_195908-safe_goal_point_Level_2_p3o_budget_seed0_20260715_195906_050866	safe_goal_point	2	p3o_budget	0	COMPLETED	0	01:43:47	01:44:44	2.24 GB	1463	
probe_probe_anchor_6158072.log	6158072		2	probe_probe_anchor	2026-07-15	legacy_wandb	Checking that the installation succeeded:	safe_goal_point	2			p3o_budget					0																													run-20260715_203338-safe_goal_point_Level_2_p3o_budget_seed0_20260715_203336_215021	safe_goal_point	2	p3o_budget	0	COMPLETED	0	01:43:47	01:44:44	2.24 GB	1538	
prune_eval_6314251.log	6314251		1	prune_eval	2026-08-18	legacy_nomark	===== UNPRUNED =====																																												FAILED	1	00:03:38	00:03:19	1.84 GB	100	
prune_eval_6314263.log	6314263		1	prune_eval	2026-08-18	legacy_nomark	===== UNPRUNED =====																																												COMPLETED	0	00:12:37	00:12:36	1.85 GB	130	
prune_test_6314246.log	6314246		1	prune_test	2026-08-18	legacy_nomark	python: can't open file '/tmp/prune_test.py': [Errno 2] No such file or directory																																												FAILED	2	00:00:12	00:00:01	0.00 MB (estimated maximum)	29	
prune_test_6314247.log	6314247		1	prune_test	2026-08-18	legacy_nomark	policy params: 5572																																												COMPLETED	0	00:00:27	00:00:03	0.00 MB (estimated maximum)	46	
scen1_aggregate_6148441.log	6148441		1	scen1_aggregate	2026-07-14	legacy_nomark	########## evaluating all agents x seeds (sink-OFF) ##########																																												COMPLETED	0	00:43:16	00:43:29	1.85 GB	71	
scen1_aggregate_6148442.log	6148442		1	scen1_aggregate	2026-07-14	legacy_nomark	########## evaluating all agents x seeds (sink-OFF) ##########																																												COMPLETED	0	00:58:28	00:58:51	1.75 GB	71	
scen1_aggregate_6148443.log	6148443		1	scen1_aggregate	2026-07-14	legacy_nomark	########## evaluating all agents x seeds (sink-OFF) ##########																																												COMPLETED	0	00:58:55	00:59:22	1.74 GB	71	
scen1_aggregate_6148444.log	6148444		1	scen1_aggregate	2026-07-14	legacy_nomark	########## evaluating all agents x seeds (sink-OFF) ##########																																												COMPLETED	0	00:43:33	00:44:07	1.81 GB	71	
scen1_aggregate_6148445.log	6148445		1	scen1_aggregate	2026-07-14	legacy_nomark	########## evaluating all agents x seeds (sink-OFF) ##########																																												COMPLETED	0	00:59:24	00:59:50	1.75 GB	71	
scen1_sink_1025_6142432_0.log	6142433	0	1	scen1_sink_1025	2026-07-14	legacy_wandb	Checking that the installation succeeded:	safe_goal_point	1			p3o_budget					0																													run-20260714_020005-safe_goal_point_Level_1_p3o_budget_seed0_20260714_020001_819706	safe_goal_point	1	p3o_budget	0	CANCELLED	0	00:02:12	00:01:53	2.21 GB	80	
scen1_sink_1025_6142432_1.log	6142434	1	1	scen1_sink_1025	2026-07-14	legacy_wandb	Checking that the installation succeeded:	safe_goal_point	1			p3o_budget					1																													run-20260714_020005-safe_goal_point_Level_1_p3o_budget_seed1_20260714_020001_932505	safe_goal_point	1	p3o_budget	1	CANCELLED	0	00:02:12	00:01:54	2.13 GB	80	
scen1_sink_1025_6142432_2.log	6142435	2	1	scen1_sink_1025	2026-07-14	legacy_wandb	Checking that the installation succeeded:	safe_goal_point	1			p3o_budget					2																													run-20260714_020002-safe_goal_point_Level_1_p3o_budget_seed2_20260714_015959_974044	safe_goal_point	1	p3o_budget	2	CANCELLED	0	00:02:12	00:01:57	2.01 GB	80	
scen1_sink_1025_6142432_3.log	6142436	3	1	scen1_sink_1025	2026-07-14	legacy_wandb	Checking that the installation succeeded:	safe_goal_point	1			p3o_budget					3																													run-20260714_020003-safe_goal_point_Level_1_p3o_budget_seed3_20260714_020001_066906	safe_goal_point	1	p3o_budget	3	CANCELLED	0	00:02:12	00:01:57	2.01 GB	80	
scen1_sink_1025_6142437_0.log	6142438	0	1	scen1_sink_1025	2026-07-14	legacy_wandb	Checking that the installation succeeded:	safe_goal_point	1			p3o_budget					0																													run-20260714_020503-safe_goal_point_Level_1_p3o_budget_seed0_20260714_020501_110121	safe_goal_point	1	p3o_budget	0	COMPLETED	0	03:51:23	03:53:36	2.24 GB	1464	
scen1_sink_1025_6142437_0.log	6142438	0	2	scen1_sink_1025	2026-07-14	legacy_wandb	Checking that the installation succeeded:	safe_goal_point	1			p3o_budget					0																													run-20260714_022325-safe_goal_point_Level_1_p3o_budget_seed0_20260714_022322_282508	safe_goal_point	1	p3o_budget	0	COMPLETED	0	03:51:23	03:53:36	2.24 GB	1465	
scen1_sink_1025_6142437_0.log	6142438	0	3	scen1_sink_1025	2026-07-14	legacy_wandb	Checking that the installation succeeded:	safe_goal_point	1			p3o_ewc					0											models/scen1_sink1025_seed0/anchor_lo																		run-20260714_024205-safe_goal_point_Level_1_p3o_ewc_seed0_20260714_024203_987133	safe_goal_point	1	p3o_ewc	0	COMPLETED	0	03:51:23	03:53:36	2.24 GB	1469	
scen1_sink_1025_6142437_0.log	6142438	0	4	scen1_sink_1025	2026-07-14	legacy_wandb	Checking that the installation succeeded:	safe_goal_point	1			p3o_ewc					0											models/scen1_sink1025_seed0/anchor_hi																		run-20260714_030023-safe_goal_point_Level_1_p3o_ewc_seed0_20260714_030022_120209	safe_goal_point	1	p3o_ewc	0	COMPLETED	0	03:51:23	03:53:36	2.24 GB	1511	
scen1_sink_1025_6142437_0.log	6142438	0	5	scen1_sink_1025	2026-07-14	legacy_wandb	Checking that the installation succeeded:	safe_goal_point	1			p3o_ewc					0						10000.0	1.0	0.0			models/scen1_sink1025_seed0/anchor_lo																		run-20260714_032028-safe_goal_point_Level_1_p3o_ewc_seed0_20260714_032026_965259	safe_goal_point	1	p3o_ewc	0	COMPLETED	0	03:51:23	03:53:36	2.24 GB	1468	
scen1_sink_1025_6142437_0.log	6142438	0	6	scen1_sink_1025	2026-07-14	legacy_wandb	Checking that the installation succeeded:	safe_goal_point	1			p3o_ewc					0						10000.0	0.0	1.0			models/scen1_sink1025_seed0/anchor_lo																		run-20260714_034008-safe_goal_point_Level_1_p3o_ewc_seed0_20260714_034006_673895	safe_goal_point	1	p3o_ewc	0	COMPLETED	0	03:51:23	03:53:36	2.24 GB	1470	
scen1_sink_1025_6142437_0.log	6142438	0	7	scen1_sink_1025	2026-07-14	legacy_wandb	Checking that the installation succeeded:	safe_goal_point	1			p3o_ewc					0						10000.0	0.5	0.5			models/scen1_sink1025_seed0/anchor_lo																		run-20260714_035950-safe_goal_point_Level_1_p3o_ewc_seed0_20260714_035948_449265	safe_goal_point	1	p3o_ewc	0	COMPLETED	0	03:51:23	03:53:36	2.24 GB	1469	
scen1_sink_1025_6142437_0.log	6142438	0	8	scen1_sink_1025	2026-07-14	legacy_wandb	Checking that the installation succeeded:	safe_goal_point	1			p3o_ewc					0						10000.0	1.0	0.0			models/scen1_sink1025_seed0/anchor_hi																		run-20260714_041932-safe_goal_point_Level_1_p3o_ewc_seed0_20260714_041930_588207	safe_goal_point	1	p3o_ewc	0	COMPLETED	0	03:51:23	03:53:36	2.24 GB	1469	
scen1_sink_1025_6142437_0.log	6142438	0	9	scen1_sink_1025	2026-07-14	legacy_wandb	Checking that the installation succeeded:	safe_goal_point	1			p3o_ewc					0						10000.0	0.0	1.0			models/scen1_sink1025_seed0/anchor_hi																		run-20260714_043737-safe_goal_point_Level_1_p3o_ewc_seed0_20260714_043735_852226	safe_goal_point	1	p3o_ewc	0	COMPLETED	0	03:51:23	03:53:36	2.24 GB	1468	
scen1_sink_1025_6142437_0.log	6142438	0	10	scen1_sink_1025	2026-07-14	legacy_wandb	Checking that the installation succeeded:	safe_goal_point	1			p3o_ewc					0						10000.0	0.5	0.5			models/scen1_sink1025_seed0/anchor_hi																		run-20260714_045543-safe_goal_point_Level_1_p3o_ewc_seed0_20260714_045540_845965	safe_goal_point	1	p3o_ewc	0	COMPLETED	0	03:51:23	03:53:36	2.24 GB	1705	
scen1_sink_1025_6142437_1.log	6142439	1	1	scen1_sink_1025	2026-07-14	legacy_wandb	Checking that the installation succeeded:	safe_goal_point	1			p3o_budget					1																													run-20260714_020503-safe_goal_point_Level_1_p3o_budget_seed1_20260714_020501_116034	safe_goal_point	1	p3o_budget	1	COMPLETED	0	03:52:43	03:53:06	2.23 GB	1464	
scen1_sink_1025_6142437_1.log	6142439	1	2	scen1_sink_1025	2026-07-14	legacy_wandb	Checking that the installation succeeded:	safe_goal_point	1			p3o_budget					1																													run-20260714_022325-safe_goal_point_Level_1_p3o_budget_seed1_20260714_022322_208929	safe_goal_point	1	p3o_budget	1	COMPLETED	0	03:52:43	03:53:06	2.23 GB	1465	
scen1_sink_1025_6142437_1.log	6142439	1	3	scen1_sink_1025	2026-07-14	legacy_wandb	Checking that the installation succeeded:	safe_goal_point	1			p3o_ewc					1											models/scen1_sink1025_seed1/anchor_lo																		run-20260714_024148-safe_goal_point_Level_1_p3o_ewc_seed1_20260714_024146_133745	safe_goal_point	1	p3o_ewc	1	COMPLETED	0	03:52:43	03:53:06	2.23 GB	1468	
scen1_sink_1025_6142437_1.log	6142439	1	4	scen1_sink_1025	2026-07-14	legacy_wandb	Checking that the installation succeeded:	safe_goal_point	1			p3o_ewc					1											models/scen1_sink1025_seed1/anchor_hi																		run-20260714_030007-safe_goal_point_Level_1_p3o_ewc_seed1_20260714_030004_591415	safe_goal_point	1	p3o_ewc	1	COMPLETED	0	03:52:43	03:53:06	2.23 GB	1511	
scen1_sink_1025_6142437_1.log	6142439	1	5	scen1_sink_1025	2026-07-14	legacy_wandb	Checking that the installation succeeded:	safe_goal_point	1			p3o_ewc					1						10000.0	1.0	0.0			models/scen1_sink1025_seed1/anchor_lo																		run-20260714_032025-safe_goal_point_Level_1_p3o_ewc_seed1_20260714_032023_153513	safe_goal_point	1	p3o_ewc	1	COMPLETED	0	03:52:43	03:53:06	2.23 GB	1468	
scen1_sink_1025_6142437_1.log	6142439	1	6	scen1_sink_1025	2026-07-14	legacy_wandb	Checking that the installation succeeded:	safe_goal_point	1			p3o_ewc					1						10000.0	0.0	1.0			models/scen1_sink1025_seed1/anchor_lo																		run-20260714_033905-safe_goal_point_Level_1_p3o_ewc_seed1_20260714_033903_549113	safe_goal_point	1	p3o_ewc	1	COMPLETED	0	03:52:43	03:53:06	2.23 GB	1468	
scen1_sink_1025_6142437_1.log	6142439	1	7	scen1_sink_1025	2026-07-14	legacy_wandb	Checking that the installation succeeded:	safe_goal_point	1			p3o_ewc					1						10000.0	0.5	0.5			models/scen1_sink1025_seed1/anchor_lo																		run-20260714_035744-safe_goal_point_Level_1_p3o_ewc_seed1_20260714_035742_387923	safe_goal_point	1	p3o_ewc	1	COMPLETED	0	03:52:43	03:53:06	2.23 GB	1469	
scen1_sink_1025_6142437_1.log	6142439	1	8	scen1_sink_1025	2026-07-14	legacy_wandb	Checking that the installation succeeded:	safe_goal_point	1			p3o_ewc					1						10000.0	1.0	0.0			models/scen1_sink1025_seed1/anchor_hi																		run-20260714_041623-safe_goal_point_Level_1_p3o_ewc_seed1_20260714_041621_462033	safe_goal_point	1	p3o_ewc	1	COMPLETED	0	03:52:43	03:53:06	2.23 GB	1469	
scen1_sink_1025_6142437_1.log	6142439	1	9	scen1_sink_1025	2026-07-14	legacy_wandb	Checking that the installation succeeded:	safe_goal_point	1			p3o_ewc					1						10000.0	0.0	1.0			models/scen1_sink1025_seed1/anchor_hi																		run-20260714_043605-safe_goal_point_Level_1_p3o_ewc_seed1_20260714_043603_005145	safe_goal_point	1	p3o_ewc	1	COMPLETED	0	03:52:43	03:53:06	2.23 GB	1470	
scen1_sink_1025_6142437_1.log	6142439	1	10	scen1_sink_1025	2026-07-14	legacy_wandb	Checking that the installation succeeded:	safe_goal_point	1			p3o_ewc					1						10000.0	0.5	0.5			models/scen1_sink1025_seed1/anchor_hi																		run-20260714_045543-safe_goal_point_Level_1_p3o_ewc_seed1_20260714_045541_790894	safe_goal_point	1	p3o_ewc	1	COMPLETED	0	03:52:43	03:53:06	2.23 GB	1705	
scen1_sink_1025_6142437_2.log	6142440	2	1	scen1_sink_1025	2026-07-14	legacy_wandb	Checking that the installation succeeded:	safe_goal_point	1			p3o_budget					2																													run-20260714_020507-safe_goal_point_Level_1_p3o_budget_seed2_20260714_020504_178155	safe_goal_point	1	p3o_budget	2	COMPLETED	0	04:11:53	04:14:14	2.10 GB	1464	
scen1_sink_1025_6142437_2.log	6142440	2	2	scen1_sink_1025	2026-07-14	legacy_wandb	Checking that the installation succeeded:	safe_goal_point	1			p3o_budget					2																													run-20260714_022446-safe_goal_point_Level_1_p3o_budget_seed2_20260714_022444_216202	safe_goal_point	1	p3o_budget	2	COMPLETED	0	04:11:53	04:14:14	2.10 GB	1465	
scen1_sink_1025_6142437_2.log	6142440	2	3	scen1_sink_1025	2026-07-14	legacy_wandb	Checking that the installation succeeded:	safe_goal_point	1			p3o_ewc					2											models/scen1_sink1025_seed2/anchor_lo																		run-20260714_024437-safe_goal_point_Level_1_p3o_ewc_seed2_20260714_024434_424974	safe_goal_point	1	p3o_ewc	2	COMPLETED	0	04:11:53	04:14:14	2.10 GB	1468	
scen1_sink_1025_6142437_2.log	6142440	2	4	scen1_sink_1025	2026-07-14	legacy_wandb	Checking that the installation succeeded:	safe_goal_point	1			p3o_ewc					2											models/scen1_sink1025_seed2/anchor_hi																		run-20260714_030410-safe_goal_point_Level_1_p3o_ewc_seed2_20260714_030408_004251	safe_goal_point	1	p3o_ewc	2	COMPLETED	0	04:11:53	04:14:14	2.10 GB	1511	
scen1_sink_1025_6142437_2.log	6142440	2	5	scen1_sink_1025	2026-07-14	legacy_wandb	Checking that the installation succeeded:	safe_goal_point	1			p3o_ewc					2						10000.0	1.0	0.0			models/scen1_sink1025_seed2/anchor_lo																		run-20260714_032623-safe_goal_point_Level_1_p3o_ewc_seed2_20260714_032621_846309	safe_goal_point	1	p3o_ewc	2	COMPLETED	0	04:11:53	04:14:14	2.10 GB	1469	
scen1_sink_1025_6142437_2.log	6142440	2	6	scen1_sink_1025	2026-07-14	legacy_wandb	Checking that the installation succeeded:	safe_goal_point	1			p3o_ewc					2						10000.0	0.0	1.0			models/scen1_sink1025_seed2/anchor_lo																		run-20260714_034715-safe_goal_point_Level_1_p3o_ewc_seed2_20260714_034712_790166	safe_goal_point	1	p3o_ewc	2	COMPLETED	0	04:11:53	04:14:14	2.10 GB	1468	
scen1_sink_1025_6142437_2.log	6142440	2	7	scen1_sink_1025	2026-07-14	legacy_wandb	Checking that the installation succeeded:	safe_goal_point	1			p3o_ewc					2						10000.0	0.5	0.5			models/scen1_sink1025_seed2/anchor_lo																		run-20260714_040806-safe_goal_point_Level_1_p3o_ewc_seed2_20260714_040803_986838	safe_goal_point	1	p3o_ewc	2	COMPLETED	0	04:11:53	04:14:14	2.10 GB	1469	
scen1_sink_1025_6142437_2.log	6142440	2	8	scen1_sink_1025	2026-07-14	legacy_wandb	Checking that the installation succeeded:	safe_goal_point	1			p3o_ewc					2						10000.0	1.0	0.0			models/scen1_sink1025_seed2/anchor_hi																		run-20260714_042848-safe_goal_point_Level_1_p3o_ewc_seed2_20260714_042846_474406	safe_goal_point	1	p3o_ewc	2	COMPLETED	0	04:11:53	04:14:14	2.10 GB	1469	
scen1_sink_1025_6142437_2.log	6142440	2	9	scen1_sink_1025	2026-07-14	legacy_wandb	Checking that the installation succeeded:	safe_goal_point	1			p3o_ewc					2						10000.0	0.0	1.0			models/scen1_sink1025_seed2/anchor_hi																		run-20260714_044823-safe_goal_point_Level_1_p3o_ewc_seed2_20260714_044820_415880	safe_goal_point	1	p3o_ewc	2	COMPLETED	0	04:11:53	04:14:14	2.10 GB	1469	
scen1_sink_1025_6142437_2.log	6142440	2	10	scen1_sink_1025	2026-07-14	legacy_wandb	Checking that the installation succeeded:	safe_goal_point	1			p3o_ewc					2						10000.0	0.5	0.5			models/scen1_sink1025_seed2/anchor_hi																		run-20260714_050800-safe_goal_point_Level_1_p3o_ewc_seed2_20260714_050757_804301	safe_goal_point	1	p3o_ewc	2	COMPLETED	0	04:11:53	04:14:14	2.10 GB	1705	
scen1_sink_1025_6142437_3.log	6142441	3	1	scen1_sink_1025	2026-07-14	legacy_wandb	Checking that the installation succeeded:	safe_goal_point	1			p3o_budget					3																													run-20260714_020508-safe_goal_point_Level_1_p3o_budget_seed3_20260714_020504_343188	safe_goal_point	1	p3o_budget	3	COMPLETED	0	04:14:17	04:16:42	2.11 GB	1464	
scen1_sink_1025_6142437_3.log	6142441	3	2	scen1_sink_1025	2026-07-14	legacy_wandb	Checking that the installation succeeded:	safe_goal_point	1			p3o_budget					3																													run-20260714_022446-safe_goal_point_Level_1_p3o_budget_seed3_20260714_022444_962922	safe_goal_point	1	p3o_budget	3	COMPLETED	0	04:14:17	04:16:42	2.11 GB	1465	
scen1_sink_1025_6142437_3.log	6142441	3	3	scen1_sink_1025	2026-07-14	legacy_wandb	Checking that the installation succeeded:	safe_goal_point	1			p3o_ewc					3											models/scen1_sink1025_seed3/anchor_lo																		run-20260714_024437-safe_goal_point_Level_1_p3o_ewc_seed3_20260714_024434_175990	safe_goal_point	1	p3o_ewc	3	COMPLETED	0	04:14:17	04:16:42	2.11 GB	1468	
scen1_sink_1025_6142437_3.log	6142441	3	4	scen1_sink_1025	2026-07-14	legacy_wandb	Checking that the installation succeeded:	safe_goal_point	1			p3o_ewc					3											models/scen1_sink1025_seed3/anchor_hi																		run-20260714_030348-safe_goal_point_Level_1_p3o_ewc_seed3_20260714_030346_586794	safe_goal_point	1	p3o_ewc	3	COMPLETED	0	04:14:17	04:16:42	2.11 GB	1511	
scen1_sink_1025_6142437_3.log	6142441	3	5	scen1_sink_1025	2026-07-14	legacy_wandb	Checking that the installation succeeded:	safe_goal_point	1			p3o_ewc					3						10000.0	1.0	0.0			models/scen1_sink1025_seed3/anchor_lo																		run-20260714_032535-safe_goal_point_Level_1_p3o_ewc_seed3_20260714_032533_296165	safe_goal_point	1	p3o_ewc	3	COMPLETED	0	04:14:17	04:16:42	2.11 GB	1469	
scen1_sink_1025_6142437_3.log	6142441	3	6	scen1_sink_1025	2026-07-14	legacy_wandb	Checking that the installation succeeded:	safe_goal_point	1			p3o_ewc					3						10000.0	0.0	1.0			models/scen1_sink1025_seed3/anchor_lo																		run-20260714_034715-safe_goal_point_Level_1_p3o_ewc_seed3_20260714_034713_571986	safe_goal_point	1	p3o_ewc	3	COMPLETED	0	04:14:17	04:16:42	2.11 GB	1469	
scen1_sink_1025_6142437_3.log	6142441	3	7	scen1_sink_1025	2026-07-14	legacy_wandb	Checking that the installation succeeded:	safe_goal_point	1			p3o_ewc					3						10000.0	0.5	0.5			models/scen1_sink1025_seed3/anchor_lo																		run-20260714_040856-safe_goal_point_Level_1_p3o_ewc_seed3_20260714_040854_415978	safe_goal_point	1	p3o_ewc	3	COMPLETED	0	04:14:17	04:16:42	2.11 GB	1471	
scen1_sink_1025_6142437_3.log	6142441	3	8	scen1_sink_1025	2026-07-14	legacy_wandb	Checking that the installation succeeded:	safe_goal_point	1			p3o_ewc					3						10000.0	1.0	0.0			models/scen1_sink1025_seed3/anchor_hi																		run-20260714_043039-safe_goal_point_Level_1_p3o_ewc_seed3_20260714_043037_134420	safe_goal_point	1	p3o_ewc	3	COMPLETED	0	04:14:17	04:16:42	2.11 GB	1468	
scen1_sink_1025_6142437_3.log	6142441	3	9	scen1_sink_1025	2026-07-14	legacy_wandb	Checking that the installation succeeded:	safe_goal_point	1			p3o_ewc					3						10000.0	0.0	1.0			models/scen1_sink1025_seed3/anchor_hi																		run-20260714_045037-safe_goal_point_Level_1_p3o_ewc_seed3_20260714_045035_479329	safe_goal_point	1	p3o_ewc	3	COMPLETED	0	04:14:17	04:16:42	2.11 GB	1469	
scen1_sink_1025_6142437_3.log	6142441	3	10	scen1_sink_1025	2026-07-14	legacy_wandb	Checking that the installation succeeded:	safe_goal_point	1			p3o_ewc					3						10000.0	0.5	0.5			models/scen1_sink1025_seed3/anchor_hi																		run-20260714_051019-safe_goal_point_Level_1_p3o_ewc_seed3_20260714_051017_537481	safe_goal_point	1	p3o_ewc	3	COMPLETED	0	04:14:17	04:16:42	2.11 GB	1705	
scen1_sink_1025_6142437_4.log	6142437	4	1	scen1_sink_1025	2026-07-14	legacy_wandb	Checking that the installation succeeded:	safe_goal_point	1			p3o_budget					4																													run-20260714_020508-safe_goal_point_Level_1_p3o_budget_seed4_20260714_020504_168156	safe_goal_point	1	p3o_budget	4	COMPLETED	0	05:30:21	05:32:33	2.06 GB	1464	
scen1_sink_1025_6142437_4.log	6142437	4	2	scen1_sink_1025	2026-07-14	legacy_wandb	Checking that the installation succeeded:	safe_goal_point	1			p3o_budget					4																													run-20260714_023226-safe_goal_point_Level_1_p3o_budget_seed4_20260714_023224_432130	safe_goal_point	1	p3o_budget	4	COMPLETED	0	05:30:21	05:32:33	2.06 GB	1465	
scen1_sink_1025_6142437_4.log	6142437	4	3	scen1_sink_1025	2026-07-14	legacy_wandb	Checking that the installation succeeded:	safe_goal_point	1			p3o_ewc					4											models/scen1_sink1025_seed4/anchor_lo																		run-20260714_030044-safe_goal_point_Level_1_p3o_ewc_seed4_20260714_030042_077625	safe_goal_point	1	p3o_ewc	4	COMPLETED	0	05:30:21	05:32:33	2.06 GB	1467	
scen1_sink_1025_6142437_4.log	6142437	4	4	scen1_sink_1025	2026-07-14	legacy_wandb	Checking that the installation succeeded:	safe_goal_point	1			p3o_ewc					4											models/scen1_sink1025_seed4/anchor_hi																		run-20260714_032759-safe_goal_point_Level_1_p3o_ewc_seed4_20260714_032757_178525	safe_goal_point	1	p3o_ewc	4	COMPLETED	0	05:30:21	05:32:33	2.06 GB	1511	
scen1_sink_1025_6142437_4.log	6142437	4	5	scen1_sink_1025	2026-07-14	legacy_wandb	Checking that the installation succeeded:	safe_goal_point	1			p3o_ewc					4						10000.0	1.0	0.0			models/scen1_sink1025_seed4/anchor_lo																		run-20260714_035804-safe_goal_point_Level_1_p3o_ewc_seed4_20260714_035802_112835	safe_goal_point	1	p3o_ewc	4	COMPLETED	0	05:30:21	05:32:33	2.06 GB	1468	
scen1_sink_1025_6142437_4.log	6142437	4	6	scen1_sink_1025	2026-07-14	legacy_wandb	Checking that the installation succeeded:	safe_goal_point	1			p3o_ewc					4						10000.0	0.0	1.0			models/scen1_sink1025_seed4/anchor_lo																		run-20260714_042541-safe_goal_point_Level_1_p3o_ewc_seed4_20260714_042538_914991	safe_goal_point	1	p3o_ewc	4	COMPLETED	0	05:30:21	05:32:33	2.06 GB	1469	
scen1_sink_1025_6142437_4.log	6142437	4	7	scen1_sink_1025	2026-07-14	legacy_wandb	Checking that the installation succeeded:	safe_goal_point	1			p3o_ewc					4						10000.0	0.5	0.5			models/scen1_sink1025_seed4/anchor_lo																		run-20260714_045303-safe_goal_point_Level_1_p3o_ewc_seed4_20260714_045301_700553	safe_goal_point	1	p3o_ewc	4	COMPLETED	0	05:30:21	05:32:33	2.06 GB	1469	
scen1_sink_1025_6142437_4.log	6142437	4	8	scen1_sink_1025	2026-07-14	legacy_wandb	Checking that the installation succeeded:	safe_goal_point	1			p3o_ewc					4						10000.0	1.0	0.0			models/scen1_sink1025_seed4/anchor_hi																		run-20260714_052101-safe_goal_point_Level_1_p3o_ewc_seed4_20260714_052058_931338	safe_goal_point	1	p3o_ewc	4	COMPLETED	0	05:30:21	05:32:33	2.06 GB	1469	
scen1_sink_1025_6142437_4.log	6142437	4	9	scen1_sink_1025	2026-07-14	legacy_wandb	Checking that the installation succeeded:	safe_goal_point	1			p3o_ewc					4						10000.0	0.0	1.0			models/scen1_sink1025_seed4/anchor_hi																		run-20260714_054949-safe_goal_point_Level_1_p3o_ewc_seed4_20260714_054946_624714	safe_goal_point	1	p3o_ewc	4	COMPLETED	0	05:30:21	05:32:33	2.06 GB	1469	
scen1_sink_1025_6142437_4.log	6142437	4	10	scen1_sink_1025	2026-07-14	legacy_wandb	Checking that the installation succeeded:	safe_goal_point	1			p3o_ewc					4						10000.0	0.5	0.5			models/scen1_sink1025_seed4/anchor_hi																		run-20260714_061856-safe_goal_point_Level_1_p3o_ewc_seed4_20260714_061853_556682	safe_goal_point	1	p3o_ewc	4	COMPLETED	0	05:30:21	05:32:33	2.06 GB	1717	
scen1_sink_1025_L2_6154112_4294967294.log	6154112	4294967294	1	scen1_sink_1025_L2	2026-07-15	legacy_wandb	Checking that the installation succeeded:	safe_goal_point	2			p3o_budget					0																													run-20260715_055112-safe_goal_point_Level_2_p3o_budget_seed0_20260715_055110_771231	safe_goal_point	2	p3o_budget	0	FAILED	1	00:59:33	00:59:00	2.37 GB	1463	
scen1_sink_1025_L2_6154112_4294967294.log	6154112	4294967294	2	scen1_sink_1025_L2	2026-07-15	legacy_wandb	Checking that the installation succeeded:	safe_goal_point	2			p3o_budget					0																													run-20260715_062029-safe_goal_point_Level_2_p3o_budget_seed0_20260715_062027_388226	safe_goal_point	2	p3o_budget	0	FAILED	1	00:59:33	00:59:00	2.37 GB	1489	
scen1_thresh_6158659_0.log	6158661	0	1	scen1_thresh	2026-07-16	legacy_wandb	Checking that the installation succeeded:	safe_goal_point	2			p3o_budget					0																													run-20260716_063714-safe_goal_point_Level_2_p3o_budget_seed0_20260716_063712_871523	safe_goal_point	2	p3o_budget	0	COMPLETED	0	07:23:31	07:24:01	2.36 GB	3346	
scen1_thresh_6158659_0.log	6158661	0	2	scen1_thresh	2026-07-16	legacy_wandb	Checking that the installation succeeded:	safe_goal_point	2			p3o_budget					0																													run-20260716_074139-safe_goal_point_Level_2_p3o_budget_seed0_20260716_074137_336201	safe_goal_point	2	p3o_budget	0	COMPLETED	0	07:23:31	07:24:01	2.36 GB	3345	
scen1_thresh_6158659_0.log	6158661	0	3	scen1_thresh	2026-07-16	legacy_wandb	Checking that the installation succeeded:	safe_goal_point	2			p3o_ewc					0											models/scen1_thresh_L2_seed0/anchor_lo																		run-20260716_085106-safe_goal_point_Level_2_p3o_ewc_seed0_20260716_085104_443624	safe_goal_point	2	p3o_ewc	0	COMPLETED	0	07:23:31	07:24:01	2.36 GB	3349	
scen1_thresh_6158659_0.log	6158661	0	4	scen1_thresh	2026-07-16	legacy_wandb	Checking that the installation succeeded:	safe_goal_point	2			p3o_ewc					0											models/scen1_thresh_L2_seed0/anchor_hi																		run-20260716_095844-safe_goal_point_Level_2_p3o_ewc_seed0_20260716_095842_519197	safe_goal_point	2	p3o_ewc	0	COMPLETED	0	07:23:31	07:24:01	2.36 GB	3392	
scen1_thresh_6158659_0.log	6158661	0	5	scen1_thresh	2026-07-16	legacy_wandb	Checking that the installation succeeded:	safe_goal_point	2			p3o_ewc					0						10000.0	0.5	0.5			models/scen1_thresh_L2_seed0/anchor_lo																		run-20260716_111007-safe_goal_point_Level_2_p3o_ewc_seed0_20260716_111005_533805	safe_goal_point	2	p3o_ewc	0	COMPLETED	0	07:23:31	07:24:01	2.36 GB	3349	
scen1_thresh_6158659_0.log	6158661	0	6	scen1_thresh	2026-07-16	legacy_wandb	Checking that the installation succeeded:	safe_goal_point	2			p3o_ewc					0						10000.0	0.5	0.5			models/scen1_thresh_L2_seed0/anchor_hi																		run-20260716_121816-safe_goal_point_Level_2_p3o_ewc_seed0_20260716_121814_561038	safe_goal_point	2	p3o_ewc	0	COMPLETED	0	07:23:31	07:24:01	2.36 GB	3501	
scen1_thresh_6158659_1.log	6158662	1	1	scen1_thresh	2026-07-16	legacy_wandb	Checking that the installation succeeded:	safe_goal_point	2			p3o_budget					1																													run-20260716_063715-safe_goal_point_Level_2_p3o_budget_seed1_20260716_063712_871584	safe_goal_point	2	p3o_budget	1	COMPLETED	0	07:23:36	07:23:34	2.38 GB	3345	
scen1_thresh_6158659_1.log	6158662	1	2	scen1_thresh	2026-07-16	legacy_wandb	Checking that the installation succeeded:	safe_goal_point	2			p3o_budget					1																													run-20260716_074017-safe_goal_point_Level_2_p3o_budget_seed1_20260716_074014_824614	safe_goal_point	2	p3o_budget	1	COMPLETED	0	07:23:36	07:23:34	2.38 GB	3345	
scen1_thresh_6158659_1.log	6158662	1	3	scen1_thresh	2026-07-16	legacy_wandb	Checking that the installation succeeded:	safe_goal_point	2			p3o_ewc					1											models/scen1_thresh_L2_seed1/anchor_lo																		run-20260716_084956-safe_goal_point_Level_2_p3o_ewc_seed1_20260716_084954_452728	safe_goal_point	2	p3o_ewc	1	COMPLETED	0	07:23:36	07:23:34	2.38 GB	3348	
scen1_thresh_6158659_1.log	6158662	1	4	scen1_thresh	2026-07-16	legacy_wandb	Checking that the installation succeeded:	safe_goal_point	2			p3o_ewc					1											models/scen1_thresh_L2_seed1/anchor_hi																		run-20260716_095844-safe_goal_point_Level_2_p3o_ewc_seed1_20260716_095843_146537	safe_goal_point	2	p3o_ewc	1	COMPLETED	0	07:23:36	07:23:34	2.38 GB	3393	
scen1_thresh_6158659_1.log	6158662	1	5	scen1_thresh	2026-07-16	legacy_wandb	Checking that the installation succeeded:	safe_goal_point	2			p3o_ewc					1						10000.0	0.5	0.5			models/scen1_thresh_L2_seed1/anchor_lo																		run-20260716_111008-safe_goal_point_Level_2_p3o_ewc_seed1_20260716_111005_683380	safe_goal_point	2	p3o_ewc	1	COMPLETED	0	07:23:36	07:23:34	2.38 GB	3350	
scen1_thresh_6158659_1.log	6158662	1	6	scen1_thresh	2026-07-16	legacy_wandb	Checking that the installation succeeded:	safe_goal_point	2			p3o_ewc					1						10000.0	0.5	0.5			models/scen1_thresh_L2_seed1/anchor_hi																		run-20260716_121753-safe_goal_point_Level_2_p3o_ewc_seed1_20260716_121750_717159	safe_goal_point	2	p3o_ewc	1	COMPLETED	0	07:23:36	07:23:34	2.38 GB	3503	
scen1_thresh_6158659_2.log	6158663	2	1	scen1_thresh	2026-07-16	legacy_wandb	Checking that the installation succeeded:	safe_goal_point	2			p3o_budget					2																													run-20260716_063709-safe_goal_point_Level_2_p3o_budget_seed2_20260716_063707_243986	safe_goal_point	2	p3o_budget	2	COMPLETED	0	08:37:23	08:38:09	2.35 GB	3345	
scen1_thresh_6158659_2.log	6158663	2	2	scen1_thresh	2026-07-16	legacy_wandb	Checking that the installation succeeded:	safe_goal_point	2			p3o_budget					2																													run-20260716_074907-safe_goal_point_Level_2_p3o_budget_seed2_20260716_074903_992372	safe_goal_point	2	p3o_budget	2	COMPLETED	0	08:37:23	08:38:09	2.35 GB	3345	
scen1_thresh_6158659_2.log	6158663	2	3	scen1_thresh	2026-07-16	legacy_wandb	Checking that the installation succeeded:	safe_goal_point	2			p3o_ewc					2											models/scen1_thresh_L2_seed2/anchor_lo																		run-20260716_091121-safe_goal_point_Level_2_p3o_ewc_seed2_20260716_091119_342901	safe_goal_point	2	p3o_ewc	2	COMPLETED	0	08:37:23	08:38:09	2.35 GB	3349	
scen1_thresh_6158659_2.log	6158663	2	4	scen1_thresh	2026-07-16	legacy_wandb	Checking that the installation succeeded:	safe_goal_point	2			p3o_ewc					2											models/scen1_thresh_L2_seed2/anchor_hi																		run-20260716_103007-safe_goal_point_Level_2_p3o_ewc_seed2_20260716_103004_923381	safe_goal_point	2	p3o_ewc	2	COMPLETED	0	08:37:23	08:38:09	2.35 GB	3391	
scen1_thresh_6158659_2.log	6158663	2	5	scen1_thresh	2026-07-16	legacy_wandb	Checking that the installation succeeded:	safe_goal_point	2			p3o_ewc					2						10000.0	0.5	0.5			models/scen1_thresh_L2_seed2/anchor_lo																		run-20260716_115349-safe_goal_point_Level_2_p3o_ewc_seed2_20260716_115346_781951	safe_goal_point	2	p3o_ewc	2	COMPLETED	0	08:37:23	08:38:09	2.35 GB	3350	
scen1_thresh_6158659_2.log	6158663	2	6	scen1_thresh	2026-07-16	legacy_wandb	Checking that the installation succeeded:	safe_goal_point	2			p3o_ewc					2						10000.0	0.5	0.5			models/scen1_thresh_L2_seed2/anchor_hi																		run-20260716_131416-safe_goal_point_Level_2_p3o_ewc_seed2_20260716_131414_686922	safe_goal_point	2	p3o_ewc	2	COMPLETED	0	08:37:23	08:38:09	2.35 GB	3501	
scen1_thresh_6158659_3.log	6158664	3	1	scen1_thresh	2026-07-16	legacy_wandb	Checking that the installation succeeded:	safe_goal_point	2			p3o_budget					3																													run-20260716_063709-safe_goal_point_Level_2_p3o_budget_seed3_20260716_063706_990700	safe_goal_point	2	p3o_budget	3	COMPLETED	0	08:28:33	08:29:16	2.26 GB	3345	
scen1_thresh_6158659_3.log	6158664	3	2	scen1_thresh	2026-07-16	legacy_wandb	Checking that the installation succeeded:	safe_goal_point	2			p3o_budget					3																													run-20260716_074907-safe_goal_point_Level_2_p3o_budget_seed3_20260716_074904_193892	safe_goal_point	2	p3o_budget	3	COMPLETED	0	08:28:33	08:29:16	2.26 GB	3346	
scen1_thresh_6158659_3.log	6158664	3	3	scen1_thresh	2026-07-16	legacy_wandb	Checking that the installation succeeded:	safe_goal_point	2			p3o_ewc					3											models/scen1_thresh_L2_seed3/anchor_lo																		run-20260716_091121-safe_goal_point_Level_2_p3o_ewc_seed3_20260716_091118_680324	safe_goal_point	2	p3o_ewc	3	COMPLETED	0	08:28:33	08:29:16	2.26 GB	3350	
scen1_thresh_6158659_3.log	6158664	3	4	scen1_thresh	2026-07-16	legacy_wandb	Checking that the installation succeeded:	safe_goal_point	2			p3o_ewc					3											models/scen1_thresh_L2_seed3/anchor_hi																		run-20260716_101813-safe_goal_point_Level_2_p3o_ewc_seed3_20260716_101811_354831	safe_goal_point	2	p3o_ewc	3	COMPLETED	0	08:28:33	08:29:16	2.26 GB	3391	
scen1_thresh_6158659_3.log	6158664	3	5	scen1_thresh	2026-07-16	legacy_wandb	Checking that the installation succeeded:	safe_goal_point	2			p3o_ewc					3						10000.0	0.5	0.5			models/scen1_thresh_L2_seed3/anchor_lo																		run-20260716_114236-safe_goal_point_Level_2_p3o_ewc_seed3_20260716_114233_756857	safe_goal_point	2	p3o_ewc	3	COMPLETED	0	08:28:33	08:29:16	2.26 GB	3350	
scen1_thresh_6158659_3.log	6158664	3	6	scen1_thresh	2026-07-16	legacy_wandb	Checking that the installation succeeded:	safe_goal_point	2			p3o_ewc					3						10000.0	0.5	0.5			models/scen1_thresh_L2_seed3/anchor_hi																		run-20260716_130439-safe_goal_point_Level_2_p3o_ewc_seed3_20260716_130436_752405	safe_goal_point	2	p3o_ewc	3	COMPLETED	0	08:28:33	08:29:16	2.26 GB	3502	
scen1_thresh_6158659_4.log	6158659	4	1	scen1_thresh	2026-07-16	legacy_wandb	Checking that the installation succeeded:	safe_goal_point	2			p3o_budget					4																													run-20260716_063708-safe_goal_point_Level_2_p3o_budget_seed4_20260716_063706_696035	safe_goal_point	2	p3o_budget	4	COMPLETED	0	08:46:24	08:47:26	2.25 GB	3345	
scen1_thresh_6158659_4.log	6158659	4	2	scen1_thresh	2026-07-16	legacy_wandb	Checking that the installation succeeded:	safe_goal_point	2			p3o_budget					4																													run-20260716_075156-safe_goal_point_Level_2_p3o_budget_seed4_20260716_075154_005633	safe_goal_point	2	p3o_budget	4	COMPLETED	0	08:46:24	08:47:26	2.25 GB	3345	
scen1_thresh_6158659_4.log	6158659	4	3	scen1_thresh	2026-07-16	legacy_wandb	Checking that the installation succeeded:	safe_goal_point	2			p3o_ewc					4											models/scen1_thresh_L2_seed4/anchor_lo																		run-20260716_091352-safe_goal_point_Level_2_p3o_ewc_seed4_20260716_091349_894063	safe_goal_point	2	p3o_ewc	4	COMPLETED	0	08:46:24	08:47:26	2.25 GB	3349	
scen1_thresh_6158659_4.log	6158659	4	4	scen1_thresh	2026-07-16	legacy_wandb	Checking that the installation succeeded:	safe_goal_point	2			p3o_ewc					4											models/scen1_thresh_L2_seed4/anchor_hi																		run-20260716_103530-safe_goal_point_Level_2_p3o_ewc_seed4_20260716_103528_309853	safe_goal_point	2	p3o_ewc	4	COMPLETED	0	08:46:24	08:47:26	2.25 GB	3391	
scen1_thresh_6158659_4.log	6158659	4	5	scen1_thresh	2026-07-16	legacy_wandb	Checking that the installation succeeded:	safe_goal_point	2			p3o_ewc					4						10000.0	0.5	0.5			models/scen1_thresh_L2_seed4/anchor_lo																		run-20260716_115941-safe_goal_point_Level_2_p3o_ewc_seed4_20260716_115938_208735	safe_goal_point	2	p3o_ewc	4	COMPLETED	0	08:46:24	08:47:26	2.25 GB	3349	
scen1_thresh_6158659_4.log	6158659	4	6	scen1_thresh	2026-07-16	legacy_wandb	Checking that the installation succeeded:	safe_goal_point	2			p3o_ewc					4						10000.0	0.5	0.5			models/scen1_thresh_L2_seed4/anchor_hi																		run-20260716_132155-safe_goal_point_Level_2_p3o_ewc_seed4_20260716_132152_756180	safe_goal_point	2	p3o_ewc	4	COMPLETED	0	08:46:24	08:47:26	2.25 GB	3514	
scen_diff_6158660_0.log	6158665	0	1	scen_diff	2026-07-16	legacy_wandb	Checking that the installation succeeded:	safe_goal_point	1			p3o_budget					0																													run-20260716_063705-safe_goal_point_Level_1_p3o_budget_seed0_20260716_063702_927287	safe_goal_point	1	p3o_budget	0	COMPLETED	0	03:57:45	03:58:19	2.25 GB	3367	
scen_diff_6158660_0.log	6158665	0	2	scen_diff	2026-07-16	legacy_wandb	Checking that the installation succeeded:	safe_goal_point	2			p3o_ewc					0											models/scen_diff_L1toL2_seed0/anchor_L1																		run-20260716_072434-safe_goal_point_Level_2_p3o_ewc_seed0_20260716_072431_423011	safe_goal_point	2	p3o_ewc	0	COMPLETED	0	03:57:45	03:58:19	2.25 GB	3350	
scen_diff_6158660_0.log	6158665	0	3	scen_diff	2026-07-16	legacy_wandb	Checking that the installation succeeded:	safe_goal_point	2			p3o_ewc					0						10000.0	0.5	0.5			models/scen_diff_L1toL2_seed0/anchor_L1																		run-20260716_084607-safe_goal_point_Level_2_p3o_ewc_seed0_20260716_084604_599183	safe_goal_point	2	p3o_ewc	0	COMPLETED	0	03:57:45	03:58:19	2.25 GB	3481	
scen_diff_6158660_1.log	6158666	1	1	scen_diff	2026-07-16	legacy_wandb	Checking that the installation succeeded:	safe_goal_point	1			p3o_budget					1																													run-20260716_063705-safe_goal_point_Level_1_p3o_budget_seed1_20260716_063702_871637	safe_goal_point	1	p3o_budget	1	COMPLETED	0	05:49:35	05:50:18	2.36 GB	3367	
scen_diff_6158660_1.log	6158666	1	2	scen_diff	2026-07-16	legacy_wandb	Checking that the installation succeeded:	safe_goal_point	2			p3o_ewc					1											models/scen_diff_L1toL2_seed1/anchor_L1																		run-20260716_075128-safe_goal_point_Level_2_p3o_ewc_seed1_20260716_075125_946843	safe_goal_point	2	p3o_ewc	1	COMPLETED	0	05:49:35	05:50:18	2.36 GB	3351	
scen_diff_6158660_1.log	6158666	1	3	scen_diff	2026-07-16	legacy_wandb	Checking that the installation succeeded:	safe_goal_point	2			p3o_ewc					1						10000.0	0.5	0.5			models/scen_diff_L1toL2_seed1/anchor_L1																		run-20260716_095601-safe_goal_point_Level_2_p3o_ewc_seed1_20260716_095558_872699	safe_goal_point	2	p3o_ewc	1	COMPLETED	0	05:49:35	05:50:18	2.36 GB	3481	
scen_diff_6158660_2.log	6158667	2	1	scen_diff	2026-07-16	legacy_wandb	Checking that the installation succeeded:	safe_goal_point	1			p3o_budget					2																													run-20260716_063705-safe_goal_point_Level_1_p3o_budget_seed2_20260716_063703_858509	safe_goal_point	1	p3o_budget	2	COMPLETED	0	04:54:34	04:55:27	2.26 GB	3367	
scen_diff_6158660_2.log	6158667	2	2	scen_diff	2026-07-16	legacy_wandb	Checking that the installation succeeded:	safe_goal_point	2			p3o_ewc					2											models/scen_diff_L1toL2_seed2/anchor_L1																		run-20260716_073235-safe_goal_point_Level_2_p3o_ewc_seed2_20260716_073233_799438	safe_goal_point	2	p3o_ewc	2	COMPLETED	0	04:54:34	04:55:27	2.26 GB	3350	
scen_diff_6158660_2.log	6158667	2	3	scen_diff	2026-07-16	legacy_wandb	Checking that the installation succeeded:	safe_goal_point	2			p3o_ewc					2						10000.0	0.5	0.5			models/scen_diff_L1toL2_seed2/anchor_L1																		run-20260716_091915-safe_goal_point_Level_2_p3o_ewc_seed2_20260716_091913_581865	safe_goal_point	2	p3o_ewc	2	COMPLETED	0	04:54:34	04:55:27	2.26 GB	3480	
scen_diff_6158660_3.log	6159610	3	1	scen_diff	2026-07-16	legacy_wandb	Checking that the installation succeeded:	safe_goal_point	1			p3o_budget					3																													run-20260716_122646-safe_goal_point_Level_1_p3o_budget_seed3_20260716_122643_722077	safe_goal_point	1	p3o_budget	3	COMPLETED	0	05:53:04	05:53:30	2.38 GB	3367	
scen_diff_6158660_3.log	6159610	3	2	scen_diff	2026-07-16	legacy_wandb	Checking that the installation succeeded:	safe_goal_point	2			p3o_ewc					3											models/scen_diff_L1toL2_seed3/anchor_L1																		run-20260716_134525-safe_goal_point_Level_2_p3o_ewc_seed3_20260716_134522_550274	safe_goal_point	2	p3o_ewc	3	COMPLETED	0	05:53:04	05:53:30	2.38 GB	3351	
scen_diff_6158660_3.log	6159610	3	3	scen_diff	2026-07-16	legacy_wandb	Checking that the installation succeeded:	safe_goal_point	2			p3o_ewc					3						10000.0	0.5	0.5			models/scen_diff_L1toL2_seed3/anchor_L1																		run-20260716_154605-safe_goal_point_Level_2_p3o_ewc_seed3_20260716_154602_727902	safe_goal_point	2	p3o_ewc	3	COMPLETED	0	05:53:04	05:53:30	2.38 GB	3480	
scen_diff_6158660_4.log	6158660	4	1	scen_diff	2026-07-16	legacy_wandb	Checking that the installation succeeded:	safe_goal_point	1			p3o_budget					4																													run-20260716_131017-safe_goal_point_Level_1_p3o_budget_seed4_20260716_131015_343948	safe_goal_point	1	p3o_budget	4	COMPLETED	0	04:43:22	04:43:42	2.25 GB	3367	
scen_diff_6158660_4.log	6158660	4	2	scen_diff	2026-07-16	legacy_wandb	Checking that the installation succeeded:	safe_goal_point	2			p3o_ewc					4											models/scen_diff_L1toL2_seed4/anchor_L1																		run-20260716_140220-safe_goal_point_Level_2_p3o_ewc_seed4_20260716_140217_912625	safe_goal_point	2	p3o_ewc	4	COMPLETED	0	04:43:22	04:43:42	2.25 GB	3351	
scen_diff_6158660_4.log	6158660	4	3	scen_diff	2026-07-16	legacy_wandb	Checking that the installation succeeded:	safe_goal_point	2			p3o_ewc					4						10000.0	0.5	0.5			models/scen_diff_L1toL2_seed4/anchor_L1																		run-20260716_154506-safe_goal_point_Level_2_p3o_ewc_seed4_20260716_154503_810433	safe_goal_point	2	p3o_ewc	4	COMPLETED	0	04:43:22	04:43:42	2.25 GB	3493	
logs_scen1/eval_6266313_1.log	6266534	1	1	logs_scen1/eval	2026-08-03	legacy_nomark	### EVAL diag_safe_push_point_L1_p3o_budget_nosink_by_const_d5_s801																																												COMPLETED	0	00:03:07	00:02:56	1.82 GB	55	
logs_scen1/eval_6266313_10.log	6266565	10	1	logs_scen1/eval	2026-08-03	legacy_nomark	### EVAL diag_safe_push_point_L1_p3o_budget_nosink_d25_s903																																												COMPLETED	0	00:03:03	00:02:55	1.82 GB	55	
logs_scen1/eval_6266313_11.log	6266569	11	1	logs_scen1/eval	2026-08-03	legacy_nomark	### EVAL cl_safe_push_point_L1_by_const_d5to25_dual_s801																																												COMPLETED	0	00:03:07	00:02:57	1.82 GB	55	
logs_scen1/eval_6266313_12.log	6266570	12	1	logs_scen1/eval	2026-08-03	legacy_nomark	### EVAL cl_safe_push_point_L1_by_const_d5to25_dual_s802																																												COMPLETED	0	00:03:02	00:02:54	1.82 GB	55	
logs_scen1/eval_6266313_13.log	6266572	13	1	logs_scen1/eval	2026-08-03	legacy_nomark	### EVAL cl_safe_push_point_L1_by_const_d5to25_dual_s901																																												COMPLETED	0	00:03:08	00:02:57	1.82 GB	55	
logs_scen1/eval_6266313_14.log	6266573	14	1	logs_scen1/eval	2026-08-03	legacy_nomark	### EVAL cl_safe_push_point_L1_by_const_d5to25_dual_s902																																												COMPLETED	0	00:03:02	00:02:55	1.82 GB	55	
logs_scen1/eval_6266313_15.log	6266578	15	1	logs_scen1/eval	2026-08-03	legacy_nomark	### EVAL cl_safe_push_point_L1_by_const_d5to25_dual_s903																																												COMPLETED	0	00:03:06	00:02:56	1.82 GB	55	
logs_scen1/eval_6266313_16.log	6266579	16	1	logs_scen1/eval	2026-08-03	legacy_nomark	### EVAL cl_safe_push_point_L1_by_const_d5to25_naive_s801																																												COMPLETED	0	00:03:02	00:02:55	1.82 GB	55	
logs_scen1/eval_6266313_17.log	6266584	17	1	logs_scen1/eval	2026-08-03	legacy_nomark	### EVAL cl_safe_push_point_L1_by_const_d5to25_naive_s802																																												COMPLETED	0	00:03:07	00:02:57	1.82 GB	55	
logs_scen1/eval_6266313_18.log	6266587	18	1	logs_scen1/eval	2026-08-03	legacy_nomark	### EVAL cl_safe_push_point_L1_by_const_d5to25_naive_s901																																												COMPLETED	0	00:03:02	00:02:55	1.82 GB	55	
logs_scen1/eval_6266313_19.log	6266593	19	1	logs_scen1/eval	2026-08-03	legacy_nomark	### EVAL cl_safe_push_point_L1_by_const_d5to25_naive_s902																																												COMPLETED	0	00:03:07	00:02:58	1.82 GB	55	
logs_scen1/eval_6266313_2.log	6266537	2	1	logs_scen1/eval	2026-08-03	legacy_nomark	### EVAL diag_safe_push_point_L1_p3o_budget_nosink_by_const_d5_s802																																												COMPLETED	0	00:03:07	00:02:57	1.82 GB	55	
logs_scen1/eval_6266313_20.log	6266313	20	1	logs_scen1/eval	2026-08-03	legacy_nomark	### EVAL cl_safe_push_point_L1_by_const_d5to25_naive_s903																																												COMPLETED	0	00:03:03	00:02:55	1.82 GB	112	
logs_scen1/eval_6266313_3.log	6266543	3	1	logs_scen1/eval	2026-08-03	legacy_nomark	### EVAL diag_safe_push_point_L1_p3o_budget_nosink_by_const_d5_s901																																												COMPLETED	0	00:03:06	00:02:58	1.82 GB	55	
logs_scen1/eval_6266313_4.log	6266544	4	1	logs_scen1/eval	2026-08-03	legacy_nomark	### EVAL diag_safe_push_point_L1_p3o_budget_nosink_by_const_d5_s902																																												COMPLETED	0	00:03:04	00:02:55	1.82 GB	55	
logs_scen1/eval_6266313_5.log	6266550	5	1	logs_scen1/eval	2026-08-03	legacy_nomark	### EVAL diag_safe_push_point_L1_p3o_budget_nosink_by_const_d5_s903																																												COMPLETED	0	00:03:05	00:02:56	1.82 GB	55	
logs_scen1/eval_6266313_6.log	6266553	6	1	logs_scen1/eval	2026-08-03	legacy_nomark	### EVAL diag_safe_push_point_L1_p3o_budget_nosink_d25_s801																																												COMPLETED	0	00:03:02	00:02:55	1.82 GB	55	
logs_scen1/eval_6266313_7.log	6266561	7	1	logs_scen1/eval	2026-08-03	legacy_nomark	### EVAL diag_safe_push_point_L1_p3o_budget_nosink_d25_s802																																												COMPLETED	0	00:03:07	00:02:57	1.82 GB	55	
logs_scen1/eval_6266313_8.log	6266562	8	1	logs_scen1/eval	2026-08-03	legacy_nomark	### EVAL diag_safe_push_point_L1_p3o_budget_nosink_d25_s901																																												COMPLETED	0	00:03:03	00:02:55	1.82 GB	55	
logs_scen1/eval_6266313_9.log	6266564	9	1	logs_scen1/eval	2026-08-03	legacy_nomark	### EVAL diag_safe_push_point_L1_p3o_budget_nosink_d25_s902																																												COMPLETED	0	00:03:06	00:02:56	1.82 GB	55	
logs_scen1/eval_diag_6235276.log	6235276		1	logs_scen1/eval_diag	2026-07-28	legacy_nomark	################ PART A: on-threshold eval (Push nosink) ################																																												COMPLETED	0	00:04:40	00:04:33	1.77 GB	109	
logs_scen1/eval_diag_6237803.log	6237803		1	logs_scen1/eval_diag	2026-07-29	legacy_nomark	################ PART A: on-threshold eval (Push nosink) ################																																												COMPLETED	0	00:04:41	00:04:31	1.77 GB	109	
old_logs/diag_6233238_4294967294.log	6233238	4294967294	1	old_logs/diag	2026-07-28	diag		safe_push_point	1			p3o_budget	sink		25		0																		models/smoke_push/anchor	0.01	36.43	141.01	OVER-BOUND (cost 36.4 > 1.2*d=30.0) ; UNSTABLE (cost_std 141.0 > cost 36.4)							run-20260728_020642-safe_push_point_Level_1_p3o_budget_seed0_20260728_020638_176083	safe_push_point	1	p3o_budget	0	COMPLETED	0	00:09:19	00:08:49	2.45 GB	290	
old_logs/diag_6233263_4294967294.log	6233263	4294967294	1	old_logs/diag	2026-07-28	diag		safe_push_point	1			p3o_budget	sink		25		0																		models/smoke_push2/anchor	0.02	28.04	241.07	UNSTABLE (cost_std 241.1 > cost 28.0)							run-20260728_022351-safe_push_point_Level_1_p3o_budget_seed0_20260728_022348_610307	safe_push_point	1	p3o_budget	0	COMPLETED	0	00:09:32	00:09:22	2.36 GB	290	
old_logs/diag_6233278_4294967294.log	6233278	4294967294	1	old_logs/diag	2026-07-28	diag		safe_push_point	1			p3o_budget	sink		10		0																		models/diag_safe_push_point_L1_sink_d10_s0/anchor	27.19	40.58	56.77	OVER-BOUND (cost 40.6 > 1.2*d=12.0) ; UNSTABLE (cost_std 56.8 > cost 40.6)							run-20260728_023651-safe_push_point_Level_1_p3o_budget_seed0_20260728_023649_115901	safe_push_point	1	p3o_budget	0	COMPLETED	0	03:22:20	03:21:50	2.35 GB	6020	
old_logs/diag_6233279_4294967294.log	6233279	4294967294	1	old_logs/diag	2026-07-28	diag		safe_push_point	1			p3o_budget	sink		15		0																		models/diag_safe_push_point_L1_sink_d15_s0/anchor	26.06	57.52	131.15	OVER-BOUND (cost 57.5 > 1.2*d=18.0) ; UNSTABLE (cost_std 131.2 > cost 57.5)							run-20260728_023652-safe_push_point_Level_1_p3o_budget_seed0_20260728_023649_632257	safe_push_point	1	p3o_budget	0	COMPLETED	0	03:22:13	03:21:49	2.37 GB	6020	
old_logs/diag_6233280_4294967294.log	6233280	4294967294	1	old_logs/diag	2026-07-28	diag		safe_push_point	1			p3o_budget	sink		25		0																		models/diag_safe_push_point_L1_sink_d25_s0/anchor	39.93	62.79	24.34	OVER-BOUND (cost 62.8 > 1.2*d=30.0)							run-20260728_023718-safe_push_point_Level_1_p3o_budget_seed0_20260728_023710_989757	safe_push_point	1	p3o_budget	0	COMPLETED	0	04:18:31	04:17:55	2.23 GB	6019	
old_logs/diag_6233281_4294967294.log	6233281	4294967294	1	old_logs/diag	2026-07-28	diag		safe_push_point	1			p3o_budget	nosink		10		0																		models/diag_safe_push_point_L1_nosink_d10_s0/anchor	64.46	8.36	7.75	OK (on-bound, variance sane)							run-20260728_023718-safe_push_point_Level_1_p3o_budget_seed0_20260728_023710_794844	safe_push_point	1	p3o_budget	0	COMPLETED	0	04:19:12	04:18:35	2.24 GB	6020	
old_logs/diag_6233282_4294967294.log	6233282	4294967294	1	old_logs/diag	2026-07-28	diag		safe_push_point	1			p3o_budget	nosink		15		0																		models/diag_safe_push_point_L1_nosink_d15_s0/anchor	38.41	68.22	67.38	OVER-BOUND (cost 68.2 > 1.2*d=18.0)							run-20260728_023718-safe_push_point_Level_1_p3o_budget_seed0_20260728_023710_790903	safe_push_point	1	p3o_budget	0	COMPLETED	0	04:18:20	04:17:45	2.25 GB	6021	
old_logs/diag_6233283_4294967294.log	6233283	4294967294	1	old_logs/diag	2026-07-28	diag		safe_push_point	1			p3o_budget	nosink		25		0																		models/diag_safe_push_point_L1_nosink_d25_s0/anchor	36.11	26.95	28.02	UNSTABLE (cost_std 28.0 > cost 26.9)							run-20260728_023718-safe_push_point_Level_1_p3o_budget_seed0_20260728_023710_516378	safe_push_point	1	p3o_budget	0	COMPLETED	0	04:17:47	04:17:12	2.23 GB	6021	
old_logs/diag_6233284_4294967294.log	6233284	4294967294	1	old_logs/diag	2026-07-28	diag		safe_goal_point	2			p3o_budget	nosink		10		0																		models/diag_safe_goal_point_L2_nosink_d10_s0/anchor	26.09	12.34	8.01	OVER-BOUND (cost 12.3 > 1.2*d=12.0)							run-20260728_023718-safe_goal_point_Level_2_p3o_budget_seed0_20260728_023710_509898	safe_goal_point	2	p3o_budget	0	COMPLETED	0	04:10:52	04:10:15	2.23 GB	6509	
old_logs/diag_6233285_4294967294.log	6233285	4294967294	1	old_logs/diag	2026-07-28	diag		safe_goal_point	2			p3o_budget	nosink		25		0																		models/diag_safe_goal_point_L2_nosink_d25_s0/anchor	27.14	25.65	19.67	OK (on-bound, variance sane)							run-20260728_023719-safe_goal_point_Level_2_p3o_budget_seed0_20260728_023710_349229	safe_goal_point	2	p3o_budget	0	COMPLETED	0	03:39:25	03:38:43	2.23 GB	6510	
old_logs/diag_6235346_4294967294.log	6235346	4294967294	1	old_logs/diag	2026-07-28	diag	# DIAG  env=safe_push_point  L1  alg=p3o_budget  substrate=nosink  d=15  seed=99  steps=2e6	safe_push_point	1			p3o_budget	nosink		15		99	2e6																	models/smoke_iso/anchor	0.02	30.36	215.32	OVER-BOUND (cost 30.4 > 1.2*d=18.0) ; UNSTABLE (cost_std 215.3 > cost 30.4)							run-20260728_144235-safe_push_point_Level_1_p3o_budget_seed99_20260728_144232_932570	safe_push_point	1	p3o_budget	99	COMPLETED	0	00:09:27	00:09:19	2.36 GB	292	
old_logs/diag_6235378_4294967294.log	6235378	4294967294	1	old_logs/diag	2026-07-28	diag	# DIAG  env=safe_push_point  L1  alg=p3o_budget  substrate=nosink  d=15  seed=7  steps=500e6	safe_push_point	1			p3o_budget	nosink		15		7	500e6																	models/diag_safe_push_point_L1_p3o_budget_nosink_d15_s7/anchor	37.55	14.43	14.73	UNSTABLE (cost_std 14.7 > cost 14.4)							run-20260728_145842-safe_push_point_Level_1_p3o_budget_seed7_20260728_145840_244735	safe_push_point	1	p3o_budget	7	COMPLETED	0	03:22:23	03:21:57	2.37 GB	6023	
old_logs/diag_6235413_4294967294.log	6235413	4294967294	1	old_logs/diag	2026-07-28	diag	# DIAG  env=safe_goal_point  L2  alg=p3o  substrate=nosink  d=25  seed=0  steps=500e6	safe_goal_point	2			p3o	nosink		25		0	500e6																	models/h1_native_goal_l2/anchor				could not parse eval row -- check log							run-20260728_151326-safe_goal_point_Level_2_p3o_seed0_20260728_151324_452456	safe_goal_point	2	p3o	0	COMPLETED	0	02:16:47	02:16:09	2.34 GB	6564	
old_logs/diag_6235415_4294967294.log	6235415	4294967294	1	old_logs/diag	2026-07-28	diag	# DIAG  env=safe_push_point  L1  alg=p3o_budget  substrate=sink  d=10  seed=10  steps=500e6	safe_push_point	1			p3o_budget	sink		10		10	500e6																	models/diag_safe_push_point_L1_p3o_budget_sink_d10_s10/anchor	6.05	61.38	276.75	OVER-BOUND (cost 61.4 > 1.2*d=12.0) ; UNSTABLE (cost_std 276.8 > cost 61.4)							run-20260728_152333-safe_push_point_Level_1_p3o_budget_seed10_20260728_152330_949316	safe_push_point	1	p3o_budget	10	COMPLETED	0	04:20:01	04:19:07	2.25 GB	6023	
old_logs/diag_6235416_4294967294.log	6235416	4294967294	1	old_logs/diag	2026-07-28	diag	# DIAG  env=safe_push_point  L1  alg=p3o_budget  substrate=sink  d=15  seed=15  steps=500e6	safe_push_point	1			p3o_budget	sink		15		15	500e6																	models/diag_safe_push_point_L1_p3o_budget_sink_d15_s15/anchor	19.32	89.93	88.59	OVER-BOUND (cost 89.9 > 1.2*d=18.0)							run-20260728_152333-safe_push_point_Level_1_p3o_budget_seed15_20260728_152330_431100	safe_push_point	1	p3o_budget	15	COMPLETED	0	04:19:58	04:18:01	2.23 GB	6022	
old_logs/diag_6235417_4294967294.log	6235417	4294967294	1	old_logs/diag	2026-07-28	diag	# DIAG  env=safe_push_point  L1  alg=p3o_budget  substrate=sink  d=25  seed=25  steps=500e6	safe_push_point	1			p3o_budget	sink		25		25	500e6																	models/diag_safe_push_point_L1_p3o_budget_sink_d25_s25/anchor	46.03	60.16	24.35	OVER-BOUND (cost 60.2 > 1.2*d=30.0)							run-20260728_152333-safe_push_point_Level_1_p3o_budget_seed25_20260728_152330_945401	safe_push_point	1	p3o_budget	25	COMPLETED	0	06:39:20	06:38:14	2.25 GB	6021	
old_logs/diag_6237869_4294967294.log	6237869	4294967294	1	old_logs/diag	2026-07-29	diag	# DIAG  env=safe_goal_point  L2  alg=p3o_budget  substrate=nosink  d=15  seed=98  steps=2e6	safe_goal_point	2			p3o_budget	nosink		15		98	2e6																	models/smoke_norm/anchor	17.66	109.60	55.49	OVER-BOUND (cost 109.6 > 1.2*d=18.0)							run-20260729_042308-safe_goal_point_Level_2_p3o_budget_seed98_20260729_042305_652232	safe_goal_point	2	p3o_budget	98	COMPLETED	0	00:09:34	00:09:21	2.35 GB	296	
bad_logs/phase2_6271002.log	6271002		1	bad_logs/phase2	2026-08-04	phase2	### PHASE2 safe_push_point L1 norm=by_const d5->d25 vanilla s801	safe_push_point	1			p3o_ewc		by_const	25	5	801					vanilla	10000.0	1.0	0.0			models/diag_safe_push_point_L1_p3o_budget_nosink_by_const_d5_s801/anchor	safe_push_point	1	by_const		5	801												run-20260804_175528-safe_push_point_Level_1_p3o_ewc_seed801_20260804_175526_380167	safe_push_point	1	p3o_ewc	801	CANCELLED	0	00:03:23	00:02:57	2.37 GB	91	
bad_logs/phase2_6271003.log	6271003		1	bad_logs/phase2	2026-08-04	phase2	### PHASE2 safe_push_point L1 norm=by_const d5->d25 vanilla s802	safe_push_point	1			p3o_ewc		by_const	25	5	802					vanilla	10000.0	1.0	0.0			models/diag_safe_push_point_L1_p3o_budget_nosink_by_const_d5_s802/anchor	safe_push_point	1	by_const		5	802												run-20260804_175528-safe_push_point_Level_1_p3o_ewc_seed802_20260804_175525_728003	safe_push_point	1	p3o_ewc	802	CANCELLED	0	00:03:23	00:02:57	2.37 GB	91	
bad_logs/phase2_6271004.log	6271004		1	bad_logs/phase2	2026-08-04	phase2	### PHASE2 safe_push_point L1 norm=by_const d5->d25 vanilla s901	safe_push_point	1			p3o_ewc		by_const	25	5	901					vanilla	10000.0	1.0	0.0			models/diag_safe_push_point_L1_p3o_budget_nosink_by_const_d5_s901/anchor	safe_push_point	1	by_const		5	901												run-20260804_175533-safe_push_point_Level_1_p3o_ewc_seed901_20260804_175529_249702	safe_push_point	1	p3o_ewc	901	CANCELLED	0	00:03:23	00:02:53	2.27 GB	91	
bad_logs/phase2_6271005.log	6271005		1	bad_logs/phase2	2026-08-04	phase2	### PHASE2 safe_push_point L1 norm=by_const d5->d25 vanilla s902	safe_push_point	1			p3o_ewc		by_const	25	5	902					vanilla	10000.0	1.0	0.0			models/diag_safe_push_point_L1_p3o_budget_nosink_by_const_d5_s902/anchor	safe_push_point	1	by_const		5	902												run-20260804_175533-safe_push_point_Level_1_p3o_ewc_seed902_20260804_175529_091826	safe_push_point	1	p3o_ewc	902	CANCELLED	0	00:03:21	00:02:53	2.26 GB	91	
bad_logs/phase2_6271006.log	6271006		1	bad_logs/phase2	2026-08-04	phase2	### PHASE2 safe_push_point L1 norm=by_const d5->d25 vanilla s903	safe_push_point	1			p3o_ewc		by_const	25	5	903					vanilla	10000.0	1.0	0.0			models/diag_safe_push_point_L1_p3o_budget_nosink_by_const_d5_s903/anchor	safe_push_point	1	by_const		5	903												run-20260804_175533-safe_push_point_Level_1_p3o_ewc_seed903_20260804_175529_160307	safe_push_point	1	p3o_ewc	903	CANCELLED	0	00:03:21	00:02:53	2.26 GB	91	
bad_logs/phase2_6271007.log	6271007		1	bad_logs/phase2	2026-08-04	phase2	### PHASE2 safe_push_point L1 norm=by_const d5->d25 coursey s901	safe_push_point	1			p3o_ewc		by_const	25	5	901					coursey	10000.0	1.0	0.0			models/diag_safe_push_point_L1_p3o_budget_nosink_by_const_d5_s901/anchor	safe_push_point	1	by_const		5	901												run-20260804_175532-safe_push_point_Level_1_p3o_ewc_seed901_20260804_175528_953101	safe_push_point	1	p3o_ewc	901	CANCELLED	0	00:03:19	00:02:53	2.26 GB	91	
bad_logs/phase2_6271008.log	6271008		1	bad_logs/phase2	2026-08-04	phase2	### PHASE2 safe_push_point L1 norm=by_const d5->d25 coursey s903	safe_push_point	1			p3o_ewc		by_const	25	5	903					coursey	10000.0	1.0	0.0			models/diag_safe_push_point_L1_p3o_budget_nosink_by_const_d5_s903/anchor	safe_push_point	1	by_const		5	903												run-20260804_175533-safe_push_point_Level_1_p3o_ewc_seed903_20260804_175529_115132	safe_push_point	1	p3o_ewc	903	CANCELLED	0	00:03:19	00:02:53	2.26 GB	91	
smoke_logs/phase2_6298774.log	6298774		1	smoke_logs/phase2	2026-08-13	phase2	### PHASE2 safe_push_point L14 norm=by_const d5->d25 dual s901 lr=1e-3 ent=1e-2	safe_push_point	14			p3o_ewc		by_const	25	5	901		1e-3	1e-2	lr1e3ent	dual	10000.0	0.5	0.5	F_reward	F_cost	models/diag_safe_push_point_L14_p3o_budget_nosink_by_const_lr1e3ent_d5_s901/anchor	safe_push_point	14	by_const	lr1e3ent	5	901	models/cl_safe_push_point_L14_by_const_d5to25_dual_s901/final					28.18	4.11	3.51	25.05	47.13	22.78	run-20260813_130542-safe_push_point_Level_14_p3o_ewc_seed901_20260813_130539_892873	safe_push_point	14	p3o_ewc	901	COMPLETED	0	00:09:31	00:09:04	2.44 GB	292	
smoke_logs/phase2_6310184.log	6310184		1	smoke_logs/phase2	2026-08-17	phase2	### PHASE2 safe_push_point L14 norm=by_const d5->d25 l2 s901 lr=1e-3 ent=1e-2	safe_push_point	14	safe_push_point	14	p3o_ewc		by_const	25	5	901		1e-3	1e-2	lr1e3ent	l2	0.1	1.0	0.0	ONES	F_cost	models/diag_safe_push_point_L14_p3o_budget_nosink_by_const_lr1e3ent_d5_s901/anchor	safe_push_point	14	by_const	lr1e3ent	5	901	models/cl_safe_push_pointL14tosafe_push_pointL14_by_const_d5to25_l2_s901/final					31.05	5.83	4.13	34.19	26.32	7.46	run-20260817_125338-safe_push_point_Level_14_p3o_ewc_seed901_20260817_125334_623438	safe_push_point	14	p3o_ewc	901	COMPLETED	0	00:09:58	00:09:28	2.36 GB	293	
phase2_6335311.log	6335311		1	phase2	2026-08-20	phase2	### PHASE2 safe_push_point L11 norm=by_const d25->d25 naive s901 lr=1e-3 ent=1e-2	safe_push_point	11	safe_push_point	8	p3o_ewc		by_const	25	25	901		1e-3	1e-2		naive	0					models/diag_safe_push_point_L8_p3o_budget_nosink_by_const_lr1e3ent_d25_s901/anchor	safe_push_point	8	by_const		25	901	models/cl_safe_push_pointL8tosafe_push_pointL11_by_const_d25to25_naive_s901/final					53.87	10.57	7.75	56.49	22.66	8.40						COMPLETED	0:0	02:54:54	02:54:06	2.63 GB	6046	
phase2_6335312.log	6335312		1	phase2	2026-08-20	phase2	### PHASE2 safe_push_point L11 norm=by_const d25->d25 vanilla s901 lr=1e-3 ent=1e-2	safe_push_point	11	safe_push_point	8	p3o_ewc		by_const	25	25	901		1e-3	1e-2		vanilla	0.1	1.0	0.0	F_vanilla	F_cost	models/diag_safe_push_point_L8_p3o_budget_nosink_by_const_lr1e3ent_d25_s901/anchor	safe_push_point	8	by_const		25	901	models/cl_safe_push_pointL8tosafe_push_pointL11_by_const_d25to25_vanilla_s901/final				TAG_COLLISION_SUSPECT	28.34	7.95	5.20	29.00	25.50	10.55						COMPLETED	0:0	02:56:15	02:55:36	2.64 GB	6045	
phase2_6335313.log	6335313		1	phase2	2026-08-20	phase2	### PHASE2 safe_push_point L11 norm=by_const d25->d25 vanilla s901 lr=1e-3 ent=1e-2	safe_push_point	11	safe_push_point	8	p3o_ewc		by_const	25	25	901		1e-3	1e-2		vanilla	1	1.0	0.0	F_vanilla	F_cost	models/diag_safe_push_point_L8_p3o_budget_nosink_by_const_lr1e3ent_d25_s901/anchor	safe_push_point	8	by_const		25	901	models/cl_safe_push_pointL8tosafe_push_pointL11_by_const_d25to25_vanilla_s901/final				TAG_COLLISION_SUSPECT	28.34	7.95	5.20	29.00	25.50	10.55						COMPLETED	0:0	02:54:34	02:54:06	2.65 GB	6045	
phase2_6335314.log	6335314		1	phase2	2026-08-20	phase2	### PHASE2 safe_push_point L11 norm=by_const d25->d25 vanilla s901 lr=1e-3 ent=1e-2	safe_push_point	11	safe_push_point	8	p3o_ewc		by_const	25	25	901		1e-3	1e-2		vanilla	10	1.0	0.0	F_vanilla	F_cost	models/diag_safe_push_point_L8_p3o_budget_nosink_by_const_lr1e3ent_d25_s901/anchor	safe_push_point	8	by_const		25	901	models/cl_safe_push_pointL8tosafe_push_pointL11_by_const_d25to25_vanilla_s901/final				TAG_COLLISION_SUSPECT	28.24	16.89	24.17	26.72	34.32	19.94						COMPLETED	0:0	02:57:49	02:56:34	2.65 GB	6045	
phase2_6335315.log	6335315		1	phase2	2026-08-20	phase2	### PHASE2 safe_push_point L11 norm=by_const d25->d25 vanilla s901 lr=1e-3 ent=1e-2	safe_push_point	11	safe_push_point	8	p3o_ewc		by_const	25	25	901		1e-3	1e-2		vanilla	100	1.0	0.0	F_vanilla	F_cost	models/diag_safe_push_point_L8_p3o_budget_nosink_by_const_lr1e3ent_d25_s901/anchor	safe_push_point	8	by_const		25	901	models/cl_safe_push_pointL8tosafe_push_pointL11_by_const_d25to25_vanilla_s901/final					54.76	22.77	8.81	55.26	61.77	14.79						COMPLETED	0:0	02:54:29	02:53:42	2.64 GB	6046	
phase2_6335316.log	6335316		1	phase2	2026-08-20	phase2	### PHASE2 safe_push_point L8 norm=by_const d25->d25 naive s901 lr=1e-3 ent=1e-2	safe_push_point	8	safe_push_point	14	p3o_ewc		by_const	25	25	901		1e-3	1e-2		naive	0					models/diag_safe_push_point_L14_p3o_budget_nosink_by_const_lr1e3ent_d25_s901/anchor	safe_push_point	14	by_const		25	901	models/cl_safe_push_pointL14tosafe_push_pointL8_by_const_d25to25_naive_s901/final					59.36	37.13	11.56	61.10	24.63	9.20						COMPLETED	0:0	03:03:23	03:02:43	2.79 GB	6045	
phase2_6335317.log	6335317		1	phase2	2026-08-20	phase2	### PHASE2 safe_push_point L8 norm=by_const d25->d25 vanilla s901 lr=1e-3 ent=1e-2	safe_push_point	8	safe_push_point	14	p3o_ewc		by_const	25	25	901		1e-3	1e-2		vanilla	0.01	1.0	0.0	F_vanilla	F_cost	models/diag_safe_push_point_L14_p3o_budget_nosink_by_const_lr1e3ent_d25_s901/anchor	safe_push_point	14	by_const		25	901	models/cl_safe_push_pointL14tosafe_push_pointL8_by_const_d25to25_vanilla_s901/final				TAG_COLLISION_SUSPECT												COMPLETED	0:0	03:00:00	02:59:17	2721.50M	6027	
phase2_6335318.log	6335318		1	phase2	2026-08-20	phase2	### PHASE2 safe_push_point L8 norm=by_const d25->d25 vanilla s901 lr=1e-3 ent=1e-2	safe_push_point	8	safe_push_point	14	p3o_ewc		by_const	25	25	901		1e-3	1e-2		vanilla	0.1	1.0	0.0	F_vanilla	F_cost	models/diag_safe_push_point_L14_p3o_budget_nosink_by_const_lr1e3ent_d25_s901/anchor	safe_push_point	14	by_const		25	901	models/cl_safe_push_pointL14tosafe_push_pointL8_by_const_d25to25_vanilla_s901/final				TAG_COLLISION_SUSPECT												COMPLETED	0:0	02:59:05	02:57:53	2.78 GB	6026	
phase2_6335319.log	6335319		1	phase2	2026-08-20	phase2	### PHASE2 safe_push_point L8 norm=by_const d25->d25 vanilla s901 lr=1e-3 ent=1e-2	safe_push_point	8	safe_push_point	14	p3o_ewc		by_const	25	25	901		1e-3	1e-2		vanilla	1	1.0	0.0	F_vanilla	F_cost	models/diag_safe_push_point_L14_p3o_budget_nosink_by_const_lr1e3ent_d25_s901/anchor	safe_push_point	14	by_const		25	901	models/cl_safe_push_pointL14tosafe_push_pointL8_by_const_d25to25_vanilla_s901/final					50.94	24.98	10.08	52.40	16.81	7.88						COMPLETED	0:0	03:06:38	03:05:44	2.65 GB	6046	
phase2_6335320.log	6335320		1	phase2	2026-08-21	phase2	### PHASE2 safe_push_point L8 norm=by_const d25->d25 vanilla s901 lr=1e-3 ent=1e-2	safe_push_point	8	safe_push_point	14	p3o_ewc		by_const	25	25	901		1e-3	1e-2		vanilla	10	1.0	0.0	F_vanilla	F_cost	models/diag_safe_push_point_L14_p3o_budget_nosink_by_const_lr1e3ent_d25_s901/anchor	safe_push_point	14	by_const		25	901	models/cl_safe_push_pointL14tosafe_push_pointL8_by_const_d25to25_vanilla_s901/final					49.25	20.68	8.97	50.79	12.41	6.81						COMPLETED	0:0	03:04:41	03:03:50	2.65 GB	6048	
phase2_6335321.log	6335321		1	phase2	2026-08-21	phase2	### PHASE2 safe_push_point L14 norm=by_const d25->d25 naive s901 lr=1e-3 ent=1e-2	safe_push_point	14	safe_push_point	11	p3o_ewc		by_const	25	25	901		1e-3	1e-2		naive	0					models/diag_safe_push_point_L11_p3o_budget_nosink_by_const_lr1e3ent_d25_s901/anchor	safe_push_point	11	by_const		25	901	models/cl_safe_push_pointL11tosafe_push_pointL14_by_const_d25to25_naive_s901/final					56.58	47.70	11.84	54.52	23.04	9.88						COMPLETED	0:0	03:10:02	03:09:26	2.63 GB	6046	
phase2_6335322.log	6335322		1	phase2	2026-08-21	phase2	### PHASE2 safe_push_point L14 norm=by_const d25->d25 vanilla s901 lr=1e-3 ent=1e-2	safe_push_point	14	safe_push_point	11	p3o_ewc		by_const	25	25	901		1e-3	1e-2		vanilla	0.001	1.0	0.0	F_vanilla	F_cost	models/diag_safe_push_point_L11_p3o_budget_nosink_by_const_lr1e3ent_d25_s901/anchor	safe_push_point	11	by_const		25	901	models/cl_safe_push_pointL11tosafe_push_pointL14_by_const_d25to25_vanilla_s901/final					54.72	49.79	11.66	54.55	27.14	9.49						COMPLETED	0:0	03:10:32	03:10:08	2.65 GB	6046	
phase2_6335323.log	6335323		1	phase2	2026-08-21	phase2	### PHASE2 safe_push_point L14 norm=by_const d25->d25 vanilla s901 lr=1e-3 ent=1e-2	safe_push_point	14	safe_push_point	11	p3o_ewc		by_const	25	25	901		1e-3	1e-2		vanilla	0.01	1.0	0.0	F_vanilla	F_cost	models/diag_safe_push_point_L11_p3o_budget_nosink_by_const_lr1e3ent_d25_s901/anchor	safe_push_point	11	by_const		25	901	models/cl_safe_push_pointL11tosafe_push_pointL14_by_const_d25to25_vanilla_s901/final					53.24	44.99	13.37	50.22	26.66	12.00						COMPLETED	0:0	03:11:41	03:11:22	2.65 GB	6046	
phase2_6335324.log	6335324		1	phase2	2026-08-21	phase2	### PHASE2 safe_push_point L14 norm=by_const d25->d25 vanilla s901 lr=1e-3 ent=1e-2	safe_push_point	14	safe_push_point	11	p3o_ewc		by_const	25	25	901		1e-3	1e-2		vanilla	0.1	1.0	0.0	F_vanilla	F_cost	models/diag_safe_push_point_L11_p3o_budget_nosink_by_const_lr1e3ent_d25_s901/anchor	safe_push_point	11	by_const		25	901	models/cl_safe_push_pointL11tosafe_push_pointL14_by_const_d25to25_vanilla_s901/final					52.57	46.70	12.59	50.22	26.66	12.00						COMPLETED	0:0	03:09:58	03:09:30	2.64 GB	6046	
phase2_6335325.log	6335325		1	phase2	2026-08-21	phase2	### PHASE2 safe_push_point L14 norm=by_const d25->d25 vanilla s901 lr=1e-3 ent=1e-2	safe_push_point	14	safe_push_point	11	p3o_ewc		by_const	25	25	901		1e-3	1e-2		vanilla	1	1.0	0.0	F_vanilla	F_cost	models/diag_safe_push_point_L11_p3o_budget_nosink_by_const_lr1e3ent_d25_s901/anchor	safe_push_point	11	by_const		25	901	models/cl_safe_push_pointL11tosafe_push_pointL14_by_const_d25to25_vanilla_s901/final					50.99	41.15	11.97	45.90	22.93	10.44						COMPLETED	0:0	03:09:18	03:08:25	2.64 GB	6046	
phase2_6337011.log	6337011		1	phase2	2026-08-21	phase2	### PHASE2 safe_push_point L14 norm=by_const d25->d25 vanilla s901 lr=1e-3 ent=1e-2	safe_push_point	14	safe_push_point	11	p3o_ewc		by_const	25	25	901		1e-3	1e-2		vanilla	0.001	1.0	0.0	F_vanilla	F_cost	models/diag_safe_push_point_L11_p3o_budget_nosink_by_const_lr1e3ent_d25_s901/anchor	safe_push_point	11	by_const		25	901	models/cl_safe_push_pointL11tosafe_push_pointL14_by_const_d25to25_vanilla_c0.001_s901/final					53.94	44.13	10.77	52.07	21.26	9.93						COMPLETED	0:0	02:56:39	02:55:40	2.41 GB	6040	
phase2_6337012.log	6337012		1	phase2	2026-08-21	phase2	### PHASE2 safe_push_point L14 norm=by_const d25->d25 vanilla s901 lr=1e-3 ent=1e-2	safe_push_point	14	safe_push_point	11	p3o_ewc		by_const	25	25	901		1e-3	1e-2		vanilla	0.01	1.0	0.0	F_vanilla	F_cost	models/diag_safe_push_point_L11_p3o_budget_nosink_by_const_lr1e3ent_d25_s901/anchor	safe_push_point	11	by_const		25	901	models/cl_safe_push_pointL11tosafe_push_pointL14_by_const_d25to25_vanilla_c0.01_s901/final					52.57	46.70	12.59	51.06	25.18	11.01						COMPLETED	0:0	03:11:48	03:10:58	2.66 GB	6046	
phase2_6337013.log	6337013		1	phase2	2026-08-21	phase2	### PHASE2 safe_push_point L14 norm=by_const d25->d25 vanilla s901 lr=1e-3 ent=1e-2	safe_push_point	14	safe_push_point	11	p3o_ewc		by_const	25	25	901		1e-3	1e-2		vanilla	0.1	1.0	0.0	F_vanilla	F_cost	models/diag_safe_push_point_L11_p3o_budget_nosink_by_const_lr1e3ent_d25_s901/anchor	safe_push_point	11	by_const		25	901	models/cl_safe_push_pointL11tosafe_push_pointL14_by_const_d25to25_vanilla_c0.1_s901/final					8.56	20.52	32.76	9.65	17.78	50.39						COMPLETED	0:0	03:09:52	03:09:19	2.65 GB	6046	
phase2_6337014.log	6337014		1	phase2	2026-08-21	phase2	### PHASE2 safe_push_point L14 norm=by_const d25->d25 vanilla s901 lr=1e-3 ent=1e-2	safe_push_point	14	safe_push_point	11	p3o_ewc		by_const	25	25	901		1e-3	1e-2		vanilla	1.0	1.0	0.0	F_vanilla	F_cost	models/diag_safe_push_point_L11_p3o_budget_nosink_by_const_lr1e3ent_d25_s901/anchor	safe_push_point	11	by_const		25	901	models/cl_safe_push_pointL11tosafe_push_pointL14_by_const_d25to25_vanilla_c1.0_s901/final					49.46	35.87	12.77	44.99	21.76	10.01						COMPLETED	0:0	03:11:36	03:11:05	2.63 GB	6046	
phase2_6337015.log	6337015		1	phase2	2026-08-21	phase2	### PHASE2 safe_push_point L11 norm=by_const d25->d25 vanilla s901 lr=1e-3 ent=1e-2	safe_push_point	11	safe_push_point	8	p3o_ewc		by_const	25	25	901		1e-3	1e-2		vanilla	0.1	1.0	0.0	F_vanilla	F_cost	models/diag_safe_push_point_L8_p3o_budget_nosink_by_const_lr1e3ent_d25_s901/anchor	safe_push_point	8	by_const		25	901	models/cl_safe_push_pointL8tosafe_push_pointL11_by_const_d25to25_vanilla_c0.1_s901/final					45.33	10.26	7.89	47.76	23.05	9.98						COMPLETED	0:0	02:54:19	02:53:50	2.63 GB	6046	
phase2_6337016.log	6337016		1	phase2	2026-08-21	phase2	### PHASE2 safe_push_point L11 norm=by_const d25->d25 vanilla s901 lr=1e-3 ent=1e-2	safe_push_point	11	safe_push_point	8	p3o_ewc		by_const	25	25	901		1e-3	1e-2		vanilla	1.0	1.0	0.0	F_vanilla	F_cost	models/diag_safe_push_point_L8_p3o_budget_nosink_by_const_lr1e3ent_d25_s901/anchor	safe_push_point	8	by_const		25	901	models/cl_safe_push_pointL8tosafe_push_pointL11_by_const_d25to25_vanilla_c1.0_s901/final					18.12	11.62	12.32	16.17	26.60	19.66						COMPLETED	0:0	02:55:17	02:54:44	2.64 GB	6046	
phase2_6337017.log	6337017		1	phase2	2026-08-21	phase2	### PHASE2 safe_push_point L11 norm=by_const d25->d25 vanilla s901 lr=1e-3 ent=1e-2	safe_push_point	11	safe_push_point	8	p3o_ewc		by_const	25	25	901		1e-3	1e-2		vanilla	10.0	1.0	0.0	F_vanilla	F_cost	models/diag_safe_push_point_L8_p3o_budget_nosink_by_const_lr1e3ent_d25_s901/anchor	safe_push_point	8	by_const		25	901	models/cl_safe_push_pointL8tosafe_push_pointL11_by_const_d25to25_vanilla_c10.0_s901/final					20.30	15.51	31.62	18.59	31.02	25.68						COMPLETED	0:0	02:46:54	02:45:59	2.41 GB	6040	
phase2_6337018.log	6337018		1	phase2	2026-08-21	phase2	### PHASE2 safe_push_point L11 norm=by_const d25->d25 vanilla s901 lr=1e-3 ent=1e-2	safe_push_point	11	safe_push_point	8	p3o_ewc		by_const	25	25	901		1e-3	1e-2		vanilla	100.0	1.0	0.0	F_vanilla	F_cost	models/diag_safe_push_point_L8_p3o_budget_nosink_by_const_lr1e3ent_d25_s901/anchor	safe_push_point	8	by_const		25	901	models/cl_safe_push_pointL8tosafe_push_pointL11_by_const_d25to25_vanilla_c100.0_s901/final					54.76	22.77	8.81	55.26	61.77	14.79						COMPLETED	0:0	02:54:50	02:54:13	2.68 GB	6047	
phase2_6337019.log	6337019		1	phase2	2026-08-21	phase2	### PHASE2 safe_push_point L8 norm=by_const d25->d25 vanilla s901 lr=1e-3 ent=1e-2	safe_push_point	8	safe_push_point	14	p3o_ewc		by_const	25	25	901		1e-3	1e-2		vanilla	0.01	1.0	0.0	F_vanilla	F_cost	models/diag_safe_push_point_L14_p3o_budget_nosink_by_const_lr1e3ent_d25_s901/anchor	safe_push_point	14	by_const		25	901	models/cl_safe_push_pointL14tosafe_push_pointL8_by_const_d25to25_vanilla_c0.01_s901/final					55.38	34.70	10.58	56.33	23.35	10.63						COMPLETED	0:0	03:04:40	03:03:43	2.65 GB	6045	
phase2_6337020.log	6337020		1	phase2	2026-08-21	phase2	### PHASE2 safe_push_point L8 norm=by_const d25->d25 vanilla s901 lr=1e-3 ent=1e-2	safe_push_point	8	safe_push_point	14	p3o_ewc		by_const	25	25	901		1e-3	1e-2		vanilla	0.1	1.0	0.0	F_vanilla	F_cost	models/diag_safe_push_point_L14_p3o_budget_nosink_by_const_lr1e3ent_d25_s901/anchor	safe_push_point	14	by_const		25	901	models/cl_safe_push_pointL14tosafe_push_pointL8_by_const_d25to25_vanilla_c0.1_s901/final					54.60	37.56	13.76	55.80	23.89	9.97						COMPLETED	0:0	03:02:47	03:02:28	2.66 GB	6045	
phase2_6338611.log	6338611		1	phase2	2026-08-21	phase2	### PHASE2 safe_push_point L1 norm=by_const d25->d25 naive s902 lr=1e-3 ent=1e-2	safe_push_point	1	safe_push_point	14	p3o_ewc		by_const	25	25	902		1e-3	1e-2		naive	0					models/diag_safe_push_point_L14_p3o_budget_nosink_by_const_lr1e3ent_d25_s902/anchor	safe_push_point	14	by_const		25	902	models/cl_safe_push_pointL14tosafe_push_pointL1_by_const_d25to25_naive_c10000_s902/final					2.19	168.76	123.76	0.14	40.62	207.31						COMPLETED	0:0	04:09:57	04:09:06	2.61 GB	6046	
phase2_6338612.log	6338612		1	phase2	2026-08-21	phase2	### PHASE2 safe_push_point L1 norm=by_const d25->d25 vanilla s902 lr=1e-3 ent=1e-2	safe_push_point	1	safe_push_point	14	p3o_ewc		by_const	25	25	902		1e-3	1e-2		vanilla	0.01	1.0	0.0	F_vanilla	F_cost	models/diag_safe_push_point_L14_p3o_budget_nosink_by_const_lr1e3ent_d25_s902/anchor	safe_push_point	14	by_const		25	902	models/cl_safe_push_pointL14tosafe_push_pointL1_by_const_d25to25_vanilla_c0.01_s902/final					61.75	58.74	20.02	81.16	24.43	10.70						COMPLETED	0:0	04:16:00	04:15:01	2.61 GB	6046	
phase2_6338613.log	6338613		1	phase2	2026-08-21	phase2	### PHASE2 safe_push_point L1 norm=by_const d25->d25 vanilla s902 lr=1e-3 ent=1e-2	safe_push_point	1	safe_push_point	14	p3o_ewc		by_const	25	25	902		1e-3	1e-2		vanilla	0.1	1.0	0.0	F_vanilla	F_cost	models/diag_safe_push_point_L14_p3o_budget_nosink_by_const_lr1e3ent_d25_s902/anchor	safe_push_point	14	by_const		25	902	models/cl_safe_push_pointL14tosafe_push_pointL1_by_const_d25to25_vanilla_c0.1_s902/final					57.16	30.79	13.05	74.59	22.16	12.19						COMPLETED	0:0	04:13:22	04:12:26	2.75 GB	6046	
phase2_6338614.log	6338614		1	phase2	2026-08-21	phase2	### PHASE2 safe_push_point L1 norm=by_const d25->d25 vanilla s902 lr=1e-3 ent=1e-2	safe_push_point	1	safe_push_point	14	p3o_ewc		by_const	25	25	902		1e-3	1e-2		vanilla	1	1.0	0.0	F_vanilla	F_cost	models/diag_safe_push_point_L14_p3o_budget_nosink_by_const_lr1e3ent_d25_s902/anchor	safe_push_point	14	by_const		25	902	models/cl_safe_push_pointL14tosafe_push_pointL1_by_const_d25to25_vanilla_c1_s902/final					51.14	17.42	8.97	67.00	17.27	9.54						COMPLETED	0:0	04:18:47	04:17:48	2.62 GB	6048	
phase2_6338615.log	6338615		1	phase2	2026-08-21	phase2	### PHASE2 safe_push_point L16 norm=by_const d25->d25 naive s902 lr=1e-3 ent=1e-2	safe_push_point	16	safe_push_point	14	p3o_ewc		by_const	25	25	902		1e-3	1e-2		naive	0					models/diag_safe_push_point_L14_p3o_budget_nosink_by_const_lr1e3ent_d25_s902/anchor	safe_push_point	14	by_const		25	902	models/cl_safe_push_pointL14tosafe_push_pointL16_by_const_d25to25_naive_c10000_s902/final					66.65	27.19	10.28	67.99	26.16	10.69						COMPLETED	0:0	03:11:29	03:10:58	2.65 GB	6046	
phase2_6338616.log	6338616		1	phase2	2026-08-21	phase2	### PHASE2 safe_push_point L16 norm=by_const d25->d25 vanilla s902 lr=1e-3 ent=1e-2	safe_push_point	16	safe_push_point	14	p3o_ewc		by_const	25	25	902		1e-3	1e-2		vanilla	0.1	1.0	0.0	F_vanilla	F_cost	models/diag_safe_push_point_L14_p3o_budget_nosink_by_const_lr1e3ent_d25_s902/anchor	safe_push_point	14	by_const		25	902	models/cl_safe_push_pointL14tosafe_push_pointL16_by_const_d25to25_vanilla_c0.1_s902/final					62.85	25.96	11.60	63.12	26.98	11.20						COMPLETED	0:0	03:09:31	03:09:14	2.64 GB	6046	
phase2_6338617.log	6338617		1	phase2	2026-08-21	phase2	### PHASE2 safe_push_point L16 norm=by_const d25->d25 vanilla s902 lr=1e-3 ent=1e-2	safe_push_point	16	safe_push_point	14	p3o_ewc		by_const	25	25	902		1e-3	1e-2		vanilla	1	1.0	0.0	F_vanilla	F_cost	models/diag_safe_push_point_L14_p3o_budget_nosink_by_const_lr1e3ent_d25_s902/anchor	safe_push_point	14	by_const		25	902	models/cl_safe_push_pointL14tosafe_push_pointL16_by_const_d25to25_vanilla_c1_s902/final					61.20	26.06	11.54	61.26	24.04	8.98						COMPLETED	0:0	03:10:38	03:10:20	2.66 GB	6045	
phase2_6338618.log	6338618		1	phase2	2026-08-21	phase2	### PHASE2 safe_push_point L16 norm=by_const d25->d25 vanilla s902 lr=1e-3 ent=1e-2	safe_push_point	16	safe_push_point	14	p3o_ewc		by_const	25	25	902		1e-3	1e-2		vanilla	100	1.0	0.0	F_vanilla	F_cost	models/diag_safe_push_point_L14_p3o_budget_nosink_by_const_lr1e3ent_d25_s902/anchor	safe_push_point	14	by_const		25	902	models/cl_safe_push_pointL14tosafe_push_pointL16_by_const_d25to25_vanilla_c100_s902/final					57.59	21.91	9.28	58.04	23.33	9.99						COMPLETED	0:0	02:56:44	02:55:47	2.40 GB	6040	
phase2_6338619.log	6338619		1	phase2	2026-08-21	phase2	### PHASE2 safe_push_point L8 norm=by_const d25->d25 naive s902 lr=1e-3 ent=1e-2	safe_push_point	8	safe_push_point	14	p3o_ewc		by_const	25	25	902		1e-3	1e-2		naive	0					models/diag_safe_push_point_L14_p3o_budget_nosink_by_const_lr1e3ent_d25_s902/anchor	safe_push_point	14	by_const		25	902	models/cl_safe_push_pointL14tosafe_push_pointL8_by_const_d25to25_naive_c10000_s902/final					70.21	35.73	13.80	71.67	21.68	9.11						COMPLETED	0:0	03:04:17	03:03:28	2.64 GB	6045	
phase2_6338620.log	6338620		1	phase2	2026-08-21	phase2	### PHASE2 safe_push_point L8 norm=by_const d25->d25 vanilla s902 lr=1e-3 ent=1e-2	safe_push_point	8	safe_push_point	14	p3o_ewc		by_const	25	25	902		1e-3	1e-2		vanilla	0.1	1.0	0.0	F_vanilla	F_cost	models/diag_safe_push_point_L14_p3o_budget_nosink_by_const_lr1e3ent_d25_s902/anchor	safe_push_point	14	by_const		25	902	models/cl_safe_push_pointL14tosafe_push_pointL8_by_const_d25to25_vanilla_c0.1_s902/final					63.97	35.01	11.77	65.01	20.09	7.58						COMPLETED	0:0	03:02:48	03:02:18	2.66 GB	6046	
phase2_6338621.log	6338621		1	phase2	2026-08-21	phase2	### PHASE2 safe_push_point L8 norm=by_const d25->d25 vanilla s902 lr=1e-3 ent=1e-2	safe_push_point	8	safe_push_point	14	p3o_ewc		by_const	25	25	902		1e-3	1e-2		vanilla	1	1.0	0.0	F_vanilla	F_cost	models/diag_safe_push_point_L14_p3o_budget_nosink_by_const_lr1e3ent_d25_s902/anchor	safe_push_point	14	by_const		25	902	models/cl_safe_push_pointL14tosafe_push_pointL8_by_const_d25to25_vanilla_c1_s902/final					62.50	28.07	9.37	63.61	17.27	7.94						COMPLETED	0:0	03:02:31	03:02:19	2.65 GB	6046	
phase2_6338622.log	6338622		1	phase2	2026-08-21	phase2	### PHASE2 safe_push_point L8 norm=by_const d25->d25 vanilla s902 lr=1e-3 ent=1e-2	safe_push_point	8	safe_push_point	14	p3o_ewc		by_const	25	25	902		1e-3	1e-2		vanilla	10	1.0	0.0	F_vanilla	F_cost	models/diag_safe_push_point_L14_p3o_budget_nosink_by_const_lr1e3ent_d25_s902/anchor	safe_push_point	14	by_const		25	902	models/cl_safe_push_pointL14tosafe_push_pointL8_by_const_d25to25_vanilla_c10_s902/final					58.18	21.75	8.96	59.97	13.67	7.11						COMPLETED	0:0	03:04:10	03:03:55	2.65 GB	6046	
phase2_6338623.log	6338623		1	phase2	2026-08-21	phase2	### PHASE2 safe_push_point L14 norm=by_const d25->d25 naive s902 lr=1e-3 ent=1e-2	safe_push_point	14	safe_push_point	11	p3o_ewc		by_const	25	25	902		1e-3	1e-2		naive	0					models/diag_safe_push_point_L11_p3o_budget_nosink_by_const_lr1e3ent_d25_s902/anchor	safe_push_point	11	by_const		25	902	models/cl_safe_push_pointL11tosafe_push_pointL14_by_const_d25to25_naive_c10000_s902/final					72.54	67.58	14.72	69.81	25.26	11.50						COMPLETED	0:0	03:09:55	03:09:46	2.63 GB	6045	
phase2_6338624.log	6338624		1	phase2	2026-08-22	phase2	### PHASE2 safe_push_point L14 norm=by_const d25->d25 vanilla s902 lr=1e-3 ent=1e-2	safe_push_point	14	safe_push_point	11	p3o_ewc		by_const	25	25	902		1e-3	1e-2		vanilla	0.01	1.0	0.0	F_vanilla	F_cost	models/diag_safe_push_point_L11_p3o_budget_nosink_by_const_lr1e3ent_d25_s902/anchor	safe_push_point	11	by_const		25	902	models/cl_safe_push_pointL11tosafe_push_pointL14_by_const_d25to25_vanilla_c0.01_s902/final					66.39	46.50	15.26	63.58	22.51	9.38						COMPLETED	0:0	02:56:58	02:56:07	2.43 GB	6040	
phase2_6338625.log	6338625		1	phase2	2026-08-22	phase2	### PHASE2 safe_push_point L14 norm=by_const d25->d25 vanilla s902 lr=1e-3 ent=1e-2	safe_push_point	14	safe_push_point	11	p3o_ewc		by_const	25	25	902		1e-3	1e-2		vanilla	0.1	1.0	0.0	F_vanilla	F_cost	models/diag_safe_push_point_L11_p3o_budget_nosink_by_const_lr1e3ent_d25_s902/anchor	safe_push_point	11	by_const		25	902	models/cl_safe_push_pointL11tosafe_push_pointL14_by_const_d25to25_vanilla_c0.1_s902/final					65.57	39.52	13.70	63.03	24.48	12.34						COMPLETED	0:0	03:10:14	03:09:33	2.64 GB	6047	
phase2_6338626.log	6338626		1	phase2	2026-08-22	phase2	### PHASE2 safe_push_point L14 norm=by_const d25->d25 vanilla s902 lr=1e-3 ent=1e-2	safe_push_point	14	safe_push_point	11	p3o_ewc		by_const	25	25	902		1e-3	1e-2		vanilla	1	1.0	0.0	F_vanilla	F_cost	models/diag_safe_push_point_L11_p3o_budget_nosink_by_const_lr1e3ent_d25_s902/anchor	safe_push_point	11	by_const		25	902	models/cl_safe_push_pointL11tosafe_push_pointL14_by_const_d25to25_vanilla_c1_s902/final					61.05	37.49	30.52	56.97	21.42	10.45						COMPLETED	0:0	03:09:24	03:08:47	2.65 GB	6046	
phase2_6338627.log	6338627		1	phase2	2026-08-22	phase2	### PHASE2 safe_push_point L11 norm=by_const d25->d25 naive s902 lr=1e-3 ent=1e-2	safe_push_point	11	safe_push_point	8	p3o_ewc		by_const	25	25	902		1e-3	1e-2		naive	0					models/diag_safe_push_point_L8_p3o_budget_nosink_by_const_lr1e3ent_d25_s902/anchor	safe_push_point	8	by_const		25	902	models/cl_safe_push_pointL8tosafe_push_pointL11_by_const_d25to25_naive_c10000_s902/final					66.06	10.09	6.50	68.61	25.46	9.97						COMPLETED	0:0	02:53:32	02:53:01	2.62 GB	6046	
phase2_6338628.log	6338628		1	phase2	2026-08-22	phase2	### PHASE2 safe_push_point L11 norm=by_const d25->d25 vanilla s902 lr=1e-3 ent=1e-2	safe_push_point	11	safe_push_point	8	p3o_ewc		by_const	25	25	902		1e-3	1e-2		vanilla	0.1	1.0	0.0	F_vanilla	F_cost	models/diag_safe_push_point_L8_p3o_budget_nosink_by_const_lr1e3ent_d25_s902/anchor	safe_push_point	8	by_const		25	902	models/cl_safe_push_pointL8tosafe_push_pointL11_by_const_d25to25_vanilla_c0.1_s902/final					60.64	9.36	7.70	63.26	25.80	10.54						COMPLETED	0:0	02:54:59	02:54:35	2.66 GB	6046	
phase2_6338629.log	6338629		1	phase2	2026-08-22	phase2	### PHASE2 safe_push_point L11 norm=by_const d25->d25 vanilla s902 lr=1e-3 ent=1e-2	safe_push_point	11	safe_push_point	8	p3o_ewc		by_const	25	25	902		1e-3	1e-2		vanilla	1	1.0	0.0	F_vanilla	F_cost	models/diag_safe_push_point_L8_p3o_budget_nosink_by_const_lr1e3ent_d25_s902/anchor	safe_push_point	8	by_const		25	902	models/cl_safe_push_pointL8tosafe_push_pointL11_by_const_d25to25_vanilla_c1_s902/final					48.04	9.27	8.40	50.47	23.60	9.28						COMPLETED	0:0	02:53:29	02:52:57	2.64 GB	6046	
phase2_6338630.log	6338630		1	phase2	2026-08-22	phase2	### PHASE2 safe_push_point L11 norm=by_const d25->d25 vanilla s902 lr=1e-3 ent=1e-2	safe_push_point	11	safe_push_point	8	p3o_ewc		by_const	25	25	902		1e-3	1e-2		vanilla	10	1.0	0.0	F_vanilla	F_cost	models/diag_safe_push_point_L8_p3o_budget_nosink_by_const_lr1e3ent_d25_s902/anchor	safe_push_point	8	by_const		25	902	models/cl_safe_push_pointL8tosafe_push_pointL11_by_const_d25to25_vanilla_c10_s902/final					57.21	12.56	9.08	59.78	38.24	11.57						COMPLETED	0:0	02:54:36	02:45:30	2.38 GB	6056	
phase2_6338631.log	6338631		1	phase2	2026-08-22	phase2	### PHASE2 safe_push_point L1 norm=by_const d25->d25 naive s903 lr=1e-3 ent=1e-2	safe_push_point	1	safe_push_point	14	p3o_ewc		by_const	25	25	903		1e-3	1e-2		naive	0					models/diag_safe_push_point_L14_p3o_budget_nosink_by_const_lr1e3ent_d25_s903/anchor	safe_push_point	14	by_const		25	903	models/cl_safe_push_pointL14tosafe_push_pointL1_by_const_d25to25_naive_c10000_s903/final					66.76	254.39	35.94	87.53	27.21	14.54						COMPLETED	0:0	03:20:57	03:19:57	2.37 GB	6043	
phase2_6338632.log	6338632		1	phase2	2026-08-22	phase2	### PHASE2 safe_push_point L1 norm=by_const d25->d25 vanilla s903 lr=1e-3 ent=1e-2	safe_push_point	1	safe_push_point	14	p3o_ewc		by_const	25	25	903		1e-3	1e-2		vanilla	0.01	1.0	0.0	F_vanilla	F_cost	models/diag_safe_push_point_L14_p3o_budget_nosink_by_const_lr1e3ent_d25_s903/anchor	safe_push_point	14	by_const		25	903	models/cl_safe_push_pointL14tosafe_push_pointL1_by_const_d25to25_vanilla_c0.01_s903/final					55.42	81.92	20.06	78.12	28.57	12.20						COMPLETED	0:0	04:16:48	04:15:27	2.29 GB	6040	
phase2_6338633.log	6338633		1	phase2	2026-08-22	phase2	### PHASE2 safe_push_point L1 norm=by_const d25->d25 vanilla s903 lr=1e-3 ent=1e-2	safe_push_point	1	safe_push_point	14	p3o_ewc		by_const	25	25	903		1e-3	1e-2		vanilla	0.1	1.0	0.0	F_vanilla	F_cost	models/diag_safe_push_point_L14_p3o_budget_nosink_by_const_lr1e3ent_d25_s903/anchor	safe_push_point	14	by_const		25	903	models/cl_safe_push_pointL14tosafe_push_pointL1_by_const_d25to25_vanilla_c0.1_s903/final					54.02	29.52	12.16	70.78	17.53	9.37						COMPLETED	0:0	04:11:49	04:11:06	2.60 GB	6046	
phase2_6338634.log	6338634		1	phase2	2026-08-22	phase2	### PHASE2 safe_push_point L1 norm=by_const d25->d25 vanilla s903 lr=1e-3 ent=1e-2	safe_push_point	1	safe_push_point	14	p3o_ewc		by_const	25	25	903		1e-3	1e-2		vanilla	1	1.0	0.0	F_vanilla	F_cost	models/diag_safe_push_point_L14_p3o_budget_nosink_by_const_lr1e3ent_d25_s903/anchor	safe_push_point	14	by_const		25	903	models/cl_safe_push_pointL14tosafe_push_pointL1_by_const_d25to25_vanilla_c1_s903/final					53.36	24.39	10.32	68.60	16.46	10.38						COMPLETED	0:0	04:16:48	04:15:46	2.26 GB	6040	
phase2_6338635.log	6338635		1	phase2	2026-08-22	phase2	### PHASE2 safe_push_point L16 norm=by_const d25->d25 naive s903 lr=1e-3 ent=1e-2	safe_push_point	16	safe_push_point	14	p3o_ewc		by_const	25	25	903		1e-3	1e-2		naive	0					models/diag_safe_push_point_L14_p3o_budget_nosink_by_const_lr1e3ent_d25_s903/anchor	safe_push_point	14	by_const		25	903	models/cl_safe_push_pointL14tosafe_push_pointL16_by_const_d25to25_naive_c10000_s903/final					68.65	25.02	11.18	69.70	24.50	10.12						COMPLETED	0:0	05:29:11	05:28:09	2.28 GB	6040	
phase2_6338636.log	6338636		1	phase2	2026-08-22	phase2	### PHASE2 safe_push_point L16 norm=by_const d25->d25 vanilla s903 lr=1e-3 ent=1e-2	safe_push_point	16	safe_push_point	14	p3o_ewc		by_const	25	25	903		1e-3	1e-2		vanilla	0.1	1.0	0.0	F_vanilla	F_cost	models/diag_safe_push_point_L14_p3o_budget_nosink_by_const_lr1e3ent_d25_s903/anchor	safe_push_point	14	by_const		25	903	models/cl_safe_push_pointL14tosafe_push_pointL16_by_const_d25to25_vanilla_c0.1_s903/final					62.39	23.26	9.11	62.84	23.18	10.08						COMPLETED	0:0	03:43:33	03:42:57	2.30 GB	6040	
phase2_6338637.log	6338637		1	phase2	2026-08-22	phase2	### PHASE2 safe_push_point L16 norm=by_const d25->d25 vanilla s903 lr=1e-3 ent=1e-2	safe_push_point	16	safe_push_point	14	p3o_ewc		by_const	25	25	903		1e-3	1e-2		vanilla	1	1.0	0.0	F_vanilla	F_cost	models/diag_safe_push_point_L14_p3o_budget_nosink_by_const_lr1e3ent_d25_s903/anchor	safe_push_point	14	by_const		25	903	models/cl_safe_push_pointL14tosafe_push_pointL16_by_const_d25to25_vanilla_c1_s903/final					60.33	23.73	8.44	60.42	22.59	9.24						COMPLETED	0:0	03:20:24	03:11:47	2.68 GB	6046	
phase2_6338638.log	6338638		1	phase2	2026-08-22	phase2	### PHASE2 safe_push_point L16 norm=by_const d25->d25 vanilla s903 lr=1e-3 ent=1e-2	safe_push_point	16	safe_push_point	14	p3o_ewc		by_const	25	25	903		1e-3	1e-2		vanilla	100	1.0	0.0	F_vanilla	F_cost	models/diag_safe_push_point_L14_p3o_budget_nosink_by_const_lr1e3ent_d25_s903/anchor	safe_push_point	14	by_const		25	903	models/cl_safe_push_pointL14tosafe_push_pointL16_by_const_d25to25_vanilla_c100_s903/final					58.81	27.52	11.21	59.20	24.80	9.18						COMPLETED	0:0	03:12:48	02:55:49	2.44 GB	6040	
phase2_6338639.log	6338639		1	phase2	2026-08-22	phase2	### PHASE2 safe_push_point L8 norm=by_const d25->d25 naive s903 lr=1e-3 ent=1e-2	safe_push_point	8	safe_push_point	14	p3o_ewc		by_const	25	25	903		1e-3	1e-2		naive	0					models/diag_safe_push_point_L14_p3o_budget_nosink_by_const_lr1e3ent_d25_s903/anchor	safe_push_point	14	by_const		25	903	models/cl_safe_push_pointL14tosafe_push_pointL8_by_const_d25to25_naive_c10000_s903/final					72.34	38.22	11.02	72.85	26.49	10.98						COMPLETED	0:0	02:49:55	02:49:20	2.38 GB	6040	
phase2_6338640.log	6338640		1	phase2	2026-08-22	phase2	### PHASE2 safe_push_point L8 norm=by_const d25->d25 vanilla s903 lr=1e-3 ent=1e-2	safe_push_point	8	safe_push_point	14	p3o_ewc		by_const	25	25	903		1e-3	1e-2		vanilla	0.1	1.0	0.0	F_vanilla	F_cost	models/diag_safe_push_point_L14_p3o_budget_nosink_by_const_lr1e3ent_d25_s903/anchor	safe_push_point	14	by_const		25	903	models/cl_safe_push_pointL14tosafe_push_pointL8_by_const_d25to25_vanilla_c0.1_s903/final					65.71	38.09	12.15	66.89	25.04	10.19						COMPLETED	0:0	03:34:26	03:33:36	2.39 GB	6039	
phase2_6338641.log	6338641		1	phase2	2026-08-22	phase2	### PHASE2 safe_push_point L8 norm=by_const d25->d25 vanilla s903 lr=1e-3 ent=1e-2	safe_push_point	8	safe_push_point	14	p3o_ewc		by_const	25	25	903		1e-3	1e-2		vanilla	1	1.0	0.0	F_vanilla	F_cost	models/diag_safe_push_point_L14_p3o_budget_nosink_by_const_lr1e3ent_d25_s903/anchor	safe_push_point	14	by_const		25	903	models/cl_safe_push_pointL14tosafe_push_pointL8_by_const_d25to25_vanilla_c1_s903/final					61.54	32.66	10.78	62.50	20.08	8.61						COMPLETED	0:0	03:34:54	03:34:15	2.28 GB	6039	
phase2_6338642.log	6338642		1	phase2	2026-08-22	phase2	### PHASE2 safe_push_point L8 norm=by_const d25->d25 vanilla s903 lr=1e-3 ent=1e-2	safe_push_point	8	safe_push_point	14	p3o_ewc		by_const	25	25	903		1e-3	1e-2		vanilla	10	1.0	0.0	F_vanilla	F_cost	models/diag_safe_push_point_L14_p3o_budget_nosink_by_const_lr1e3ent_d25_s903/anchor	safe_push_point	14	by_const		25	903	models/cl_safe_push_pointL14tosafe_push_pointL8_by_const_d25to25_vanilla_c10_s903/final					60.09	27.19	10.93	60.85	18.78	9.48						COMPLETED	0:0	03:34:53	03:33:59	2.29 GB	6043	
phase2_6338643.log	6338643		1	phase2	2026-08-22	phase2	### PHASE2 safe_push_point L14 norm=by_const d25->d25 naive s903 lr=1e-3 ent=1e-2	safe_push_point	14	safe_push_point	11	p3o_ewc		by_const	25	25	903		1e-3	1e-2		naive	0					models/diag_safe_push_point_L11_p3o_budget_nosink_by_const_lr1e3ent_d25_s903/anchor	safe_push_point	11	by_const		25	903	models/cl_safe_push_pointL11tosafe_push_pointL14_by_const_d25to25_naive_c10000_s903/final					71.11	58.38	12.26	69.23	20.76	8.73						COMPLETED	0:0	02:56:15	02:55:27	2.50 GB	6040	
phase2_6338644.log	6338644		1	phase2	2026-08-22	phase2	### PHASE2 safe_push_point L14 norm=by_const d25->d25 vanilla s903 lr=1e-3 ent=1e-2	safe_push_point	14	safe_push_point	11	p3o_ewc		by_const	25	25	903		1e-3	1e-2		vanilla	0.01	1.0	0.0	F_vanilla	F_cost	models/diag_safe_push_point_L11_p3o_budget_nosink_by_const_lr1e3ent_d25_s903/anchor	safe_push_point	11	by_const		25	903	models/cl_safe_push_pointL11tosafe_push_pointL14_by_const_d25to25_vanilla_c0.01_s903/final					62.05	39.98	12.73	61.07	23.62	10.25						COMPLETED	0:0	02:56:14	02:55:42	2.41 GB	6039	
phase2_6338645.log	6338645		1	phase2	2026-08-22	phase2	### PHASE2 safe_push_point L14 norm=by_const d25->d25 vanilla s903 lr=1e-3 ent=1e-2	safe_push_point	14	safe_push_point	11	p3o_ewc		by_const	25	25	903		1e-3	1e-2		vanilla	0.1	1.0	0.0	F_vanilla	F_cost	models/diag_safe_push_point_L11_p3o_budget_nosink_by_const_lr1e3ent_d25_s903/anchor	safe_push_point	11	by_const		25	903	models/cl_safe_push_pointL11tosafe_push_pointL14_by_const_d25to25_vanilla_c0.1_s903/final					61.02	34.09	11.84	56.96	21.26	10.17						COMPLETED	0:0	05:26:51	05:25:45	2.32 GB	6040	
phase2_6338646.log	6338646		1	phase2	2026-08-22	phase2	### PHASE2 safe_push_point L14 norm=by_const d25->d25 vanilla s903 lr=1e-3 ent=1e-2	safe_push_point	14	safe_push_point	11	p3o_ewc		by_const	25	25	903		1e-3	1e-2		vanilla	1	1.0	0.0	F_vanilla	F_cost	models/diag_safe_push_point_L11_p3o_budget_nosink_by_const_lr1e3ent_d25_s903/anchor	safe_push_point	11	by_const		25	903	models/cl_safe_push_pointL11tosafe_push_pointL14_by_const_d25to25_vanilla_c1_s903/final					56.89	32.74	13.75	52.50	26.41	11.24						COMPLETED	0:0	03:44:32	03:43:48	2.29 GB	6040	
phase2_6338647.log	6338647		1	phase2	2026-08-23	phase2	### PHASE2 safe_push_point L11 norm=by_const d25->d25 naive s903 lr=1e-3 ent=1e-2	safe_push_point	11	safe_push_point	8	p3o_ewc		by_const	25	25	903		1e-3	1e-2		naive	0					models/diag_safe_push_point_L8_p3o_budget_nosink_by_const_lr1e3ent_d25_s903/anchor	safe_push_point	8	by_const		25	903	models/cl_safe_push_pointL8tosafe_push_pointL11_by_const_d25to25_naive_c10000_s903/final					51.25	11.12	7.43	53.96	25.29	10.96						COMPLETED	0:0	05:10:33	05:09:28	2.37 GB	6041	
phase2_6338648.log	6338648		1	phase2	2026-08-22	phase2	### PHASE2 safe_push_point L11 norm=by_const d25->d25 vanilla s903 lr=1e-3 ent=1e-2	safe_push_point	11	safe_push_point	8	p3o_ewc		by_const	25	25	903		1e-3	1e-2		vanilla	0.1	1.0	0.0	F_vanilla	F_cost	models/diag_safe_push_point_L8_p3o_budget_nosink_by_const_lr1e3ent_d25_s903/anchor	safe_push_point	8	by_const		25	903	models/cl_safe_push_pointL8tosafe_push_pointL11_by_const_d25to25_vanilla_c0.1_s903/final					45.93	9.63	6.47	48.62	26.42	10.27						COMPLETED	0:0	03:28:59	03:28:11	2.28 GB	6040	
phase2_6338649.log	6338649		1	phase2	2026-08-23	phase2	### PHASE2 safe_push_point L11 norm=by_const d25->d25 vanilla s903 lr=1e-3 ent=1e-2	safe_push_point	11	safe_push_point	8	p3o_ewc		by_const	25	25	903		1e-3	1e-2		vanilla	1	1.0	0.0	F_vanilla	F_cost	models/diag_safe_push_point_L8_p3o_budget_nosink_by_const_lr1e3ent_d25_s903/anchor	safe_push_point	8	by_const		25	903	models/cl_safe_push_pointL8tosafe_push_pointL11_by_const_d25to25_vanilla_c1_s903/final					24.73	7.73	13.11	26.64	21.90	9.53						COMPLETED	0:0	02:56:29	02:55:50	2.64 GB	6046	
phase2_6338650.log	6338650		1	phase2	2026-08-23	phase2	### PHASE2 safe_push_point L11 norm=by_const d25->d25 vanilla s903 lr=1e-3 ent=1e-2	safe_push_point	11	safe_push_point	8	p3o_ewc		by_const	25	25	903		1e-3	1e-2		vanilla	10	1.0	0.0	F_vanilla	F_cost	models/diag_safe_push_point_L8_p3o_budget_nosink_by_const_lr1e3ent_d25_s903/anchor	safe_push_point	8	by_const		25	903	models/cl_safe_push_pointL8tosafe_push_pointL11_by_const_d25to25_vanilla_c10_s903/final					35.48	12.73	8.93	37.65	35.03	11.20						COMPLETED	0:0	02:53:13	02:52:25	2.64 GB	6046	
phase2_6350237.log	6350237		1	phase2	2026-08-23	phase2	### PHASE2 safe_push_point L14 norm=by_const d25->d25 vanilla s901 lr=1e-3 ent=1e-2	safe_push_point	14	safe_push_point	11	p3o_ewc		by_const	25	25	901		1e-3	1e-2		vanilla	10	1.0	0.0	F_vanilla	F_cost	models/diag_safe_push_point_L11_p3o_budget_nosink_by_const_lr1e3ent_d25_s901/anchor	safe_push_point	11	by_const		25	901	models/cl_safe_push_pointL11tosafe_push_pointL14_by_const_d25to25_vanilla_c10_s901/final					49.11	30.42	9.93	43.24	20.79	8.18						COMPLETED	0:0	03:09:22	03:08:24	2.64 GB	6047	
phase2_6350238.log	6350238		1	phase2	2026-08-23	phase2	### PHASE2 safe_push_point L14 norm=by_const d25->d25 vanilla s901 lr=1e-3 ent=1e-2	safe_push_point	14	safe_push_point	11	p3o_ewc		by_const	25	25	901		1e-3	1e-2		vanilla	100	1.0	0.0	F_vanilla	F_cost	models/diag_safe_push_point_L11_p3o_budget_nosink_by_const_lr1e3ent_d25_s901/anchor	safe_push_point	11	by_const		25	901	models/cl_safe_push_pointL11tosafe_push_pointL14_by_const_d25to25_vanilla_c100_s901/final					48.24	29.62	10.38	42.82	18.89	8.38						COMPLETED	0:0	02:56:41	02:55:52	2.43 GB	6041	
phase2_6350239.log	6350239		1	phase2	2026-08-23	phase2	### PHASE2 safe_push_point L14 norm=by_const d25->d25 vanilla s902 lr=1e-3 ent=1e-2	safe_push_point	14	safe_push_point	11	p3o_ewc		by_const	25	25	902		1e-3	1e-2		vanilla	10	1.0	0.0	F_vanilla	F_cost	models/diag_safe_push_point_L11_p3o_budget_nosink_by_const_lr1e3ent_d25_s902/anchor	safe_push_point	11	by_const		25	902	models/cl_safe_push_pointL11tosafe_push_pointL14_by_const_d25to25_vanilla_c10_s902/final					61.97	35.30	13.60	56.75	23.41	10.83						COMPLETED	0:0	03:08:39	03:08:06	2.65 GB	6047	
phase2_6350240.log	6350240		1	phase2	2026-08-23	phase2	### PHASE2 safe_push_point L14 norm=by_const d25->d25 vanilla s902 lr=1e-3 ent=1e-2	safe_push_point	14	safe_push_point	11	p3o_ewc		by_const	25	25	902		1e-3	1e-2		vanilla	100	1.0	0.0	F_vanilla	F_cost	models/diag_safe_push_point_L11_p3o_budget_nosink_by_const_lr1e3ent_d25_s902/anchor	safe_push_point	11	by_const		25	902	models/cl_safe_push_pointL11tosafe_push_pointL14_by_const_d25to25_vanilla_c100_s902/final					61.38	35.56	13.46	57.15	24.60	12.66						COMPLETED	0:0	03:11:13	03:10:41	2.66 GB	6047	
phase2_6350241.log	6350241		1	phase2	2026-08-23	phase2	### PHASE2 safe_push_point L14 norm=by_const d25->d25 vanilla s903 lr=1e-3 ent=1e-2	safe_push_point	14	safe_push_point	11	p3o_ewc		by_const	25	25	903		1e-3	1e-2		vanilla	10	1.0	0.0	F_vanilla	F_cost	models/diag_safe_push_point_L11_p3o_budget_nosink_by_const_lr1e3ent_d25_s903/anchor	safe_push_point	11	by_const		25	903	models/cl_safe_push_pointL11tosafe_push_pointL14_by_const_d25to25_vanilla_c10_s903/final					55.37	30.37	11.39	48.29	24.39	10.29						COMPLETED	0:0	03:11:20	03:10:56	2.65 GB	6047	
phase2_6350242.log	6350242		1	phase2	2026-08-23	phase2	### PHASE2 safe_push_point L14 norm=by_const d25->d25 vanilla s903 lr=1e-3 ent=1e-2	safe_push_point	14	safe_push_point	11	p3o_ewc		by_const	25	25	903		1e-3	1e-2		vanilla	100	1.0	0.0	F_vanilla	F_cost	models/diag_safe_push_point_L11_p3o_budget_nosink_by_const_lr1e3ent_d25_s903/anchor	safe_push_point	11	by_const		25	903	models/cl_safe_push_pointL11tosafe_push_pointL14_by_const_d25to25_vanilla_c100_s903/final					56.57	32.38	12.39	50.24	28.81	12.15						COMPLETED	0:0	03:13:22	03:12:47	2.66 GB	6047	
phase2_6350243.log	6350243		1	phase2	2026-08-23	phase2	### PHASE2 safe_push_point L1 norm=by_const d25->d25 vanilla s901 lr=1e-3 ent=1e-2	safe_push_point	1	safe_push_point	14	p3o_ewc		by_const	25	25	901		1e-3	1e-2		vanilla	0.05	1.0	0.0	F_vanilla	F_cost	models/diag_safe_push_point_L14_p3o_budget_nosink_by_const_lr1e3ent_d25_s901/anchor	safe_push_point	14	by_const		25	901	models/cl_safe_push_pointL14tosafe_push_pointL1_by_const_d25to25_vanilla_c0.05_s901/final					42.38	23.23	9.53	62.84	25.64	11.82						COMPLETED	0:0	05:44:30	05:43:09	2.31 GB	6041	
phase2_6350244.log	6350244		1	phase2	2026-08-23	phase2	### PHASE2 safe_push_point L1 norm=by_const d25->d25 vanilla s902 lr=1e-3 ent=1e-2	safe_push_point	1	safe_push_point	14	p3o_ewc		by_const	25	25	902		1e-3	1e-2		vanilla	0.05	1.0	0.0	F_vanilla	F_cost	models/diag_safe_push_point_L14_p3o_budget_nosink_by_const_lr1e3ent_d25_s902/anchor	safe_push_point	14	by_const		25	902	models/cl_safe_push_pointL14tosafe_push_pointL1_by_const_d25to25_vanilla_c0.05_s902/final					58.17	37.36	12.18	75.23	23.82	11.26						COMPLETED	0:0	04:10:50	04:10:08	2.61 GB	6046	
phase2_6350245.log	6350245		1	phase2	2026-08-23	phase2	### PHASE2 safe_push_point L1 norm=by_const d25->d25 vanilla s903 lr=1e-3 ent=1e-2	safe_push_point	1	safe_push_point	14	p3o_ewc		by_const	25	25	903		1e-3	1e-2		vanilla	0.05	1.0	0.0	F_vanilla	F_cost	models/diag_safe_push_point_L14_p3o_budget_nosink_by_const_lr1e3ent_d25_s903/anchor	safe_push_point	14	by_const		25	903	models/cl_safe_push_pointL14tosafe_push_pointL1_by_const_d25to25_vanilla_c0.05_s903/final					56.98	41.93	12.78	74.70	23.89	12.29						COMPLETED	0:0	04:15:14	04:14:31	2.61 GB	6046	
phase2_6350246.log	6350246		1	phase2	2026-08-23	phase2	### PHASE2 safe_push_point L8 norm=by_const d25->d25 naive s904 lr=1e-3 ent=1e-2	safe_push_point	8	safe_push_point	14	p3o_ewc		by_const	25	25	904		1e-3	1e-2		naive	0					models/diag_safe_push_point_L14_p3o_budget_nosink_by_const_lr1e3ent_d25_s904/anchor	safe_push_point	14	by_const		25	904	models/cl_safe_push_pointL14tosafe_push_pointL8_by_const_d25to25_naive_c10000_s904/final					58.88	39.00	14.63	59.86	24.20	9.69						COMPLETED	0:0	03:02:51	03:02:20	2.64 GB	6045	
phase2_6350247.log	6350247		1	phase2	2026-08-23	phase2	### PHASE2 safe_push_point L8 norm=by_const d25->d25 vanilla s904 lr=1e-3 ent=1e-2	safe_push_point	8	safe_push_point	14	p3o_ewc		by_const	25	25	904		1e-3	1e-2		vanilla	10	1.0	0.0	F_vanilla	F_cost	models/diag_safe_push_point_L14_p3o_budget_nosink_by_const_lr1e3ent_d25_s904/anchor	safe_push_point	14	by_const		25	904	models/cl_safe_push_pointL14tosafe_push_pointL8_by_const_d25to25_vanilla_c10_s904/final					50.75	24.60	8.92	50.65	17.76	8.54						COMPLETED	0:0	03:04:28	03:03:58	2.66 GB	6046	
phase2_6350248.log	6350248		1	phase2	2026-08-23	phase2	### PHASE2 safe_push_point L8 norm=by_const d25->d25 naive s905 lr=1e-3 ent=1e-2	safe_push_point	8	safe_push_point	14	p3o_ewc		by_const	25	25	905		1e-3	1e-2		naive	0					models/diag_safe_push_point_L14_p3o_budget_nosink_by_const_lr1e3ent_d25_s905/anchor	safe_push_point	14	by_const		25	905	models/cl_safe_push_pointL14tosafe_push_pointL8_by_const_d25to25_naive_c10000_s905/final					71.96	38.72	13.68	72.72	25.18	10.29						COMPLETED	0:0	03:03:04	03:02:25	2.63 GB	6046	
phase2_6350249.log	6350249		1	phase2	2026-08-24	phase2	### PHASE2 safe_push_point L8 norm=by_const d25->d25 vanilla s905 lr=1e-3 ent=1e-2	safe_push_point	8	safe_push_point	14	p3o_ewc		by_const	25	25	905		1e-3	1e-2		vanilla	10	1.0	0.0	F_vanilla	F_cost	models/diag_safe_push_point_L14_p3o_budget_nosink_by_const_lr1e3ent_d25_s905/anchor	safe_push_point	14	by_const		25	905	models/cl_safe_push_pointL14tosafe_push_pointL8_by_const_d25to25_vanilla_c10_s905/final				SLURM_CONTROLLER_OUTAGE_AT_COMPLETION	59.50	26.10	12.17	61.02	15.09	7.41						TIMEOUT	0:0	16:01:16	00:00:00		6041	
phase2_1024.log	1024		1	phase2	2026-08-29	phase2		safe_push_point	1	safe_push_point	14	p3o_ewc		by_const	25	25	901		1e-3	1e-2		vanilla	0.1			F_vanilla	F_vanilla	models/diag_safe_push_point_L14_p3o_budget_nosink_by_const_lr1e3ent_d25_s901/anchor	safe_push_point	14	by_const		25	901	models/cl_safe_push_pointL14tosafe_push_pointL1_by_const_d25to25_vanilla_c0.1_s901/final					41.78	19.94	9.01	62.69	25.33	13.59						COMPLETED	0:0	03:23:47	03:23:12	2971584K	6032	
phase2_1025.log	1025		1	phase2	2026-08-29	phase2		safe_push_point	1	safe_push_point	14	p3o_ewc		by_const	25	25	904		1e-3	1e-2		vanilla	0.1			F_vanilla	F_vanilla	models/diag_safe_push_point_L14_p3o_budget_nosink_by_const_lr1e3ent_d25_s904/anchor	safe_push_point	14	by_const		25	904	models/cl_safe_push_pointL14tosafe_push_pointL1_by_const_d25to25_vanilla_c0.1_s904/final					44.34	22.14	7.87	58.02	23.02	13.03						COMPLETED	0:0	03:23:59	03:23:32	3126860K	6031	
phase2_1026.log	1026		1	phase2	2026-08-29	phase2		safe_push_point	1	safe_push_point	14	p3o_ewc		by_const	25	25	905		1e-3	1e-2		vanilla	0.1			F_vanilla	F_vanilla	models/diag_safe_push_point_L14_p3o_budget_nosink_by_const_lr1e3ent_d25_s905/anchor	safe_push_point	14	by_const		25	905	models/cl_safe_push_pointL14tosafe_push_pointL1_by_const_d25to25_vanilla_c0.1_s905/final					55.39	32.70	12.10	74.41	18.19	10.90						COMPLETED	0:0	04:19:07	04:18:32	2991680K	6032	
phase2_1027.log	1027		1	phase2	2026-08-29	phase2		safe_push_point	14	safe_push_point	11	p3o_ewc		by_const	25	25	901		1e-3	1e-2		vanilla	1000			F_vanilla	F_vanilla	models/diag_safe_push_point_L11_p3o_budget_nosink_by_const_lr1e3ent_d25_s901/anchor	safe_push_point	11	by_const		25	901	models/cl_safe_push_pointL11tosafe_push_pointL14_by_const_d25to25_vanilla_c1000_s901/final					48.06	31.92	10.11	43.11	18.43	8.24						COMPLETED	0:0	03:47:57	03:47:42	2705892K	6032	
phase2_1028.log	1028		1	phase2	2026-08-29	phase2		safe_push_point	14	safe_push_point	11	p3o_ewc		by_const	25	25	902		1e-3	1e-2		vanilla	1000			F_vanilla	F_vanilla	models/diag_safe_push_point_L11_p3o_budget_nosink_by_const_lr1e3ent_d25_s902/anchor	safe_push_point	11	by_const		25	902	models/cl_safe_push_pointL11tosafe_push_pointL14_by_const_d25to25_vanilla_c1000_s902/final					62.84	36.96	11.96	57.57	27.68	20.96						COMPLETED	0:0	03:46:17	03:46:04	2651504K	6032	
phase2_1029.log	1029		1	phase2	2026-08-29	phase2		safe_push_point	14	safe_push_point	11	p3o_ewc		by_const	25	25	903		1e-3	1e-2		vanilla	1000			F_vanilla	F_vanilla	models/diag_safe_push_point_L11_p3o_budget_nosink_by_const_lr1e3ent_d25_s903/anchor	safe_push_point	11	by_const		25	903	models/cl_safe_push_pointL11tosafe_push_pointL14_by_const_d25to25_vanilla_c1000_s903/final					56.98	33.65	14.05	50.97	29.45	12.05						COMPLETED	0:0	03:46:09	03:45:52	2626456K	6032	
phase2_1030.log	1030		1	phase2	2026-08-29	phase2		safe_push_point	14	safe_push_point	11	p3o_ewc		by_const	25	25	901		1e-3	1e-2		vanilla	10000			F_vanilla	F_vanilla	models/diag_safe_push_point_L11_p3o_budget_nosink_by_const_lr1e3ent_d25_s901/anchor	safe_push_point	11	by_const		25	901	models/cl_safe_push_pointL11tosafe_push_pointL14_by_const_d25to25_vanilla_c10000_s901/final					48.34	29.29	9.33	42.57	19.74	9.07						COMPLETED	0:0	05:23:17	05:22:59	2606352K	6032	
phase2_1031.log	1031		1	phase2	2026-08-29	phase2		safe_push_point	14	safe_push_point	11	p3o_ewc		by_const	25	25	902		1e-3	1e-2		vanilla	10000			F_vanilla	F_vanilla	models/diag_safe_push_point_L11_p3o_budget_nosink_by_const_lr1e3ent_d25_s902/anchor	safe_push_point	11	by_const		25	902	models/cl_safe_push_pointL11tosafe_push_pointL14_by_const_d25to25_vanilla_c10000_s902/final					62.23	40.74	15.62	58.36	25.12	10.75						COMPLETED	0:0	05:05:41	05:05:20	2631244K	6033	
phase2_1032.log	1032		1	phase2	2026-08-29	phase2		safe_push_point	14	safe_push_point	11	p3o_ewc		by_const	25	25	903		1e-3	1e-2		vanilla	10000			F_vanilla	F_vanilla	models/diag_safe_push_point_L11_p3o_budget_nosink_by_const_lr1e3ent_d25_s903/anchor	safe_push_point	11	by_const		25	903	models/cl_safe_push_pointL11tosafe_push_pointL14_by_const_d25to25_vanilla_c10000_s903/final					56.46	33.72	11.03	50.83	29.17	10.99						COMPLETED	0:0	03:14:52	03:14:29	3205264K	6038	
phase2_1048.log	1048		1	phase2	2026-08-29	phase2		safe_push_point	14	safe_push_point	14	p3o_ewc		by_const	5	25	901		1e-3	1e-2		vanilla	0.01			F_vanilla	F_vanilla	models/diag_safe_push_point_L14_p3o_budget_nosink_by_const_lr1e3ent_d25_s901/anchor	safe_push_point	14	by_const		25	901	models/cl_safe_push_pointL14tosafe_push_pointL14_by_const_d25to5_vanilla_c0.01_100e6_s901/final								38.01	5.47	6.72						COMPLETED	0:0	00:45:33	45:37.800	3060120K	1606	
phase2_1049.log	1049		1	phase2	2026-08-29	phase2		safe_push_point	14	safe_push_point	14	p3o_ewc		by_const	10	25	901		1e-3	1e-2		naive	0					models/diag_safe_push_point_L14_p3o_budget_nosink_by_const_lr1e3ent_d25_s901/anchor	safe_push_point	14	by_const		25	901	models/cl_safe_push_pointL14tosafe_push_pointL14_by_const_d25to10_naive_c10000_100e6_s901/final																COMPLETED	0:0	00:53:25	53:22.303	2614244K	1602	
phase2_1050.log	1050		1	phase2	2026-08-29	phase2		safe_push_point	14	safe_push_point	14	p3o_ewc		by_const	10	25	901		1e-3	1e-2		vanilla	0.01			F_vanilla	F_vanilla	models/diag_safe_push_point_L14_p3o_budget_nosink_by_const_lr1e3ent_d25_s901/anchor	safe_push_point	14	by_const		25	901	models/cl_safe_push_pointL14tosafe_push_pointL14_by_const_d25to10_vanilla_c0.01_100e6_s901/final																COMPLETED	0:0	00:45:32	45:33.622	2985M	1607	
phase2_1051.log	1051		1	phase2	2026-08-29	phase2		safe_push_point	14	safe_push_point	14	p3o_ewc		by_const	15	25	901		1e-3	1e-2		naive	0					models/diag_safe_push_point_L14_p3o_budget_nosink_by_const_lr1e3ent_d25_s901/anchor	safe_push_point	14	by_const		25	901	models/cl_safe_push_pointL14tosafe_push_pointL14_by_const_d25to15_naive_c10000_100e6_s901/final																COMPLETED	0:0	00:53:15	53:09.917	2610708K	1603	
phase2_1052.log	1052		1	phase2	2026-08-29	phase2		safe_push_point	14	safe_push_point	14	p3o_ewc		by_const	15	25	901		1e-3	1e-2		vanilla	0.01			F_vanilla	F_vanilla	models/diag_safe_push_point_L14_p3o_budget_nosink_by_const_lr1e3ent_d25_s901/anchor	safe_push_point	14	by_const		25	901	models/cl_safe_push_pointL14tosafe_push_pointL14_by_const_d25to15_vanilla_c0.01_100e6_s901/final																COMPLETED	0:0	00:53:36	53:32.215	2617836K	1603	
phase2_14401.log	14401		1	phase2	2026-08-30	phase2		safe_push_point	1	safe_push_point	14	p3o_ewc		by_const	25	25	901		1e-3	1e-2		vanilla	1			F_vanilla	F_vanilla	models/diag_safe_push_point_L14_p3o_budget_nosink_by_const_lr1e3ent_d25_s901/anchor	safe_push_point	14	by_const		25	901	models/cl_safe_push_pointL14tosafe_push_pointL1_by_const_d25to25_vanilla_c1_s901/final					40.27	18.03	9.69	55.38	25.01	14.42						COMPLETED	0:0	03:20:40	03:20:18	2798304K	6030	
phase2_14402.log	14402		1	phase2	2026-08-30	phase2		safe_push_point	1	safe_push_point	14	p3o_ewc		by_const	25	25	904		1e-3	1e-2		vanilla	1			F_vanilla	F_vanilla	models/diag_safe_push_point_L14_p3o_budget_nosink_by_const_lr1e3ent_d25_s904/anchor	safe_push_point	14	by_const		25	904	models/cl_safe_push_pointL14tosafe_push_pointL1_by_const_d25to25_vanilla_c1_s904/final					45.69	18.66	7.93	57.86	26.38	12.47						COMPLETED	0:0	04:16:58	04:16:26	2696720K	6030	
phase2_14403.log	14403		1	phase2	2026-08-30	phase2		safe_push_point	1	safe_push_point	14	p3o_ewc		by_const	25	25	905		1e-3	1e-2		vanilla	1			F_vanilla	F_vanilla	models/diag_safe_push_point_L14_p3o_budget_nosink_by_const_lr1e3ent_d25_s905/anchor	safe_push_point	14	by_const		25	905	models/cl_safe_push_pointL14tosafe_push_pointL1_by_const_d25to25_vanilla_c1_s905/final					51.37	23.78	11.28	66.28	14.22	9.07						COMPLETED	0:0	04:15:41	04:15:10	2502208K	6030	
phase2_14404.log	14404		1	phase2	2026-08-30	phase2		safe_push_point	1	safe_push_point	14	p3o_ewc		by_const	25	25	904		1e-3	1e-2		naive	0					models/diag_safe_push_point_L14_p3o_budget_nosink_by_const_lr1e3ent_d25_s904/anchor	safe_push_point	14	by_const		25	904																	FAILED	1:0	00:00:39	00:43.491	1212312K	186	
phase2_14405.log	14405		1	phase2	2026-08-30	phase2		safe_push_point	1	safe_push_point	14	p3o_ewc		by_const	25	25	905		1e-3	1e-2		naive	0					models/diag_safe_push_point_L14_p3o_budget_nosink_by_const_lr1e3ent_d25_s905/anchor	safe_push_point	14	by_const		25	905	models/cl_safe_push_pointL14tosafe_push_pointL1_by_const_d25to25_naive_c10000_s905/final					3.87	163.12	214.15	0.15	0.09	0.73						COMPLETED	0:0	04:15:49	04:15:19	2562672K	6029	
phase2_14406.log	14406		1	phase2	2026-08-30	phase2		safe_push_point	14	safe_push_point	14	p3o_ewc		by_const	5	25	901		1e-3	1e-2		naive	0					models/diag_safe_push_point_L14_p3o_budget_nosink_by_const_lr1e3ent_d25_s901/anchor	safe_push_point	14	by_const		25	901	models/cl_safe_push_pointL14tosafe_push_pointL14_by_const_d25to5_naive_c10000_100e6_s901/final								36.41	5.20	6.13						COMPLETED	0:0	01:14:28	01:14:21	2608768K	1602	
phase2_14408.log	14408		1	phase2	2026-08-30	phase2		safe_push_point	8	safe_push_point	14	p3o_ewc		by_const	25	25	901		1e-3	1e-2		realvb	10			F_vanilla	F_vanilla	models/diag_safe_push_point_L14_p3o_budget_nosink_by_const_lr1e3ent_d25_s901/anchor	safe_push_point	14	by_const		25	901	models/cl_safe_push_pointL14tosafe_push_pointL8_by_const_d25to25_realvb_c10_s901/final					48.95	22.72	10.01	50.19	13.66	6.90						COMPLETED	0:0	03:05:48	03:05:36	2996188K	6036	
phase2_14409.log	14409		1	phase2	2026-08-30	phase2		safe_push_point	8	safe_push_point	14	p3o_ewc		by_const	25	25	902		1e-3	1e-2		realvb	10			F_vanilla	F_vanilla	models/diag_safe_push_point_L14_p3o_budget_nosink_by_const_lr1e3ent_d25_s902/anchor	safe_push_point	14	by_const		25	902																	FAILED	1:0	00:00:43	00:50.594	1147148K	187	
phase2_14410.log	14410		1	phase2	2026-08-30	phase2		safe_push_point	8	safe_push_point	14	p3o_ewc		by_const	25	25	903		1e-3	1e-2		realvb	10			F_vanilla	F_vanilla	models/diag_safe_push_point_L14_p3o_budget_nosink_by_const_lr1e3ent_d25_s903/anchor	safe_push_point	14	by_const		25	903																	FAILED	1:0	00:00:43	00:49.891	1143100K	187	
phase2_14411.log	14411		1	phase2	2026-08-30	phase2		safe_push_point	8	safe_push_point	14	p3o_ewc		by_const	25	25	904		1e-3	1e-2		realvb	10			F_vanilla	F_vanilla	models/diag_safe_push_point_L14_p3o_budget_nosink_by_const_lr1e3ent_d25_s904/anchor	safe_push_point	14	by_const		25	904	models/cl_safe_push_pointL14tosafe_push_pointL8_by_const_d25to25_realvb_c10_s904/final					50.34	23.91	10.22	51.30	17.18	8.85						COMPLETED	0:0	03:03:02	03:02:35	3660020K	6035	
phase2_14412.log	14412		1	phase2	2026-08-30	phase2		safe_push_point	8	safe_push_point	14	p3o_ewc		by_const	25	25	905		1e-3	1e-2		realvb	10			F_vanilla	F_vanilla	models/diag_safe_push_point_L14_p3o_budget_nosink_by_const_lr1e3ent_d25_s905/anchor	safe_push_point	14	by_const		25	905																	FAILED	1:0	00:00:42	00:50.189	1149080K	187	
phase2_14414.log	14414		1	phase2	2026-08-30	phase2		safe_push_point	8	safe_push_point	14	p3o_ewc		by_const	25	25	901		1e-3	1e-2		l2	10			F_vanilla	F_vanilla	models/diag_safe_push_point_L14_p3o_budget_nosink_by_const_lr1e3ent_d25_s901/anchor	safe_push_point	14	by_const		25	901																	FAILED	1:0	00:00:43	00:49.367	1155760K	187	
phase2_14415.log	14415		1	phase2	2026-08-30	phase2		safe_push_point	8	safe_push_point	14	p3o_ewc		by_const	25	25	902		1e-3	1e-2		l2	10			F_vanilla	F_vanilla	models/diag_safe_push_point_L14_p3o_budget_nosink_by_const_lr1e3ent_d25_s902/anchor	safe_push_point	14	by_const		25	902																	FAILED	1:0	00:00:41	00:49.339	1154956K	187	
phase2_14416.log	14416		1	phase2	2026-08-30	phase2		safe_push_point	8	safe_push_point	14	p3o_ewc		by_const	25	25	903		1e-3	1e-2		l2	10			F_vanilla	F_vanilla	models/diag_safe_push_point_L14_p3o_budget_nosink_by_const_lr1e3ent_d25_s903/anchor	safe_push_point	14	by_const		25	903																	FAILED	1:0	00:00:43	00:49.831	1154428K	187	
phase2_14417.log	14417		1	phase2	2026-08-30	phase2		safe_push_point	8	safe_push_point	14	p3o_ewc		by_const	25	25	904		1e-3	1e-2		l2	10			F_vanilla	F_vanilla	models/diag_safe_push_point_L14_p3o_budget_nosink_by_const_lr1e3ent_d25_s904/anchor	safe_push_point	14	by_const		25	904																	FAILED	1:0	00:00:43	00:49.694	1157804K	187	
phase2_14418.log	14418		1	phase2	2026-08-30	phase2		safe_push_point	8	safe_push_point	14	p3o_ewc		by_const	25	25	905		1e-3	1e-2		l2	10			F_vanilla	F_vanilla	models/diag_safe_push_point_L14_p3o_budget_nosink_by_const_lr1e3ent_d25_s905/anchor	safe_push_point	14	by_const		25	905	models/cl_safe_push_pointL14tosafe_push_pointL8_by_const_d25to25_l2_c10_s905/final					59.81	27.14	12.58	60.66	17.65	13.87						COMPLETED	0:0	03:02:27	03:02:25	3007768K	6035	
phase2_14421.log	14421		1	phase2	2026-08-30	phase2		safe_push_point	1	safe_push_point	14	p3o_ewc		by_const	25	25	901		1e-3	1e-2		realvb	1			F_vanilla	F_vanilla	models/diag_safe_push_point_L14_p3o_budget_nosink_by_const_lr1e3ent_d25_s901/anchor	safe_push_point	14	by_const		25	901																	FAILED	1:0	00:00:40	00:43.464	1206652K	187	
phase2_14422.log	14422		1	phase2	2026-08-30	phase2		safe_push_point	1	safe_push_point	14	p3o_ewc		by_const	25	25	902		1e-3	1e-2		realvb	1			F_vanilla	F_vanilla	models/diag_safe_push_point_L14_p3o_budget_nosink_by_const_lr1e3ent_d25_s902/anchor	safe_push_point	14	by_const		25	902																	FAILED	1:0	00:00:38	00:43.392	1203292K	187	
phase2_14423.log	14423		1	phase2	2026-08-30	phase2		safe_push_point	1	safe_push_point	14	p3o_ewc		by_const	25	25	903		1e-3	1e-2		realvb	1			F_vanilla	F_vanilla	models/diag_safe_push_point_L14_p3o_budget_nosink_by_const_lr1e3ent_d25_s903/anchor	safe_push_point	14	by_const		25	903																	FAILED	1:0	00:00:39	00:43.421	1202604K	187	
phase2_14424.log	14424		1	phase2	2026-08-30	phase2		safe_push_point	1	safe_push_point	14	p3o_ewc		by_const	25	25	904		1e-3	1e-2		realvb	1			F_vanilla	F_vanilla	models/diag_safe_push_point_L14_p3o_budget_nosink_by_const_lr1e3ent_d25_s904/anchor	safe_push_point	14	by_const		25	904																	FAILED	1:0	00:00:39	00:43.618	1199440K	187	
phase2_14425.log	14425		1	phase2	2026-08-30	phase2		safe_push_point	1	safe_push_point	14	p3o_ewc		by_const	25	25	905		1e-3	1e-2		realvb	1			F_vanilla	F_vanilla	models/diag_safe_push_point_L14_p3o_budget_nosink_by_const_lr1e3ent_d25_s905/anchor	safe_push_point	14	by_const		25	905																	FAILED	1:0	00:00:38	00:43.820	1200852K	187	
phase2_14426.log	14426		1	phase2	2026-08-30	phase2		safe_push_point	1	safe_push_point	14	p3o_ewc		by_const	25	25	901		1e-3	1e-2		l2	1			F_vanilla	F_vanilla	models/diag_safe_push_point_L14_p3o_budget_nosink_by_const_lr1e3ent_d25_s901/anchor	safe_push_point	14	by_const		25	901																	FAILED	1:0	00:00:39	00:44.091	1210396K	187	
phase2_14427.log	14427		1	phase2	2026-08-30	phase2		safe_push_point	1	safe_push_point	14	p3o_ewc		by_const	25	25	902		1e-3	1e-2		l2	1			F_vanilla	F_vanilla	models/diag_safe_push_point_L14_p3o_budget_nosink_by_const_lr1e3ent_d25_s902/anchor	safe_push_point	14	by_const		25	902																	FAILED	1:0	00:00:39	00:43.810	1209092K	187	
phase2_14428.log	14428		1	phase2	2026-08-30	phase2		safe_push_point	1	safe_push_point	14	p3o_ewc		by_const	25	25	903		1e-3	1e-2		l2	1			F_vanilla	F_vanilla	models/diag_safe_push_point_L14_p3o_budget_nosink_by_const_lr1e3ent_d25_s903/anchor	safe_push_point	14	by_const		25	903																	FAILED	1:0	00:00:39	00:43.726	1207432K	187	
phase2_14429.log	14429		1	phase2	2026-08-30	phase2		safe_push_point	1	safe_push_point	14	p3o_ewc		by_const	25	25	904		1e-3	1e-2		l2	1			F_vanilla	F_vanilla	models/diag_safe_push_point_L14_p3o_budget_nosink_by_const_lr1e3ent_d25_s904/anchor	safe_push_point	14	by_const		25	904																	FAILED	1:0	00:00:40	00:43.702	1208976K	187	
phase2_14430.log	14430		1	phase2	2026-08-30	phase2		safe_push_point	1	safe_push_point	14	p3o_ewc		by_const	25	25	905		1e-3	1e-2		l2	1			F_vanilla	F_vanilla	models/diag_safe_push_point_L14_p3o_budget_nosink_by_const_lr1e3ent_d25_s905/anchor	safe_push_point	14	by_const		25	905																	FAILED	1:0	00:00:39	00:44.547	1204348K	187	
phase2_14535.log	14535		1	phase2	2026-08-30	phase2		safe_push_point	1	safe_push_point	14	p3o_ewc		by_const	25	25	904		1e-3	1e-2		naive	0					models/diag_safe_push_point_L14_p3o_budget_nosink_by_const_lr1e3ent_d25_s904/anchor	safe_push_point	14	by_const		25	904																	FAILED	1:0	00:00:05	00:01.439	177908K	32	
phase2_14536.log	14536		1	phase2	2026-08-30	phase2		safe_push_point	8	safe_push_point	14	p3o_ewc		by_const	25	25	902		1e-3	1e-2		realvb	10			F_vanilla	F_vanilla	models/diag_safe_push_point_L14_p3o_budget_nosink_by_const_lr1e3ent_d25_s902/anchor	safe_push_point	14	by_const		25	902																	FAILED	1:0	00:00:06	00:01.428	177188K	32	
phase2_14537.log	14537		1	phase2	2026-08-30	phase2		safe_push_point	8	safe_push_point	14	p3o_ewc		by_const	25	25	903		1e-3	1e-2		realvb	10			F_vanilla	F_vanilla	models/diag_safe_push_point_L14_p3o_budget_nosink_by_const_lr1e3ent_d25_s903/anchor	safe_push_point	14	by_const		25	903																	FAILED	1:0	00:00:05	00:01.435	178012K	32	
phase2_14538.log	14538		1	phase2	2026-08-30	phase2		safe_push_point	8	safe_push_point	14	p3o_ewc		by_const	25	25	905		1e-3	1e-2		realvb	10			F_vanilla	F_vanilla	models/diag_safe_push_point_L14_p3o_budget_nosink_by_const_lr1e3ent_d25_s905/anchor	safe_push_point	14	by_const		25	905																	FAILED	1:0	00:00:06	00:01.435	177104K	32	
phase2_14539.log	14539		1	phase2	2026-08-30	phase2		safe_push_point	8	safe_push_point	14	p3o_ewc		by_const	25	25	901		1e-3	1e-2		l2	10			F_vanilla	F_vanilla	models/diag_safe_push_point_L14_p3o_budget_nosink_by_const_lr1e3ent_d25_s901/anchor	safe_push_point	14	by_const		25	901																	FAILED	1:0	00:00:06	00:01.436	178068K	32	
phase2_14540.log	14540		1	phase2	2026-08-30	phase2		safe_push_point	8	safe_push_point	14	p3o_ewc		by_const	25	25	902		1e-3	1e-2		l2	10			F_vanilla	F_vanilla	models/diag_safe_push_point_L14_p3o_budget_nosink_by_const_lr1e3ent_d25_s902/anchor	safe_push_point	14	by_const		25	902																	FAILED	1:0	00:00:06	00:01.442	177708K	32	
phase2_14541.log	14541		1	phase2	2026-08-30	phase2		safe_push_point	8	safe_push_point	14	p3o_ewc		by_const	25	25	903		1e-3	1e-2		l2	10			F_vanilla	F_vanilla	models/diag_safe_push_point_L14_p3o_budget_nosink_by_const_lr1e3ent_d25_s903/anchor	safe_push_point	14	by_const		25	903																	FAILED	1:0	00:00:06	00:01.458	179464K	32	
phase2_14542.log	14542		1	phase2	2026-08-30	phase2		safe_push_point	8	safe_push_point	14	p3o_ewc		by_const	25	25	904		1e-3	1e-2		l2	10			F_vanilla	F_vanilla	models/diag_safe_push_point_L14_p3o_budget_nosink_by_const_lr1e3ent_d25_s904/anchor	safe_push_point	14	by_const		25	904																	FAILED	1:0	00:00:06	00:01.455	179332K	32	
phase2_14543.log	14543		1	phase2	2026-08-30	phase2		safe_push_point	1	safe_push_point	14	p3o_ewc		by_const	25	25	901		1e-3	1e-2		realvb	1			F_vanilla	F_vanilla	models/diag_safe_push_point_L14_p3o_budget_nosink_by_const_lr1e3ent_d25_s901/anchor	safe_push_point	14	by_const		25	901																	FAILED	1:0	00:00:06	00:01.448	177908K	32	
phase2_14544.log	14544		1	phase2	2026-08-30	phase2		safe_push_point	1	safe_push_point	14	p3o_ewc		by_const	25	25	902		1e-3	1e-2		realvb	1			F_vanilla	F_vanilla	models/diag_safe_push_point_L14_p3o_budget_nosink_by_const_lr1e3ent_d25_s902/anchor	safe_push_point	14	by_const		25	902																	FAILED	1:0	00:00:06	00:01.448	177864K	32	
phase2_14545.log	14545		1	phase2	2026-08-30	phase2		safe_push_point	1	safe_push_point	14	p3o_ewc		by_const	25	25	903		1e-3	1e-2		realvb	1			F_vanilla	F_vanilla	models/diag_safe_push_point_L14_p3o_budget_nosink_by_const_lr1e3ent_d25_s903/anchor	safe_push_point	14	by_const		25	903																	FAILED	1:0	00:00:06	00:01.459	177976K	32	
phase2_14546.log	14546		1	phase2	2026-08-30	phase2		safe_push_point	1	safe_push_point	14	p3o_ewc		by_const	25	25	904		1e-3	1e-2		realvb	1			F_vanilla	F_vanilla	models/diag_safe_push_point_L14_p3o_budget_nosink_by_const_lr1e3ent_d25_s904/anchor	safe_push_point	14	by_const		25	904	models/cl_safe_push_pointL14tosafe_push_pointL1_by_const_d25to25_realvb_c1_s904/final					31.20	17.83	7.80	43.53	19.55	12.35						COMPLETED	0:0	04:13:00	04:12:51	2952636K	6036	
phase2_14547.log	14547		1	phase2	2026-08-30	phase2		safe_push_point	1	safe_push_point	14	p3o_ewc		by_const	25	25	905		1e-3	1e-2		realvb	1			F_vanilla	F_vanilla	models/diag_safe_push_point_L14_p3o_budget_nosink_by_const_lr1e3ent_d25_s905/anchor	safe_push_point	14	by_const		25	905																	FAILED	1:0	00:00:05	00:01.434	177028K	32	
phase2_14548.log	14548		1	phase2	2026-08-30	phase2		safe_push_point	1	safe_push_point	14	p3o_ewc		by_const	25	25	901		1e-3	1e-2		l2	1			F_vanilla	F_vanilla	models/diag_safe_push_point_L14_p3o_budget_nosink_by_const_lr1e3ent_d25_s901/anchor	safe_push_point	14	by_const		25	901																	FAILED	1:0	00:00:06	00:01.466	177156K	32	
phase2_14549.log	14549		1	phase2	2026-08-30	phase2		safe_push_point	1	safe_push_point	14	p3o_ewc		by_const	25	25	902		1e-3	1e-2		l2	1			F_vanilla	F_vanilla	models/diag_safe_push_point_L14_p3o_budget_nosink_by_const_lr1e3ent_d25_s902/anchor	safe_push_point	14	by_const		25	902																	FAILED	1:0	00:00:06	00:01.445	177116K	32	
phase2_14550.log	14550		1	phase2	2026-08-30	phase2		safe_push_point	1	safe_push_point	14	p3o_ewc		by_const	25	25	903		1e-3	1e-2		l2	1			F_vanilla	F_vanilla	models/diag_safe_push_point_L14_p3o_budget_nosink_by_const_lr1e3ent_d25_s903/anchor	safe_push_point	14	by_const		25	903																	FAILED	1:0	00:00:06	00:01.446	179552K	32	
phase2_14551.log	14551		1	phase2	2026-08-30	phase2		safe_push_point	1	safe_push_point	14	p3o_ewc		by_const	25	25	904		1e-3	1e-2		l2	1			F_vanilla	F_vanilla	models/diag_safe_push_point_L14_p3o_budget_nosink_by_const_lr1e3ent_d25_s904/anchor	safe_push_point	14	by_const		25	904																	FAILED	1:0	00:00:06	00:01.448	177796K	32	
phase2_14552.log	14552		1	phase2	2026-08-30	phase2		safe_push_point	1	safe_push_point	14	p3o_ewc		by_const	25	25	905		1e-3	1e-2		l2	1			F_vanilla	F_vanilla	models/diag_safe_push_point_L14_p3o_budget_nosink_by_const_lr1e3ent_d25_s905/anchor	safe_push_point	14	by_const		25	905																	FAILED	1:0	00:00:06	00:01.443	177944K	32	
phase2_14581.log	14581		1	phase2	2026-08-30	phase2		safe_push_point	1	safe_push_point	14	p3o_ewc		by_const	25	25	904		1e-3	1e-2		naive	0					models/diag_safe_push_point_L14_p3o_budget_nosink_by_const_lr1e3ent_d25_s904/anchor	safe_push_point	14	by_const		25	904	models/cl_safe_push_pointL14tosafe_push_pointL1_by_const_d25to25_naive_c10000_s904/final					58.90	229.79	38.49	77.38	27.11	15.09						COMPLETED	0:0	04:14:49	04:14:41	2934940K	6037	
phase2_14582.log	14582		1	phase2	2026-08-30	phase2		safe_push_point	8	safe_push_point	14	p3o_ewc		by_const	25	25	902		1e-3	1e-2		realvb	10			F_vanilla	F_vanilla	models/diag_safe_push_point_L14_p3o_budget_nosink_by_const_lr1e3ent_d25_s902/anchor	safe_push_point	14	by_const		25	902	models/cl_safe_push_pointL14tosafe_push_pointL8_by_const_d25to25_realvb_c10_s902/final					58.33	22.82	10.40	60.64	14.12	8.95						COMPLETED	0:0	03:02:12	03:02:17	2992844K	6038	
phase2_14583.log	14583		1	phase2	2026-08-30	phase2		safe_push_point	8	safe_push_point	14	p3o_ewc		by_const	25	25	903		1e-3	1e-2		realvb	10			F_vanilla	F_vanilla	models/diag_safe_push_point_L14_p3o_budget_nosink_by_const_lr1e3ent_d25_s903/anchor	safe_push_point	14	by_const		25	903	models/cl_safe_push_pointL14tosafe_push_pointL8_by_const_d25to25_realvb_c10_s903/final					60.06	25.83	10.69	61.52	17.02	9.62						COMPLETED	0:0	03:06:04	03:05:52	2994764K	6038	
phase2_14584.log	14584		1	phase2	2026-08-30	phase2		safe_push_point	8	safe_push_point	14	p3o_ewc		by_const	25	25	905		1e-3	1e-2		realvb	10			F_vanilla	F_vanilla	models/diag_safe_push_point_L14_p3o_budget_nosink_by_const_lr1e3ent_d25_s905/anchor	safe_push_point	14	by_const		25	905	models/cl_safe_push_pointL14tosafe_push_pointL8_by_const_d25to25_realvb_c10_s905/final					59.26	25.98	10.14	60.47	22.40	85.14						COMPLETED	0:0	03:02:10	03:02:13	2985848K	6038	
phase2_14585.log	14585		1	phase2	2026-08-30	phase2		safe_push_point	8	safe_push_point	14	p3o_ewc		by_const	25	25	901		1e-3	1e-2		l2	10			F_vanilla	F_vanilla	models/diag_safe_push_point_L14_p3o_budget_nosink_by_const_lr1e3ent_d25_s901/anchor	safe_push_point	14	by_const		25	901	models/cl_safe_push_pointL14tosafe_push_pointL8_by_const_d25to25_l2_c10_s901/final					48.97	23.66	9.49	50.09	17.59	35.77						COMPLETED	0:0	02:49:22	02:49:07	2669212K	6032	
phase2_14586.log	14586		1	phase2	2026-08-30	phase2		safe_push_point	8	safe_push_point	14	p3o_ewc		by_const	25	25	902		1e-3	1e-2		l2	10			F_vanilla	F_vanilla	models/diag_safe_push_point_L14_p3o_budget_nosink_by_const_lr1e3ent_d25_s902/anchor	safe_push_point	14	by_const		25	902	models/cl_safe_push_pointL14tosafe_push_pointL8_by_const_d25to25_l2_c10_s902/final					58.20	23.31	9.91	60.17	13.74	8.30						COMPLETED	0:0	03:04:13	03:04:06	2993980K	6038	
phase2_14587.log	14587		1	phase2	2026-08-30	phase2		safe_push_point	8	safe_push_point	14	p3o_ewc		by_const	25	25	903		1e-3	1e-2		l2	10			F_vanilla	F_vanilla	models/diag_safe_push_point_L14_p3o_budget_nosink_by_const_lr1e3ent_d25_s903/anchor	safe_push_point	14	by_const		25	903	models/cl_safe_push_pointL14tosafe_push_pointL8_by_const_d25to25_l2_c10_s903/final					59.61	26.53	10.85	61.11	16.35	7.45						COMPLETED	0:0	02:49:10	02:48:53	2850492K	6031	
phase2_14588.log	14588		1	phase2	2026-08-30	phase2		safe_push_point	8	safe_push_point	14	p3o_ewc		by_const	25	25	904		1e-3	1e-2		l2	10			F_vanilla	F_vanilla	models/diag_safe_push_point_L14_p3o_budget_nosink_by_const_lr1e3ent_d25_s904/anchor	safe_push_point	14	by_const		25	904	models/cl_safe_push_pointL14tosafe_push_pointL8_by_const_d25to25_l2_c10_s904/final					49.90	25.69	10.40	51.32	16.32	7.37						COMPLETED	0:0	03:02:13	03:02:14	3004956K	6036	
phase2_14589.log	14589		1	phase2	2026-08-30	phase2		safe_push_point	1	safe_push_point	14	p3o_ewc		by_const	25	25	901		1e-3	1e-2		realvb	1			F_vanilla	F_vanilla	models/diag_safe_push_point_L14_p3o_budget_nosink_by_const_lr1e3ent_d25_s901/anchor	safe_push_point	14	by_const		25	901	models/cl_safe_push_pointL14tosafe_push_pointL1_by_const_d25to25_realvb_c1_s901/final					40.73	18.05	11.03	55.05	24.52	14.26						COMPLETED	0:0	04:13:58	04:13:50	2946320K	6036	
phase2_14590.log	14590		1	phase2	2026-08-30	phase2		safe_push_point	1	safe_push_point	14	p3o_ewc		by_const	25	25	902		1e-3	1e-2		realvb	1			F_vanilla	F_vanilla	models/diag_safe_push_point_L14_p3o_budget_nosink_by_const_lr1e3ent_d25_s902/anchor	safe_push_point	14	by_const		25	902	models/cl_safe_push_pointL14tosafe_push_pointL1_by_const_d25to25_realvb_c1_s902/final					49.09	16.05	7.56	65.79	17.51	9.01						COMPLETED	0:0	04:14:23	04:14:16	2946672K	6036	
phase2_14591.log	14591		1	phase2	2026-08-30	phase2		safe_push_point	1	safe_push_point	14	p3o_ewc		by_const	25	25	903		1e-3	1e-2		realvb	1			F_vanilla	F_vanilla	models/diag_safe_push_point_L14_p3o_budget_nosink_by_const_lr1e3ent_d25_s903/anchor	safe_push_point	14	by_const		25	903	models/cl_safe_push_pointL14tosafe_push_pointL1_by_const_d25to25_realvb_c1_s903/final					51.99	21.97	10.58	65.77	16.62	8.69						COMPLETED	0:0	04:14:42	04:14:23	2951408K	6036	
phase2_14592.log	14592		1	phase2	2026-08-30	phase2		safe_push_point	1	safe_push_point	14	p3o_ewc		by_const	25	25	905		1e-3	1e-2		realvb	1			F_vanilla	F_vanilla	models/diag_safe_push_point_L14_p3o_budget_nosink_by_const_lr1e3ent_d25_s905/anchor	safe_push_point	14	by_const		25	905	models/cl_safe_push_pointL14tosafe_push_pointL1_by_const_d25to25_realvb_c1_s905/final					51.36	21.48	9.20	66.33	14.94	8.10						COMPLETED	0:0	04:12:59	04:12:49	2941248K	6036	
phase2_14593.log	14593		1	phase2	2026-08-30	phase2		safe_push_point	1	safe_push_point	14	p3o_ewc		by_const	25	25	901		1e-3	1e-2		l2	1			F_vanilla	F_vanilla	models/diag_safe_push_point_L14_p3o_budget_nosink_by_const_lr1e3ent_d25_s901/anchor	safe_push_point	14	by_const		25	901	models/cl_safe_push_pointL14tosafe_push_pointL1_by_const_d25to25_l2_c1_s901/final					41.10	17.70	8.89	56.50	22.78	11.24						COMPLETED	0:0	04:12:27	04:12:12	2962520K	6037	
phase2_14594.log	14594		1	phase2	2026-08-30	phase2		safe_push_point	1	safe_push_point	14	p3o_ewc		by_const	25	25	902		1e-3	1e-2		l2	1			F_vanilla	F_vanilla	models/diag_safe_push_point_L14_p3o_budget_nosink_by_const_lr1e3ent_d25_s902/anchor	safe_push_point	14	by_const		25	902	models/cl_safe_push_pointL14tosafe_push_pointL1_by_const_d25to25_l2_c1_s902/final					49.94	14.46	9.51	64.76	15.81	9.31						COMPLETED	0:0	03:20:31	03:20:12	2716252K	6032	
phase2_14595.log	14595		1	phase2	2026-08-30	phase2		safe_push_point	1	safe_push_point	14	p3o_ewc		by_const	25	25	903		1e-3	1e-2		l2	1			F_vanilla	F_vanilla	models/diag_safe_push_point_L14_p3o_budget_nosink_by_const_lr1e3ent_d25_s903/anchor	safe_push_point	14	by_const		25	903	models/cl_safe_push_pointL14tosafe_push_pointL1_by_const_d25to25_l2_c1_s903/final					52.21	22.93	10.73	65.88	17.95	10.36						COMPLETED	0:0	04:18:18	04:17:58	3163080K	6038	
phase2_14596.log	14596		1	phase2	2026-08-30	phase2		safe_push_point	1	safe_push_point	14	p3o_ewc		by_const	25	25	904		1e-3	1e-2		l2	1			F_vanilla	F_vanilla	models/diag_safe_push_point_L14_p3o_budget_nosink_by_const_lr1e3ent_d25_s904/anchor	safe_push_point	14	by_const		25	904	models/cl_safe_push_pointL14tosafe_push_pointL1_by_const_d25to25_l2_c1_s904/final					43.72	19.99	10.21	57.17	24.52	10.77						COMPLETED	0:0	03:20:36	03:20:11	2611536K	6031	
phase2_14597.log	14597		1	phase2	2026-08-30	phase2		safe_push_point	1	safe_push_point	14	p3o_ewc		by_const	25	25	905		1e-3	1e-2		l2	1			F_vanilla	F_vanilla	models/diag_safe_push_point_L14_p3o_budget_nosink_by_const_lr1e3ent_d25_s905/anchor	safe_push_point	14	by_const		25	905	models/cl_safe_push_pointL14tosafe_push_pointL1_by_const_d25to25_l2_c1_s905/final					53.77	20.35	9.64	67.28	14.04	8.19						COMPLETED	0:0	04:15:04	04:14:44	2952748K	6038	
phase2_16326.log	16326		1	phase2	2026-08-30	phase2		safe_push_point	14	safe_push_point	14	p3o_ewc		by_const	5	25	901		1e-3	1e-2		vanilla	0.01			F_vanilla	F_vanilla	models/diag_safe_push_point_L14_p3o_budget_nosink_by_const_lr1e3ent_d25_s901/anchor	safe_push_point	14	by_const		25	901	models/cl_safe_push_pointL14tosafe_push_pointL14_by_const_d25to5_vanilla_c0.01_s901/final								30.19	4.71	5.06						COMPLETED	0:0	03:11:06	03:10:50	2988984K	6017	
phase2_16328.log	16328		1	phase2	2026-08-30	phase2		safe_push_point	14	safe_push_point	14	p3o_ewc		by_const	5	25	902		1e-3	1e-2		vanilla	0.01			F_vanilla	F_vanilla	models/diag_safe_push_point_L14_p3o_budget_nosink_by_const_lr1e3ent_d25_s902/anchor	safe_push_point	14	by_const		25	902	models/cl_safe_push_pointL14tosafe_push_pointL14_by_const_d25to5_vanilla_c0.01_s902/final								38.91	5.57	5.77						COMPLETED	0:0	03:08:12	03:07:57	2985188K	6017	
phase2_16330.log	16330		1	phase2	2026-08-30	phase2		safe_push_point	14	safe_push_point	14	p3o_ewc		by_const	5	25	903		1e-3	1e-2		vanilla	0.01			F_vanilla	F_vanilla	models/diag_safe_push_point_L14_p3o_budget_nosink_by_const_lr1e3ent_d25_s903/anchor	safe_push_point	14	by_const		25	903	models/cl_safe_push_pointL14tosafe_push_pointL14_by_const_d25to5_vanilla_c0.01_s903/final								25.28	3.94	4.98						COMPLETED	0:0	02:55:48	02:55:38	2658980K	6012	
phase2_17508.log	17508		1	phase2	2026-08-31	phase2		safe_push_point	14	safe_push_point	11	p3o_ewc		by_const	25	25	901		1e-3	1e-2		l2	10	1.0	0.0	ONES	F_cost	models/diag_safe_push_point_L11_p3o_budget_nosink_by_const_lr1e3ent_d25_s901/anchor							models/cl_safe_push_pointL11tosafe_push_pointL14_by_const_d25to25_l2_c10_s901/final				l11l14_fill	48.37	31.37	11.49	42.96	24.25	37.70						COMPLETED	0:0	02:58:51	02:58:41		6034	
phase2_17509.log	17509		1	phase2	2026-08-31	phase2		safe_push_point	14	safe_push_point	11	p3o_ewc		by_const	25	25	902		1e-3	1e-2		l2	10	1.0	0.0	ONES	F_cost	models/diag_safe_push_point_L11_p3o_budget_nosink_by_const_lr1e3ent_d25_s902/anchor							models/cl_safe_push_pointL11tosafe_push_pointL14_by_const_d25to25_l2_c10_s902/final				l11l14_fill	62.40	35.47	15.27	57.24	22.94	9.93						COMPLETED	0:0	02:58:51	02:58:43		6034	
phase2_17510.log	17510		1	phase2	2026-08-31	phase2		safe_push_point	14	safe_push_point	11	p3o_ewc		by_const	25	25	903		1e-3	1e-2		l2	10	1.0	0.0	ONES	F_cost	models/diag_safe_push_point_L11_p3o_budget_nosink_by_const_lr1e3ent_d25_s903/anchor							models/cl_safe_push_pointL11tosafe_push_pointL14_by_const_d25to25_l2_c10_s903/final				l11l14_fill	55.56	31.41	11.24	48.31	27.55	17.63						COMPLETED	0:0	02:58:56	02:58:45		6033	
phase2_17511.log	17511		1	phase2	2026-08-31	phase2		safe_push_point	14	safe_push_point	11	p3o_ewc		by_const	25	25	904		1e-3	1e-2		l2	10	1.0	0.0	ONES	F_cost	models/diag_safe_push_point_L11_p3o_budget_nosink_by_const_lr1e3ent_d25_s904/anchor							models/cl_safe_push_pointL11tosafe_push_pointL14_by_const_d25to25_l2_c10_s904/final				l11l14_fill	51.70	38.60	10.25	46.75	25.73	15.61						COMPLETED	0:0	02:58:37	02:58:27		6034	
phase2_17512.log	17512		1	phase2	2026-08-31	phase2		safe_push_point	14	safe_push_point	11	p3o_ewc		by_const	25	25	905		1e-3	1e-2		l2	10	1.0	0.0	ONES	F_cost	models/diag_safe_push_point_L11_p3o_budget_nosink_by_const_lr1e3ent_d25_s905/anchor							models/cl_safe_push_pointL11tosafe_push_pointL14_by_const_d25to25_l2_c10_s905/final				l11l14_fill	61.98	34.42	12.01	56.68	23.57	11.01						COMPLETED	0:0	03:12:00	03:12:05		6039	
phase2_17516.log	17516		1	phase2	2026-08-31	phase2		safe_push_point	14	safe_push_point	11	p3o_ewc		by_const	25	25	904		1e-3	1e-2		realvb	10	1.0	0.0	F_cost_realvb	F_cost	models/diag_safe_push_point_L11_p3o_budget_nosink_by_const_lr1e3ent_d25_s904/anchor							models/cl_safe_push_pointL11tosafe_push_pointL14_by_const_d25to25_realvb_c10_s904/final				l11l14_fill	52.61	38.96	10.19	47.66	23.14	8.89						COMPLETED	0:0	03:13:02	03:13:14		6040	
phase2_17517.log	17517		1	phase2	2026-08-31	phase2		safe_push_point	14	safe_push_point	11	p3o_ewc		by_const	25	25	905		1e-3	1e-2		realvb	10	1.0	0.0	F_cost_realvb	F_cost	models/diag_safe_push_point_L11_p3o_budget_nosink_by_const_lr1e3ent_d25_s905/anchor							models/cl_safe_push_pointL11tosafe_push_pointL14_by_const_d25to25_realvb_c10_s905/final				l11l14_fill	63.27	35.90	12.74	56.77	24.92	11.92						COMPLETED	0:0	03:13:24	03:13:36		6039	
phase2_17518.log	17518		1	phase2	2026-08-31	phase2		safe_push_point	14	safe_push_point	11	p3o_ewc		by_const	25	25	904		1e-3	1e-2		vanilla	10	1.0	0.0	F_vanilla	F_cost	models/diag_safe_push_point_L11_p3o_budget_nosink_by_const_lr1e3ent_d25_s904/anchor							models/cl_safe_push_pointL11tosafe_push_pointL14_by_const_d25to25_vanilla_c10_s904/final				l11l14_fill	51.88	39.87	10.62	48.08	25.63	11.32						COMPLETED	0:0	03:11:50	03:11:58		6039	
phase2_17519.log	17519		1	phase2	2026-08-31	phase2		safe_push_point	14	safe_push_point	11	p3o_ewc		by_const	25	25	905		1e-3	1e-2		vanilla	10	1.0	0.0	F_vanilla	F_cost	models/diag_safe_push_point_L11_p3o_budget_nosink_by_const_lr1e3ent_d25_s905/anchor							models/cl_safe_push_pointL11tosafe_push_pointL14_by_const_d25to25_vanilla_c10_s905/final				l11l14_fill	63.01	28.41	8.95	56.60	24.53	12.02						COMPLETED	0:0	03:13:35	03:13:21		6039	
phase2_17520.log	17520		1	phase2	2026-08-31	phase2		safe_push_point	14	safe_push_point	11	p3o_ewc		by_const	25	25	904		1e-3	1e-2		naive	0					models/diag_safe_push_point_L11_p3o_budget_nosink_by_const_lr1e3ent_d25_s904/anchor							models/cl_safe_push_pointL11tosafe_push_pointL14_by_const_d25to25_naive_c10000_s904/final				l11l14_fill	57.91	61.16	15.31	55.82	25.15	12.26						COMPLETED	0:0	03:15:25	03:15:18		6039	
phase2_17521.log	17521		1	phase2	2026-08-31	phase2		safe_push_point	14	safe_push_point	11	p3o_ewc		by_const	25	25	905		1e-3	1e-2		naive	0					models/diag_safe_push_point_L11_p3o_budget_nosink_by_const_lr1e3ent_d25_s905/anchor							models/cl_safe_push_pointL11tosafe_push_pointL14_by_const_d25to25_naive_c10000_s905/final				l11l14_fill	67.31	49.63	11.81	65.79	20.79	9.17						COMPLETED	0:0	03:11:03	03:10:49		6040	
phase2_17528.log	17528		1	phase2	2026-08-31	phase2		safe_push_point	14	safe_push_point	14	p3o_ewc		by_const	25	15	901		1e-3	1e-2		vanilla	0.1	1.0	0.0	F_vanilla	F_cost	models/diag_safe_push_point_L14_p3o_budget_nosink_by_const_lr1e3ent_d15_s901/anchor							models/cl_safe_push_pointL14tosafe_push_pointL14_by_const_d15to25_vanilla_c0.1_s901/final				chain2_waveA				51.67	22.68	9.17						COMPLETED	0:0	03:13:15	03:12:59		6020	
phase2_17531.log	17531		1	phase2	2026-08-31	phase2		safe_push_point	14	safe_push_point	14	p3o_ewc		by_const	25	15	902		1e-3	1e-2		vanilla	0.1	1.0	0.0	F_vanilla	F_cost	models/diag_safe_push_point_L14_p3o_budget_nosink_by_const_lr1e3ent_d15_s902/anchor							models/cl_safe_push_pointL14tosafe_push_pointL14_by_const_d15to25_vanilla_c0.1_s902/final				chain2_waveA				59.38	24.98	10.44						COMPLETED	0:0	02:58:54	02:58:47		6015	
phase2_17534.log	17534		1	phase2	2026-08-31	phase2		safe_push_point	14	safe_push_point	14	p3o_ewc		by_const	25	15	903		1e-3	1e-2		vanilla	0.1	1.0	0.0	F_vanilla	F_cost	models/diag_safe_push_point_L14_p3o_budget_nosink_by_const_lr1e3ent_d15_s903/anchor							models/cl_safe_push_pointL14tosafe_push_pointL14_by_const_d15to25_vanilla_c0.1_s903/final				chain2_waveA				59.04	24.01	9.23						COMPLETED	0:0	03:10:43	03:10:29		6019	
phase2_17549.log	17549		1	phase2	2026-08-31	phase2		safe_push_point	14	safe_push_point	14	p3o_ewc		by_const	5	25	902		1e-3	1e-2		naive	0					models/diag_safe_push_point_L14_p3o_budget_nosink_by_const_lr1e3ent_d25_s902/anchor							models/cl_safe_push_pointL14tosafe_push_pointL14_by_const_d25to5_naive_c10000_100e6_s902/final				efficiency_n5				40.92	5.36	6.29						COMPLETED	0:0	00:44:21	44:32.277		1413	
phase2_17550.log	17550		1	phase2	2026-08-31	phase2		safe_push_point	14	safe_push_point	14	p3o_ewc		by_const	5	25	902		1e-3	1e-2		vanilla	0.01	1.0	0.0	F_vanilla	F_cost	models/diag_safe_push_point_L14_p3o_budget_nosink_by_const_lr1e3ent_d25_s902/anchor							models/cl_safe_push_pointL14tosafe_push_pointL14_by_const_d25to5_vanilla_c0.01_100e6_s902/final				efficiency_n5				33.07	5.11	6.26						COMPLETED	0:0	00:46:09	46:34.406		1419	
phase2_17551.log	17551		1	phase2	2026-08-31	phase2		safe_push_point	14	safe_push_point	14	p3o_ewc		by_const	10	25	902		1e-3	1e-2		naive	0					models/diag_safe_push_point_L14_p3o_budget_nosink_by_const_lr1e3ent_d25_s902/anchor							models/cl_safe_push_pointL14tosafe_push_pointL14_by_const_d25to10_naive_c10000_100e6_s902/final				efficiency_n5				55.14	10.55	7.65						COMPLETED	0:0	00:46:39	46:46.407		1418	
phase2_17552.log	17552		1	phase2	2026-08-31	phase2		safe_push_point	14	safe_push_point	14	p3o_ewc		by_const	10	25	902		1e-3	1e-2		vanilla	0.01	1.0	0.0	F_vanilla	F_cost	models/diag_safe_push_point_L14_p3o_budget_nosink_by_const_lr1e3ent_d25_s902/anchor							models/cl_safe_push_pointL14tosafe_push_pointL14_by_const_d25to10_vanilla_c0.01_100e6_s902/final				efficiency_n5				54.07	11.88	8.64						COMPLETED	0:0	00:44:22	44:29.801		1415	
phase2_17553.log	17553		1	phase2	2026-08-31	phase2		safe_push_point	14	safe_push_point	14	p3o_ewc		by_const	15	25	902		1e-3	1e-2		naive	0					models/diag_safe_push_point_L14_p3o_budget_nosink_by_const_lr1e3ent_d25_s902/anchor							models/cl_safe_push_pointL14tosafe_push_pointL14_by_const_d25to15_naive_c10000_100e6_s902/final				efficiency_n5				57.95	12.99	8.40						COMPLETED	0:0	00:46:00	46:25.961		1418	
phase2_17554.log	17554		1	phase2	2026-08-31	phase2		safe_push_point	14	safe_push_point	14	p3o_ewc		by_const	15	25	902		1e-3	1e-2		vanilla	0.01	1.0	0.0	F_vanilla	F_cost	models/diag_safe_push_point_L14_p3o_budget_nosink_by_const_lr1e3ent_d25_s902/anchor							models/cl_safe_push_pointL14tosafe_push_pointL14_by_const_d25to15_vanilla_c0.01_100e6_s902/final				efficiency_n5				59.03	15.79	8.65						COMPLETED	0:0	00:46:06	46:32.973		1419	
phase2_17555.log	17555		1	phase2	2026-08-31	phase2		safe_push_point	14	safe_push_point	14	p3o_ewc		by_const	5	25	903		1e-3	1e-2		naive	0					models/diag_safe_push_point_L14_p3o_budget_nosink_by_const_lr1e3ent_d25_s903/anchor							models/cl_safe_push_pointL14tosafe_push_pointL14_by_const_d25to5_naive_c10000_100e6_s903/final				efficiency_n5				45.54	5.82	7.06						COMPLETED	0:0	00:46:22	46:26.852		1419	
phase2_17556.log	17556		1	phase2	2026-08-31	phase2		safe_push_point	14	safe_push_point	14	p3o_ewc		by_const	5	25	903		1e-3	1e-2		vanilla	0.01	1.0	0.0	F_vanilla	F_cost	models/diag_safe_push_point_L14_p3o_budget_nosink_by_const_lr1e3ent_d25_s903/anchor							models/cl_safe_push_pointL14tosafe_push_pointL14_by_const_d25to5_vanilla_c0.01_100e6_s903/final				efficiency_n5				46.22	6.32	5.67						COMPLETED	0:0	00:46:41	46:48.608		1420	
phase2_17557.log	17557		1	phase2	2026-08-31	phase2		safe_push_point	14	safe_push_point	14	p3o_ewc		by_const	10	25	903		1e-3	1e-2		naive	0					models/diag_safe_push_point_L14_p3o_budget_nosink_by_const_lr1e3ent_d25_s903/anchor							models/cl_safe_push_pointL14tosafe_push_pointL14_by_const_d25to10_naive_c10000_100e6_s903/final				efficiency_n5				54.13	8.55	6.16						COMPLETED	0:0	00:46:12	46:39.204		1419	
phase2_17558.log	17558		1	phase2	2026-08-31	phase2		safe_push_point	14	safe_push_point	14	p3o_ewc		by_const	10	25	903		1e-3	1e-2		vanilla	0.01	1.0	0.0	F_vanilla	F_cost	models/diag_safe_push_point_L14_p3o_budget_nosink_by_const_lr1e3ent_d25_s903/anchor							models/cl_safe_push_pointL14tosafe_push_pointL14_by_const_d25to10_vanilla_c0.01_100e6_s903/final				efficiency_n5				54.65	11.55	10.21						COMPLETED	0:0	00:46:44	46:52.467		1420	
phase2_17559.log	17559		1	phase2	2026-08-31	phase2		safe_push_point	14	safe_push_point	14	p3o_ewc		by_const	15	25	903		1e-3	1e-2		naive	0					models/diag_safe_push_point_L14_p3o_budget_nosink_by_const_lr1e3ent_d25_s903/anchor							models/cl_safe_push_pointL14tosafe_push_pointL14_by_const_d25to15_naive_c10000_100e6_s903/final				efficiency_n5				62.16	12.98	7.90						COMPLETED	0:0	00:45:57	46:20.120		1417	
phase2_17560.log	17560		1	phase2	2026-08-31	phase2		safe_push_point	14	safe_push_point	14	p3o_ewc		by_const	15	25	903		1e-3	1e-2		vanilla	0.01	1.0	0.0	F_vanilla	F_cost	models/diag_safe_push_point_L14_p3o_budget_nosink_by_const_lr1e3ent_d25_s903/anchor							models/cl_safe_push_pointL14tosafe_push_pointL14_by_const_d25to15_vanilla_c0.01_100e6_s903/final				efficiency_n5				58.61	16.05	10.26						COMPLETED	0:0	00:45:57	46:20.875		1418	
phase2_17561.log	17561		1	phase2	2026-09-01	phase2		safe_push_point	14	safe_push_point	14	p3o_ewc		by_const	5	25	904		1e-3	1e-2		naive	0					models/diag_safe_push_point_L14_p3o_budget_nosink_by_const_lr1e3ent_d25_s904/anchor							models/cl_safe_push_pointL14tosafe_push_pointL14_by_const_d25to5_naive_c10000_100e6_s904/final				efficiency_n5				38.75	6.03	5.23						COMPLETED	0:0	00:45:46	46:09.417		1418	
phase2_17562.log	17562		1	phase2	2026-09-01	phase2		safe_push_point	14	safe_push_point	14	p3o_ewc		by_const	5	25	904		1e-3	1e-2		vanilla	0.01	1.0	0.0	F_vanilla	F_cost	models/diag_safe_push_point_L14_p3o_budget_nosink_by_const_lr1e3ent_d25_s904/anchor							models/cl_safe_push_pointL14tosafe_push_pointL14_by_const_d25to5_vanilla_c0.01_100e6_s904/final				efficiency_n5				41.36	6.73	6.48						COMPLETED	0:0	00:45:44	45:51.926		1420	
phase2_17563.log	17563		1	phase2	2026-09-01	phase2		safe_push_point	14	safe_push_point	14	p3o_ewc		by_const	10	25	904		1e-3	1e-2		naive	0					models/diag_safe_push_point_L14_p3o_budget_nosink_by_const_lr1e3ent_d25_s904/anchor							models/cl_safe_push_pointL14tosafe_push_pointL14_by_const_d25to10_naive_c10000_100e6_s904/final				efficiency_n5				44.04	9.26	7.20						COMPLETED	0:0	00:45:43	45:51.551		1418	
phase2_17564.log	17564		1	phase2	2026-09-01	phase2		safe_push_point	14	safe_push_point	14	p3o_ewc		by_const	10	25	904		1e-3	1e-2		vanilla	0.01	1.0	0.0	F_vanilla	F_cost	models/diag_safe_push_point_L14_p3o_budget_nosink_by_const_lr1e3ent_d25_s904/anchor							models/cl_safe_push_pointL14tosafe_push_pointL14_by_const_d25to10_vanilla_c0.01_100e6_s904/final				efficiency_n5				47.16	11.44	7.93						COMPLETED	0:0	00:45:59	46:21.759		1418	
phase2_17565.log	17565		1	phase2	2026-09-01	phase2		safe_push_point	14	safe_push_point	14	p3o_ewc		by_const	15	25	904		1e-3	1e-2		naive	0					models/diag_safe_push_point_L14_p3o_budget_nosink_by_const_lr1e3ent_d25_s904/anchor							models/cl_safe_push_pointL14tosafe_push_pointL14_by_const_d25to15_naive_c10000_100e6_s904/final				efficiency_n5				50.18	12.65	9.46						COMPLETED	0:0	00:44:27	44:37.810		1415	
phase2_17566.log	17566		1	phase2	2026-09-01	phase2		safe_push_point	14	safe_push_point	14	p3o_ewc		by_const	15	25	904		1e-3	1e-2		vanilla	0.01	1.0	0.0	F_vanilla	F_cost	models/diag_safe_push_point_L14_p3o_budget_nosink_by_const_lr1e3ent_d25_s904/anchor							models/cl_safe_push_pointL14tosafe_push_pointL14_by_const_d25to15_vanilla_c0.01_100e6_s904/final				efficiency_n5				50.00	14.51	7.74						COMPLETED	0:0	00:45:49	46:09.845		1419	
phase2_17567.log	17567		1	phase2	2026-09-01	phase2		safe_push_point	14	safe_push_point	14	p3o_ewc		by_const	5	25	905		1e-3	1e-2		naive	0					models/diag_safe_push_point_L14_p3o_budget_nosink_by_const_lr1e3ent_d25_s905/anchor							models/cl_safe_push_pointL14tosafe_push_pointL14_by_const_d25to5_naive_c10000_100e6_s905/final				efficiency_n5				44.21	6.15	6.07						COMPLETED	0:0	00:45:50	45:50.153		1420	
phase2_17568.log	17568		1	phase2	2026-09-01	phase2		safe_push_point	14	safe_push_point	14	p3o_ewc		by_const	5	25	905		1e-3	1e-2		vanilla	0.01	1.0	0.0	F_vanilla	F_cost	models/diag_safe_push_point_L14_p3o_budget_nosink_by_const_lr1e3ent_d25_s905/anchor							models/cl_safe_push_pointL14tosafe_push_pointL14_by_const_d25to5_vanilla_c0.01_100e6_s905/final				efficiency_n5				42.64	7.22	7.04						COMPLETED	0:0	00:44:16	44:26.972		1416	
phase2_17569.log	17569		1	phase2	2026-09-01	phase2		safe_push_point	14	safe_push_point	14	p3o_ewc		by_const	10	25	905		1e-3	1e-2		naive	0					models/diag_safe_push_point_L14_p3o_budget_nosink_by_const_lr1e3ent_d25_s905/anchor							models/cl_safe_push_pointL14tosafe_push_pointL14_by_const_d25to10_naive_c10000_100e6_s905/final				efficiency_n5				56.07	10.70	8.26						COMPLETED	0:0	00:46:33	46:39.746		1418	
phase2_17570.log	17570		1	phase2	2026-09-01	phase2		safe_push_point	14	safe_push_point	14	p3o_ewc		by_const	10	25	905		1e-3	1e-2		vanilla	0.01	1.0	0.0	F_vanilla	F_cost	models/diag_safe_push_point_L14_p3o_budget_nosink_by_const_lr1e3ent_d25_s905/anchor							models/cl_safe_push_pointL14tosafe_push_pointL14_by_const_d25to10_vanilla_c0.01_100e6_s905/final				efficiency_n5				49.81	9.98	7.38						COMPLETED	0:0	00:44:20	44:31.113		1416	
phase2_17571.log	17571		1	phase2	2026-09-01	phase2		safe_push_point	14	safe_push_point	14	p3o_ewc		by_const	15	25	905		1e-3	1e-2		naive	0					models/diag_safe_push_point_L14_p3o_budget_nosink_by_const_lr1e3ent_d25_s905/anchor							models/cl_safe_push_pointL14tosafe_push_pointL14_by_const_d25to15_naive_c10000_100e6_s905/final				efficiency_n5				62.85	14.01	7.08						COMPLETED	0:0	00:46:19	46:25.461		1419	
phase2_17572.log	17572		1	phase2	2026-09-01	phase2		safe_push_point	14	safe_push_point	14	p3o_ewc		by_const	15	25	905		1e-3	1e-2		vanilla	0.01	1.0	0.0	F_vanilla	F_cost	models/diag_safe_push_point_L14_p3o_budget_nosink_by_const_lr1e3ent_d25_s905/anchor							models/cl_safe_push_pointL14tosafe_push_pointL14_by_const_d25to15_vanilla_c0.01_100e6_s905/final				efficiency_n5				56.91	13.21	7.54						COMPLETED	0:0	00:46:06	46:23.429		1419	
diag_20647_4294967294.log	20647	4294967294	1	diag	2026-09-01	diag	# DIAG  env=safe_push_point  L11  alg=p3o_budget  substrate=nosink  d=25  seed=901  steps=500e6	safe_push_point	11			p3o_budget	nosink	by_const	25		901	500e6			lr1e3ent_rvfix														models/diag_safe_push_point_L11_p3o_budget_nosink_by_const_lr1e3ent_rvfix_d25_s901/anchor	50.54	26.35	13.78	l11_rvfix_anchor_retrain							run-20260901_033447-safe_push_point_Level_11_p3o_budget_seed901_20260901_033445_419792	safe_push_point	11	p3o_budget	901	COMPLETED	0:0	02:48:13	02:48:02	2615312K	6012	
diag_20648_4294967294.log	20648	4294967294	1	diag	2026-09-01	diag	# DIAG  env=safe_push_point  L11  alg=p3o_budget  substrate=nosink  d=25  seed=902  steps=500e6	safe_push_point	11			p3o_budget	nosink	by_const	25		902	500e6			lr1e3ent_rvfix														models/diag_safe_push_point_L11_p3o_budget_nosink_by_const_lr1e3ent_rvfix_d25_s902/anchor	56.10	24.99	10.96	l11_rvfix_anchor_retrain							run-20260901_033445-safe_push_point_Level_11_p3o_budget_seed902_20260901_033443_311804	safe_push_point	11	p3o_budget	902	COMPLETED	0:0	02:58:06	02:57:58	2950232K	6016	
diag_20649_4294967294.log	20649	4294967294	1	diag	2026-09-01	diag	# DIAG  env=safe_push_point  L11  alg=p3o_budget  substrate=nosink  d=25  seed=903  steps=500e6	safe_push_point	11			p3o_budget	nosink	by_const	25		903	500e6			lr1e3ent_rvfix														models/diag_safe_push_point_L11_p3o_budget_nosink_by_const_lr1e3ent_rvfix_d25_s903/anchor	59.45	25.01	10.82	l11_rvfix_anchor_retrain							run-20260901_033445-safe_push_point_Level_11_p3o_budget_seed903_20260901_033443_311921	safe_push_point	11	p3o_budget	903	COMPLETED	0:0	02:55:03	02:54:54	2951536K	6017	
phase2_20653.log	20653		1	phase2	2026-09-01	phase2		safe_push_point	14	safe_push_point	11	p3o_ewc		by_const	25	25	901		1e-3	1e-2		realvb	10	1.0	0.0	F_cost_realvb	F_cost	models/diag_safe_push_point_L11_p3o_budget_nosink_by_const_lr1e3ent_rvfix_d25_s901/anchor							models/cl_safe_push_pointL11tosafe_push_pointL14_by_const_d25to25_realvb_c10_s901/final				l11l14_fill_rvfix	49.33	35.63	11.74	44.58	22.81	9.14						COMPLETED	0:0	02:58:53	02:58:46	2681336K	6034	
phase2_20654.log	20654		1	phase2	2026-09-01	phase2		safe_push_point	14	safe_push_point	11	p3o_ewc		by_const	25	25	902		1e-3	1e-2		realvb	10	1.0	0.0	F_cost_realvb	F_cost	models/diag_safe_push_point_L11_p3o_budget_nosink_by_const_lr1e3ent_rvfix_d25_s902/anchor							models/cl_safe_push_pointL11tosafe_push_pointL14_by_const_d25to25_realvb_c10_s902/final				l11l14_fill_rvfix	53.74	36.02	11.86	49.47	23.19	10.40						COMPLETED	0:0	02:59:08	02:58:58	2664160K	6034	
phase2_20655.log	20655		1	phase2	2026-09-01	phase2		safe_push_point	14	safe_push_point	11	p3o_ewc		by_const	25	25	903		1e-3	1e-2		realvb	10	1.0	0.0	F_cost_realvb	F_cost	models/diag_safe_push_point_L11_p3o_budget_nosink_by_const_lr1e3ent_rvfix_d25_s903/anchor							models/cl_safe_push_pointL11tosafe_push_pointL14_by_const_d25to25_realvb_c10_s903/final				l11l14_fill_rvfix	56.71	29.75	11.83	50.05	23.13	9.84						COMPLETED	0:0	03:13:33	03:13:25	2994864K	6040	
phase2_20676.log	20676		1	phase2	2026-09-02	phase2		safe_push_point	14	safe_push_point	14	p3o_ewc		by_const	5	25	904		1e-3	1e-2		vanilla	0.01			F_vanilla	F_vanilla	models/diag_safe_push_point_L14_p3o_budget_nosink_by_const_lr1e3ent_d25_s904/anchor							models/cl_safe_push_pointL14tosafe_push_pointL14_by_const_d25to5_vanilla_c0.01_s904/final				chain1_waveA_n5fill				37.18	5.66	5.20						COMPLETED	0:0	03:08:58	03:08:58	2988272K	6016	
phase2_20678.log	20678		1	phase2	2026-09-02	phase2		safe_push_point	14	safe_push_point	14	p3o_ewc		by_const	5	25	905		1e-3	1e-2		vanilla	0.01			F_vanilla	F_vanilla	models/diag_safe_push_point_L14_p3o_budget_nosink_by_const_lr1e3ent_d25_s905/anchor							models/cl_safe_push_pointL14tosafe_push_pointL14_by_const_d25to5_vanilla_c0.01_s905/final				chain1_waveA_n5fill				35.01	4.66	5.12						COMPLETED	0:0	03:08:13	03:07:58	2999108K	6016	
phase2_20694.log	20694		1	phase2	2026-09-02	phase2		safe_push_point	14	safe_push_point	14	p3o_ewc		by_const	25	15	904		1e-3	1e-2		vanilla	0.1	1.0	0.0	F_vanilla	F_cost	models/diag_safe_push_point_L14_p3o_budget_nosink_by_const_lr1e3ent_d15_s904/anchor							models/cl_safe_push_pointL14tosafe_push_pointL14_by_const_d15to25_vanilla_c0.1_s904/final				chain2_waveA_n5fill_RETAINd15_na				51.61	25.62	28.58						COMPLETED	0:0	03:09:12	03:09:14	2993560K	6016	
phase2_20696.log	20696		1	phase2	2026-09-02	phase2		safe_push_point	14	safe_push_point	14	p3o_ewc		by_const	25	15	905		1e-3	1e-2		vanilla	0.1	1.0	0.0	F_vanilla	F_cost	models/diag_safe_push_point_L14_p3o_budget_nosink_by_const_lr1e3ent_d15_s905/anchor							models/cl_safe_push_pointL14tosafe_push_pointL14_by_const_d15to25_vanilla_c0.1_s905/final				chain2_waveA_n5fill_RETAINd15_na				64.22	26.75	9.25						COMPLETED	0:0	03:09:00	03:08:59	2994876K	6016	
diag_6335327_4294967294.log	6335327	4294967294	1	diag	2026-08-21	diag	# DIAG  env=safe_push_point  L8  alg=p3o_budget  substrate=nosink  d=25  seed=904  steps=500e6	safe_push_point	8			p3o_budget	nosink	by_const	25		904	500e6			lr1e3ent														models/diag_safe_push_point_L8_p3o_budget_nosink_by_const_lr1e3ent_d25_s904/anchor	57.02	22.82	9.90	OK (n5 fill, PART10 2026-09-04, previously unarchived)							run-20260820_222250-safe_push_point_Level_8_p3o_budget_seed904_20260820_222247_435068	safe_push_point	8	p3o_budget	904	COMPLETED	0	03:04:12	03:03:45	2.63 GB	6027	
diag_6335328_4294967294.log	6335328	4294967294	1	diag	2026-08-21	diag	# DIAG  env=safe_push_point  L11  alg=p3o_budget  substrate=nosink  d=25  seed=904  steps=500e6	safe_push_point	11			p3o_budget	nosink	by_const	25		904	500e6			lr1e3ent														models/diag_safe_push_point_L11_p3o_budget_nosink_by_const_lr1e3ent_d25_s904/anchor	52.43	25.38	9.80	OK (n5 fill, PART10 2026-09-04, previously unarchived)							run-20260820_230803-safe_push_point_Level_11_p3o_budget_seed904_20260820_230801_097214	safe_push_point	11	p3o_budget	904	COMPLETED	0	02:56:44	02:56:12	2.60 GB	6027	
diag_6335329_4294967294.log	6335329	4294967294	1	diag	2026-08-21	diag	# DIAG  env=safe_push_point  L8  alg=p3o_budget  substrate=nosink  d=25  seed=905  steps=500e6	safe_push_point	8			p3o_budget	nosink	by_const	25		905	500e6			lr1e3ent														models/diag_safe_push_point_L8_p3o_budget_nosink_by_const_lr1e3ent_d25_s905/anchor	70.02	24.98	9.50	OK (n5 fill, PART10 2026-09-04, previously unarchived)							run-20260820_231333-safe_push_point_Level_8_p3o_budget_seed905_20260820_231329_146796	safe_push_point	8	p3o_budget	905	COMPLETED	0	03:06:06	03:05:08	2.63 GB	6027	
diag_6335330_4294967294.log	6335330	4294967294	1	diag	2026-08-21	diag	# DIAG  env=safe_push_point  L11  alg=p3o_budget  substrate=nosink  d=25  seed=905  steps=500e6	safe_push_point	11			p3o_budget	nosink	by_const	25		905	500e6			lr1e3ent														models/diag_safe_push_point_L11_p3o_budget_nosink_by_const_lr1e3ent_d25_s905/anchor	64.37	26.30	12.78	OK (n5 fill, PART10 2026-09-04, previously unarchived)							run-20260820_235427-safe_push_point_Level_11_p3o_budget_seed905_20260820_235424_581702	safe_push_point	11	p3o_budget	905	COMPLETED	0	02:58:09	02:57:31	2.64 GB	6028	
phase2_17513.log	17513		1	phase2	2026-08-31	phase2		safe_push_point	14	safe_push_point	11	p3o_ewc		by_const	25	25	901		1e-3	1e-2		realvb	10	1.0	0.0	F_cost_realvb	F_cost	models/diag_safe_push_point_L11_p3o_budget_nosink_by_const_lr1e3ent_d25_s901/anchor											FAILED_OOM_precursor_to_rvfix_retrain_20653-55												OUT_OF_MEMORY	1				229	
phase2_17514.log	17514		1	phase2	2026-08-31	phase2		safe_push_point	14	safe_push_point	11	p3o_ewc		by_const	25	25	902		1e-3	1e-2		realvb	10	1.0	0.0	F_cost_realvb	F_cost	models/diag_safe_push_point_L11_p3o_budget_nosink_by_const_lr1e3ent_d25_s902/anchor											FAILED_OOM_precursor_to_rvfix_retrain_20653-55												OUT_OF_MEMORY	1				228	
phase2_17515.log	17515		1	phase2	2026-08-31	phase2		safe_push_point	14	safe_push_point	11	p3o_ewc		by_const	25	25	903		1e-3	1e-2		realvb	10	1.0	0.0	F_cost_realvb	F_cost	models/diag_safe_push_point_L11_p3o_budget_nosink_by_const_lr1e3ent_d25_s903/anchor											FAILED_OOM_precursor_to_rvfix_retrain_20653-55												OUT_OF_MEMORY	1				228	
phase2_98547.log	98547		1	phase2	2026-09-04	phase2	### PHASE2 safe_push_point L14 norm=by_const d5->d25 vanilla s901 lr=1e-3 ent=1e-2	safe_push_point	14			p3o_ewc		by_const	25	5	901		1e-3	1e-2	lr1e3ent	vanilla	0.01	1.0	0.0	F_vanilla	F_cost	models/diag_safe_push_point_L14_p3o_budget_nosink_by_const_lr1e3ent_d5_s901/anchor	safe_push_point	14	by_const	lr1e3ent	5	901	models/cl_safe_push_pointL14tosafe_push_pointL14_by_const_d5to25_vanilla_c0.01_s901/final				lowlambda_loosening_symmetry_probe_20260904	33.60	11.29	7.18	47.39	26.23	8.56	run-20260904_161901-safe_push_point_Level_14_p3o_ewc_seed901_20260904_161859_113932	safe_push_point	14	p3o_ewc	901	COMPLETED	0	02:55:47	02:55:34	2836840K	6013	
phase2_98548.log	98548		1	phase2	2026-09-04	phase2	### PHASE2 safe_push_point L14 norm=by_const d5->d25 vanilla s903 lr=1e-3 ent=1e-2	safe_push_point	14			p3o_ewc		by_const	25	5	903		1e-3	1e-2	lr1e3ent	vanilla	0.01	1.0	0.0	F_vanilla	F_cost	models/diag_safe_push_point_L14_p3o_budget_nosink_by_const_lr1e3ent_d5_s903/anchor	safe_push_point	14	by_const	lr1e3ent	5	903	models/cl_safe_push_pointL14tosafe_push_pointL14_by_const_d5to25_vanilla_c0.01_s903/final				lowlambda_loosening_symmetry_probe_20260904	26.16	4.89	7.03	49.15	23.29	8.44	run-20260904_161901-safe_push_point_Level_14_p3o_ewc_seed903_20260904_161859_114117	safe_push_point	14	p3o_ewc	903	COMPLETED	0	02:55:57	02:55:48	2681248K	6013	
phase2_98549.log	98549		1	phase2	2026-09-04	phase2	### PHASE2 safe_push_point L14 norm=by_const d5->d25 vanilla s904 lr=1e-3 ent=1e-2	safe_push_point	14			p3o_ewc		by_const	25	5	904		1e-3	1e-2	lr1e3ent	vanilla	0.01	1.0	0.0	F_vanilla	F_cost	models/diag_safe_push_point_L14_p3o_budget_nosink_by_const_lr1e3ent_d5_s904/anchor	safe_push_point	14	by_const	lr1e3ent	5	904	models/cl_safe_push_pointL14tosafe_push_pointL14_by_const_d5to25_vanilla_c0.01_s904/final				lowlambda_loosening_symmetry_probe_20260904	40.59	6.88	6.21	49.56	25.47	10.12	run-20260904_162652-safe_push_point_Level_14_p3o_ewc_seed904_20260904_162650_083642	safe_push_point	14	p3o_ewc	904	COMPLETED	0	03:09:26	03:09:20	3110072K	6016	
