log	job_id	family	mtime_date	table_index	row_index	checkpoint	env	level	episode_length	num_envs	threshold_d	reward	cost	cost_std	cost_per_d
cond_test_6244562.log	6244562	cond_test	2026-07-31	1	7	models/diag_safe_push_point_L1_p3o_budget_nosink_d25_s901/anchor	safe_push_point	1			25.0	19.11	16.66	18.40	0.67
cond_test_6244562.log	6244562	cond_test	2026-07-31	1	8	models/diag_safe_push_point_L1_p3o_budget_nosink_d25_s901/anchor	safe_push_point	1			15.0	17.04	10.69	13.29	0.71
cond_test_6244562.log	6244562	cond_test	2026-07-31	1	9	models/diag_safe_push_point_L1_p3o_budget_nosink_d25_s901/anchor	safe_push_point	1			10.0	16.37	10.78	15.06	1.08
cond_test_6244562.log	6244562	cond_test	2026-07-31	1	10	models/diag_safe_push_point_L1_p3o_budget_nosink_d25_s901/anchor	safe_push_point	1			5.0	14.73	8.35	11.10	1.67
cond_test_6244562.log	6244562	cond_test	2026-07-31	2	14	models/diag_safe_push_point_L1_p3o_budget_nosink_d25_s902/anchor	safe_push_point	1			25.0	39.06	23.92	19.26	0.96
cond_test_6244562.log	6244562	cond_test	2026-07-31	2	15	models/diag_safe_push_point_L1_p3o_budget_nosink_d25_s902/anchor	safe_push_point	1			15.0	39.28	21.40	14.54	1.43
cond_test_6244562.log	6244562	cond_test	2026-07-31	2	16	models/diag_safe_push_point_L1_p3o_budget_nosink_d25_s902/anchor	safe_push_point	1			10.0	38.06	29.02	45.81	2.90
cond_test_6244562.log	6244562	cond_test	2026-07-31	2	17	models/diag_safe_push_point_L1_p3o_budget_nosink_d25_s902/anchor	safe_push_point	1			5.0	38.58	21.01	17.93	4.20
cond_test_6244562.log	6244562	cond_test	2026-07-31	3	21	models/diag_safe_push_point_L1_p3o_budget_nosink_d25_s903/anchor	safe_push_point	1			25.0	50.13	24.29	17.24	0.97
cond_test_6244562.log	6244562	cond_test	2026-07-31	3	22	models/diag_safe_push_point_L1_p3o_budget_nosink_d25_s903/anchor	safe_push_point	1			15.0	48.24	23.27	16.35	1.55
cond_test_6244562.log	6244562	cond_test	2026-07-31	3	23	models/diag_safe_push_point_L1_p3o_budget_nosink_d25_s903/anchor	safe_push_point	1			10.0	48.13	21.61	15.64	2.16
cond_test_6244562.log	6244562	cond_test	2026-07-31	3	24	models/diag_safe_push_point_L1_p3o_budget_nosink_d25_s903/anchor	safe_push_point	1			5.0	48.22	19.72	14.28	3.94
cond_test_6244562.log	6244562	cond_test	2026-07-31	4	32	models/diag_safe_push_point_L1_p3o_budget_nosink_d25_s901/anchor	safe_push_point	1			25.0	19.11	16.66	18.40	0.67
cond_test_6244562.log	6244562	cond_test	2026-07-31	4	33	models/diag_safe_push_point_L1_p3o_budget_nosink_d25_s901/anchor	safe_push_point	1			15.0	17.49	13.37	16.67	0.89
cond_test_6244562.log	6244562	cond_test	2026-07-31	4	34	models/diag_safe_push_point_L1_p3o_budget_nosink_d25_s901/anchor	safe_push_point	1			10.0	14.83	8.76	10.65	0.88
cond_test_6244562.log	6244562	cond_test	2026-07-31	4	35	models/diag_safe_push_point_L1_p3o_budget_nosink_d25_s901/anchor	safe_push_point	1			5.0	16.58	13.94	30.21	2.79
cond_test_6244562.log	6244562	cond_test	2026-07-31	5	39	models/diag_safe_push_point_L1_p3o_budget_nosink_d25_s902/anchor	safe_push_point	1			25.0	39.33	22.20	18.16	0.89
cond_test_6244562.log	6244562	cond_test	2026-07-31	5	40	models/diag_safe_push_point_L1_p3o_budget_nosink_d25_s902/anchor	safe_push_point	1			15.0	38.59	23.57	19.32	1.57
cond_test_6244562.log	6244562	cond_test	2026-07-31	5	41	models/diag_safe_push_point_L1_p3o_budget_nosink_d25_s902/anchor	safe_push_point	1			10.0	38.61	21.24	18.37	2.12
cond_test_6244562.log	6244562	cond_test	2026-07-31	5	42	models/diag_safe_push_point_L1_p3o_budget_nosink_d25_s902/anchor	safe_push_point	1			5.0	38.42	23.30	19.32	4.66
cond_test_6244562.log	6244562	cond_test	2026-07-31	6	46	models/diag_safe_push_point_L1_p3o_budget_nosink_d25_s903/anchor	safe_push_point	1			25.0	48.53	21.42	14.82	0.86
cond_test_6244562.log	6244562	cond_test	2026-07-31	6	47	models/diag_safe_push_point_L1_p3o_budget_nosink_d25_s903/anchor	safe_push_point	1			15.0	49.35	21.34	16.45	1.42
cond_test_6244562.log	6244562	cond_test	2026-07-31	6	48	models/diag_safe_push_point_L1_p3o_budget_nosink_d25_s903/anchor	safe_push_point	1			10.0	48.35	16.68	15.44	1.67
cond_test_6244562.log	6244562	cond_test	2026-07-31	6	49	models/diag_safe_push_point_L1_p3o_budget_nosink_d25_s903/anchor	safe_push_point	1			5.0	48.38	20.90	19.87	4.18
crax_anchor_condition_6124049.log	6124049	crax_anchor_condition	2026-07-09	1	17	models/anchors/ppo_pid_normalized_d	safe_goal_point	1	1000	128	25.0	29.67	22.93	9.49	0.92
crax_anchor_condition_6124049.log	6124049	crax_anchor_condition	2026-07-09	1	18	models/anchors/ppo_pid_normalized_d	safe_goal_point	1	1000	128	15.0	0.00	47.80	106.38	3.19
crax_anchor_condition_6124049.log	6124049	crax_anchor_condition	2026-07-09	1	19	models/anchors/ppo_pid_normalized_d	safe_goal_point	1	1000	128	10.0	0.00	38.49	86.93	3.85
crax_anchor_condition_6124049.log	6124049	crax_anchor_condition	2026-07-09	1	20	models/anchors/ppo_pid_normalized_d	safe_goal_point	1	1000	128	5.0	0.00	49.25	101.25	9.85
crax_anchor_condition_6124049.log	6124049	crax_anchor_condition	2026-07-09	2	38	models/anchors/p3o_normalized_d	safe_goal_point	1	1000	128	25.0	29.11	23.83	8.57	0.95
crax_anchor_condition_6124049.log	6124049	crax_anchor_condition	2026-07-09	2	39	models/anchors/p3o_normalized_d	safe_goal_point	1	1000	128	15.0	0.00	47.80	106.38	3.19
crax_anchor_condition_6124049.log	6124049	crax_anchor_condition	2026-07-09	2	40	models/anchors/p3o_normalized_d	safe_goal_point	1	1000	128	10.0	0.00	38.49	86.93	3.85
crax_anchor_condition_6124049.log	6124049	crax_anchor_condition	2026-07-09	2	41	models/anchors/p3o_normalized_d	safe_goal_point	1	1000	128	5.0	0.00	49.25	101.25	9.85
crax_anchor_condition_6124049.log	6124049	crax_anchor_condition	2026-07-09	3	60	models/anchors/ppo_pid_normalized_25	safe_goal_point	1	1000	128	25.0	30.15	24.98	10.79	1.00
crax_anchor_condition_6124049.log	6124049	crax_anchor_condition	2026-07-09	3	61	models/anchors/ppo_pid_normalized_25	safe_goal_point	1	1000	128	15.0	0.00	47.80	106.38	3.19
crax_anchor_condition_6124049.log	6124049	crax_anchor_condition	2026-07-09	3	62	models/anchors/ppo_pid_normalized_25	safe_goal_point	1	1000	128	10.0	0.00	38.49	86.93	3.85
crax_anchor_condition_6124049.log	6124049	crax_anchor_condition	2026-07-09	3	63	models/anchors/ppo_pid_normalized_25	safe_goal_point	1	1000	128	5.0	0.00	49.25	101.25	9.85
crax_anchor_condition_6124049.log	6124049	crax_anchor_condition	2026-07-09	4	81	models/anchors/p3o_normalized_25	safe_goal_point	1	1000	128	25.0	29.57	25.98	9.98	1.04
crax_anchor_condition_6124049.log	6124049	crax_anchor_condition	2026-07-09	4	82	models/anchors/p3o_normalized_25	safe_goal_point	1	1000	128	15.0	0.00	47.80	106.38	3.19
crax_anchor_condition_6124049.log	6124049	crax_anchor_condition	2026-07-09	4	83	models/anchors/p3o_normalized_25	safe_goal_point	1	1000	128	10.0	0.00	38.49	86.93	3.85
crax_anchor_condition_6124049.log	6124049	crax_anchor_condition	2026-07-09	4	84	models/anchors/p3o_normalized_25	safe_goal_point	1	1000	128	5.0	0.00	49.25	101.25	9.85
crax_anchor_condition_6128430.log	6128430	crax_anchor_condition	2026-07-10	1	17	models/anchors/ppo_pid_normalized_d	safe_goal_point	1	1000	128	25.0	29.73	23.47	9.54	0.94
crax_anchor_condition_6128430.log	6128430	crax_anchor_condition	2026-07-10	1	18	models/anchors/ppo_pid_normalized_d	safe_goal_point	1	1000	128	15.0	30.12	23.23	9.21	1.55
crax_anchor_condition_6128430.log	6128430	crax_anchor_condition	2026-07-10	1	19	models/anchors/ppo_pid_normalized_d	safe_goal_point	1	1000	128	10.0	30.49	23.73	10.64	2.37
crax_anchor_condition_6128430.log	6128430	crax_anchor_condition	2026-07-10	1	20	models/anchors/ppo_pid_normalized_d	safe_goal_point	1	1000	128	5.0	30.28	22.91	9.30	4.58
crax_anchor_condition_6128430.log	6128430	crax_anchor_condition	2026-07-10	2	38	models/anchors/p3o_normalized_d	safe_goal_point	1	1000	128	25.0	29.95	25.99	10.97	1.04
crax_anchor_condition_6128430.log	6128430	crax_anchor_condition	2026-07-10	2	39	models/anchors/p3o_normalized_d	safe_goal_point	1	1000	128	15.0	29.57	26.07	9.59	1.74
crax_anchor_condition_6128430.log	6128430	crax_anchor_condition	2026-07-10	2	40	models/anchors/p3o_normalized_d	safe_goal_point	1	1000	128	10.0	29.59	27.06	11.78	2.71
crax_anchor_condition_6128430.log	6128430	crax_anchor_condition	2026-07-10	2	41	models/anchors/p3o_normalized_d	safe_goal_point	1	1000	128	5.0	30.17	23.99	9.38	4.80
crax_anchor_condition_6128430.log	6128430	crax_anchor_condition	2026-07-10	3	60	models/anchors/ppo_pid_normalized_25	safe_goal_point	1	1000	128	25.0	30.71	28.72	11.23	1.15
crax_anchor_condition_6128430.log	6128430	crax_anchor_condition	2026-07-10	3	61	models/anchors/ppo_pid_normalized_25	safe_goal_point	1	1000	128	15.0	30.57	22.35	8.90	1.49
crax_anchor_condition_6128430.log	6128430	crax_anchor_condition	2026-07-10	3	62	models/anchors/ppo_pid_normalized_25	safe_goal_point	1	1000	128	10.0	30.55	23.35	9.68	2.33
crax_anchor_condition_6128430.log	6128430	crax_anchor_condition	2026-07-10	3	63	models/anchors/ppo_pid_normalized_25	safe_goal_point	1	1000	128	5.0	30.56	25.61	10.30	5.12
crax_anchor_condition_6128430.log	6128430	crax_anchor_condition	2026-07-10	4	81	models/anchors/p3o_normalized_25	safe_goal_point	1	1000	128	25.0	29.95	25.99	10.97	1.04
crax_anchor_condition_6128430.log	6128430	crax_anchor_condition	2026-07-10	4	82	models/anchors/p3o_normalized_25	safe_goal_point	1	1000	128	15.0	29.88	25.24	11.79	1.68
crax_anchor_condition_6128430.log	6128430	crax_anchor_condition	2026-07-10	4	83	models/anchors/p3o_normalized_25	safe_goal_point	1	1000	128	10.0	29.95	27.06	10.87	2.71
crax_anchor_condition_6128430.log	6128430	crax_anchor_condition	2026-07-10	4	84	models/anchors/p3o_normalized_25	safe_goal_point	1	1000	128	5.0	29.98	24.34	9.03	4.87
crax_anchor_condition_6129745.log	6129745	crax_anchor_condition	2026-07-10	1	16	models/anchors/ppo_pid_normalized_d	safe_goal_point	1	1000	128	25.0	29.73	23.47	9.54	0.94
crax_anchor_condition_6129745.log	6129745	crax_anchor_condition	2026-07-10	1	17	models/anchors/ppo_pid_normalized_d	safe_goal_point	1	1000	128	15.0	30.12	23.23	9.21	1.55
crax_anchor_condition_6129745.log	6129745	crax_anchor_condition	2026-07-10	1	18	models/anchors/ppo_pid_normalized_d	safe_goal_point	1	1000	128	10.0	30.49	23.73	10.64	2.37
crax_anchor_condition_6129745.log	6129745	crax_anchor_condition	2026-07-10	1	19	models/anchors/ppo_pid_normalized_d	safe_goal_point	1	1000	128	5.0	30.28	22.91	9.30	4.58
crax_anchor_condition_6129745.log	6129745	crax_anchor_condition	2026-07-10	2	37	models/anchors/p3o_normalized_d	safe_goal_point	1	1000	128	25.0	29.95	25.99	10.97	1.04
crax_anchor_condition_6129745.log	6129745	crax_anchor_condition	2026-07-10	2	38	models/anchors/p3o_normalized_d	safe_goal_point	1	1000	128	15.0	29.57	26.07	9.59	1.74
crax_anchor_condition_6129745.log	6129745	crax_anchor_condition	2026-07-10	2	39	models/anchors/p3o_normalized_d	safe_goal_point	1	1000	128	10.0	29.59	27.06	11.78	2.71
crax_anchor_condition_6129745.log	6129745	crax_anchor_condition	2026-07-10	2	40	models/anchors/p3o_normalized_d	safe_goal_point	1	1000	128	5.0	30.17	23.99	9.38	4.80
crax_anchor_condition_6129745.log	6129745	crax_anchor_condition	2026-07-10	3	58	models/anchors/ppo_pid_normalized_25	safe_goal_point	1	1000	128	25.0	30.71	28.72	11.23	1.15
crax_anchor_condition_6129745.log	6129745	crax_anchor_condition	2026-07-10	3	59	models/anchors/ppo_pid_normalized_25	safe_goal_point	1	1000	128	15.0	30.57	22.35	8.90	1.49
crax_anchor_condition_6129745.log	6129745	crax_anchor_condition	2026-07-10	3	60	models/anchors/ppo_pid_normalized_25	safe_goal_point	1	1000	128	10.0	30.55	23.35	9.68	2.33
crax_anchor_condition_6129745.log	6129745	crax_anchor_condition	2026-07-10	3	61	models/anchors/ppo_pid_normalized_25	safe_goal_point	1	1000	128	5.0	30.56	25.61	10.30	5.12
crax_anchor_condition_6129745.log	6129745	crax_anchor_condition	2026-07-10	4	79	models/anchors/p3o_normalized_25	safe_goal_point	1	1000	128	25.0	29.95	25.99	10.97	1.04
crax_anchor_condition_6129745.log	6129745	crax_anchor_condition	2026-07-10	4	80	models/anchors/p3o_normalized_25	safe_goal_point	1	1000	128	15.0	29.88	25.24	11.79	1.68
crax_anchor_condition_6129745.log	6129745	crax_anchor_condition	2026-07-10	4	81	models/anchors/p3o_normalized_25	safe_goal_point	1	1000	128	10.0	29.95	27.06	10.87	2.71
crax_anchor_condition_6129745.log	6129745	crax_anchor_condition	2026-07-10	4	82	models/anchors/p3o_normalized_25	safe_goal_point	1	1000	128	5.0	29.98	24.34	9.03	4.87
crax_cl_compare_6136715.log	6136715	crax_cl_compare	2026-07-12	1	3423	models/anchors/p3o_normalized_d	safe_goal_point	1	1000	128	25.0	29.30	27.23	9.79	1.09
crax_cl_compare_6136715.log	6136715	crax_cl_compare	2026-07-12	1	3424	models/anchors/p3o_normalized_d	safe_goal_point	1	1000	128	15.0	29.78	26.51	10.15	1.77
crax_cl_compare_6136715.log	6136715	crax_cl_compare	2026-07-12	1	3425	models/anchors/p3o_normalized_d	safe_goal_point	1	1000	128	10.0	29.77	25.36	10.21	2.54
crax_cl_compare_6136715.log	6136715	crax_cl_compare	2026-07-12	1	3426	models/anchors/p3o_normalized_d	safe_goal_point	1	1000	128	5.0	29.44	26.62	9.48	5.32
crax_cl_compare_6136715.log	6136715	crax_cl_compare	2026-07-12	2	3444	models/sink_test/p3o_sink_d25	safe_goal_point	1	1000	128	25.0	31.14	28.63	10.36	1.15
crax_cl_compare_6136715.log	6136715	crax_cl_compare	2026-07-12	2	3445	models/sink_test/p3o_sink_d25	safe_goal_point	1	1000	128	15.0	31.11	26.49	9.69	1.77
crax_cl_compare_6136715.log	6136715	crax_cl_compare	2026-07-12	2	3446	models/sink_test/p3o_sink_d25	safe_goal_point	1	1000	128	10.0	30.97	26.74	10.55	2.67
crax_cl_compare_6136715.log	6136715	crax_cl_compare	2026-07-12	2	3447	models/sink_test/p3o_sink_d25	safe_goal_point	1	1000	128	5.0	31.17	26.81	9.94	5.36
crax_cl_compare_6136715.log	6136715	crax_cl_compare	2026-07-12	3	3465	models/cl_compare/nosink_naive	safe_goal_point	1	1000	128	25.0	28.42	30.72	11.90	1.23
crax_cl_compare_6136715.log	6136715	crax_cl_compare	2026-07-12	3	3466	models/cl_compare/nosink_naive	safe_goal_point	1	1000	128	15.0	29.82	28.49	10.93	1.90
crax_cl_compare_6136715.log	6136715	crax_cl_compare	2026-07-12	3	3467	models/cl_compare/nosink_naive	safe_goal_point	1	1000	128	10.0	30.05	29.32	12.04	2.93
crax_cl_compare_6136715.log	6136715	crax_cl_compare	2026-07-12	3	3468	models/cl_compare/nosink_naive	safe_goal_point	1	1000	128	5.0	30.37	27.64	10.39	5.53
crax_cl_compare_6136715.log	6136715	crax_cl_compare	2026-07-12	4	3497	models/cl_compare/sink_naive	safe_goal_point	1	1000	128	25.0	28.23	18.81	14.85	0.75
crax_cl_compare_6136715.log	6136715	crax_cl_compare	2026-07-12	4	3498	models/cl_compare/sink_naive	safe_goal_point	1	1000	128	15.0	28.24	14.64	6.80	0.98
crax_cl_compare_6136715.log	6136715	crax_cl_compare	2026-07-12	4	3499	models/cl_compare/sink_naive	safe_goal_point	1	1000	128	10.0	29.11	13.58	5.85	1.36
crax_cl_compare_6136715.log	6136715	crax_cl_compare	2026-07-12	4	3500	models/cl_compare/sink_naive	safe_goal_point	1	1000	128	5.0	28.84	12.84	7.09	2.57
crax_eval_all_6137759.log	6137759	crax_eval_all	2026-07-13	1	9	models/anchors/p3o_normalized_d	safe_goal_point	1	1000	128	25.0	29.30	27.23	9.79	1.09
crax_eval_all_6137759.log	6137759	crax_eval_all	2026-07-13	1	10	models/anchors/p3o_normalized_d	safe_goal_point	1	1000	128	15.0	29.78	26.51	10.15	1.77
crax_eval_all_6137759.log	6137759	crax_eval_all	2026-07-13	1	11	models/anchors/p3o_normalized_d	safe_goal_point	1	1000	128	10.0	29.77	25.36	10.21	2.54
crax_eval_all_6137759.log	6137759	crax_eval_all	2026-07-13	1	12	models/anchors/p3o_normalized_d	safe_goal_point	1	1000	128	5.0	29.44	26.62	9.48	5.32
crax_eval_all_6137759.log	6137759	crax_eval_all	2026-07-13	2	24	models/sink_test/p3o_sink_d25	safe_goal_point	1	1000	128	25.0	31.14	28.63	10.36	1.15
crax_eval_all_6137759.log	6137759	crax_eval_all	2026-07-13	2	25	models/sink_test/p3o_sink_d25	safe_goal_point	1	1000	128	15.0	31.11	26.49	9.69	1.77
crax_eval_all_6137759.log	6137759	crax_eval_all	2026-07-13	2	26	models/sink_test/p3o_sink_d25	safe_goal_point	1	1000	128	10.0	30.97	26.74	10.55	2.67
crax_eval_all_6137759.log	6137759	crax_eval_all	2026-07-13	2	27	models/sink_test/p3o_sink_d25	safe_goal_point	1	1000	128	5.0	31.17	26.81	9.94	5.36
crax_eval_all_6137759.log	6137759	crax_eval_all	2026-07-13	3	39	models/cl_compare/nosink_naive	safe_goal_point	1	1000	128	25.0	28.42	30.72	11.90	1.23
crax_eval_all_6137759.log	6137759	crax_eval_all	2026-07-13	3	40	models/cl_compare/nosink_naive	safe_goal_point	1	1000	128	15.0	29.82	28.49	10.93	1.90
crax_eval_all_6137759.log	6137759	crax_eval_all	2026-07-13	3	41	models/cl_compare/nosink_naive	safe_goal_point	1	1000	128	10.0	30.05	29.32	12.04	2.93
crax_eval_all_6137759.log	6137759	crax_eval_all	2026-07-13	3	42	models/cl_compare/nosink_naive	safe_goal_point	1	1000	128	5.0	30.37	27.64	10.39	5.53
crax_eval_all_6137764.log	6137764	crax_eval_all	2026-07-13	1	9	models/cl_compare/nosink_ewc_100	safe_goal_point	1	1000	128	25.0	30.04	24.92	9.14	1.00
crax_eval_all_6137764.log	6137764	crax_eval_all	2026-07-13	1	10	models/cl_compare/nosink_ewc_100	safe_goal_point	1	1000	128	15.0	29.88	23.91	9.67	1.59
crax_eval_all_6137764.log	6137764	crax_eval_all	2026-07-13	1	11	models/cl_compare/nosink_ewc_100	safe_goal_point	1	1000	128	10.0	29.86	24.11	9.67	2.41
crax_eval_all_6137764.log	6137764	crax_eval_all	2026-07-13	1	12	models/cl_compare/nosink_ewc_100	safe_goal_point	1	1000	128	5.0	30.07	25.24	9.17	5.05
crax_eval_all_6137764.log	6137764	crax_eval_all	2026-07-13	2	24	models/cl_compare/nosink_ewc_1000	safe_goal_point	1	1000	128	25.0	29.88	26.76	10.80	1.07
crax_eval_all_6137764.log	6137764	crax_eval_all	2026-07-13	2	25	models/cl_compare/nosink_ewc_1000	safe_goal_point	1	1000	128	15.0	29.66	23.76	9.86	1.58
crax_eval_all_6137764.log	6137764	crax_eval_all	2026-07-13	2	26	models/cl_compare/nosink_ewc_1000	safe_goal_point	1	1000	128	10.0	29.93	25.38	9.75	2.54
crax_eval_all_6137764.log	6137764	crax_eval_all	2026-07-13	2	27	models/cl_compare/nosink_ewc_1000	safe_goal_point	1	1000	128	5.0	30.09	25.25	10.55	5.05
crax_eval_all_6137764.log	6137764	crax_eval_all	2026-07-13	3	39	models/cl_compare/nosink_ewc_10000	safe_goal_point	1	1000	128	25.0	29.97	25.97	9.65	1.04
crax_eval_all_6137764.log	6137764	crax_eval_all	2026-07-13	3	40	models/cl_compare/nosink_ewc_10000	safe_goal_point	1	1000	128	15.0	29.92	22.49	9.11	1.50
crax_eval_all_6137764.log	6137764	crax_eval_all	2026-07-13	3	41	models/cl_compare/nosink_ewc_10000	safe_goal_point	1	1000	128	10.0	30.20	25.44	11.46	2.54
crax_eval_all_6137764.log	6137764	crax_eval_all	2026-07-13	3	42	models/cl_compare/nosink_ewc_10000	safe_goal_point	1	1000	128	5.0	29.55	27.10	10.77	5.42
crax_eval_all_6137764.log	6137764	crax_eval_all	2026-07-13	4	54	models/cl_compare/sink_ewc_100	safe_goal_point	1	1000	128	25.0	31.13	27.04	9.20	1.08
crax_eval_all_6137764.log	6137764	crax_eval_all	2026-07-13	4	55	models/cl_compare/sink_ewc_100	safe_goal_point	1	1000	128	15.0	30.76	27.64	9.30	1.84
crax_eval_all_6137764.log	6137764	crax_eval_all	2026-07-13	4	56	models/cl_compare/sink_ewc_100	safe_goal_point	1	1000	128	10.0	30.45	23.84	9.76	2.38
crax_eval_all_6137764.log	6137764	crax_eval_all	2026-07-13	4	57	models/cl_compare/sink_ewc_100	safe_goal_point	1	1000	128	5.0	30.69	24.06	9.30	4.81
crax_eval_all_6137764.log	6137764	crax_eval_all	2026-07-13	5	69	models/cl_compare/sink_ewc_1000	safe_goal_point	1	1000	128	25.0	30.87	28.14	8.88	1.13
crax_eval_all_6137764.log	6137764	crax_eval_all	2026-07-13	5	70	models/cl_compare/sink_ewc_1000	safe_goal_point	1	1000	128	15.0	30.52	26.89	10.34	1.79
crax_eval_all_6137764.log	6137764	crax_eval_all	2026-07-13	5	71	models/cl_compare/sink_ewc_1000	safe_goal_point	1	1000	128	10.0	30.41	22.78	8.82	2.28
crax_eval_all_6137764.log	6137764	crax_eval_all	2026-07-13	5	72	models/cl_compare/sink_ewc_1000	safe_goal_point	1	1000	128	5.0	30.95	25.26	9.43	5.05
crax_eval_all_6137764.log	6137764	crax_eval_all	2026-07-13	6	84	models/cl_compare/sink_ewc_10000	safe_goal_point	1	1000	128	25.0	31.20	29.23	9.42	1.17
crax_eval_all_6137764.log	6137764	crax_eval_all	2026-07-13	6	85	models/cl_compare/sink_ewc_10000	safe_goal_point	1	1000	128	15.0	30.39	27.02	9.90	1.80
crax_eval_all_6137764.log	6137764	crax_eval_all	2026-07-13	6	86	models/cl_compare/sink_ewc_10000	safe_goal_point	1	1000	128	10.0	30.88	26.69	8.86	2.67
crax_eval_all_6137764.log	6137764	crax_eval_all	2026-07-13	6	87	models/cl_compare/sink_ewc_10000	safe_goal_point	1	1000	128	5.0	30.77	26.30	9.67	5.26
crax_eval_all_6137804.log	6137804	crax_eval_all	2026-07-13	1	9	models/cl_compare/sink_ewc_1	safe_goal_point	1	1000	128	25.0	29.49	22.22	7.16	0.89
crax_eval_all_6137804.log	6137804	crax_eval_all	2026-07-13	1	10	models/cl_compare/sink_ewc_1	safe_goal_point	1	1000	128	15.0	29.90	22.42	7.95	1.49
crax_eval_all_6137804.log	6137804	crax_eval_all	2026-07-13	1	11	models/cl_compare/sink_ewc_1	safe_goal_point	1	1000	128	10.0	29.09	20.91	9.30	2.09
crax_eval_all_6137804.log	6137804	crax_eval_all	2026-07-13	1	12	models/cl_compare/sink_ewc_1	safe_goal_point	1	1000	128	5.0	29.00	21.61	8.06	4.32
crax_eval_all_6137804.log	6137804	crax_eval_all	2026-07-13	2	24	models/cl_compare/sink_ewc_10	safe_goal_point	1	1000	128	25.0	30.73	28.10	9.71	1.12
crax_eval_all_6137804.log	6137804	crax_eval_all	2026-07-13	2	25	models/cl_compare/sink_ewc_10	safe_goal_point	1	1000	128	15.0	30.68	26.19	8.48	1.75
crax_eval_all_6137804.log	6137804	crax_eval_all	2026-07-13	2	26	models/cl_compare/sink_ewc_10	safe_goal_point	1	1000	128	10.0	30.95	24.55	8.61	2.46
crax_eval_all_6137804.log	6137804	crax_eval_all	2026-07-13	2	27	models/cl_compare/sink_ewc_10	safe_goal_point	1	1000	128	5.0	31.20	25.71	10.03	5.14
crax_eval_all_6137804.log	6137804	crax_eval_all	2026-07-13	3	39	models/cl_compare/sink_ewc_100	safe_goal_point	1	1000	128	25.0	30.87	28.14	8.88	1.13
crax_eval_all_6137804.log	6137804	crax_eval_all	2026-07-13	3	40	models/cl_compare/sink_ewc_100	safe_goal_point	1	1000	128	15.0	30.52	26.89	10.34	1.79
crax_eval_all_6137804.log	6137804	crax_eval_all	2026-07-13	3	41	models/cl_compare/sink_ewc_100	safe_goal_point	1	1000	128	10.0	30.41	22.78	8.82	2.28
crax_eval_all_6137804.log	6137804	crax_eval_all	2026-07-13	3	42	models/cl_compare/sink_ewc_100	safe_goal_point	1	1000	128	5.0	30.95	25.26	9.43	5.05
crax_eval_ewc_6137688.log	6137688	crax_eval_ewc	2026-07-13	1	14	models/safe_goal_point_Level_1_p3o_ewc_seed0_20260712_210448_206427/000050331648	safe_goal_point	1	1000	128	25.0	28.42	30.72	11.90	1.23
crax_eval_ewc_6137688.log	6137688	crax_eval_ewc	2026-07-13	1	15	models/safe_goal_point_Level_1_p3o_ewc_seed0_20260712_210448_206427/000050331648	safe_goal_point	1	1000	128	15.0	29.82	28.49	10.93	1.90
crax_eval_ewc_6137688.log	6137688	crax_eval_ewc	2026-07-13	1	16	models/safe_goal_point_Level_1_p3o_ewc_seed0_20260712_210448_206427/000050331648	safe_goal_point	1	1000	128	10.0	30.05	29.32	12.04	2.93
crax_eval_ewc_6137688.log	6137688	crax_eval_ewc	2026-07-13	1	17	models/safe_goal_point_Level_1_p3o_ewc_seed0_20260712_210448_206427/000050331648	safe_goal_point	1	1000	128	5.0	30.37	27.64	10.39	5.53
crax_eval_ewc_6137688.log	6137688	crax_eval_ewc	2026-07-13	2	35	models/safe_goal_point_Level_1_p3o_ewc_seed0_20260712_213610_515663/000050331648	safe_goal_point	1	1000	128	25.0	29.60	20.46	7.04	0.82
crax_eval_ewc_6137688.log	6137688	crax_eval_ewc	2026-07-13	2	36	models/safe_goal_point_Level_1_p3o_ewc_seed0_20260712_213610_515663/000050331648	safe_goal_point	1	1000	128	15.0	29.40	18.90	7.97	1.26
crax_eval_ewc_6137688.log	6137688	crax_eval_ewc	2026-07-13	2	37	models/safe_goal_point_Level_1_p3o_ewc_seed0_20260712_213610_515663/000050331648	safe_goal_point	1	1000	128	10.0	29.24	17.40	6.41	1.74
crax_eval_ewc_6137688.log	6137688	crax_eval_ewc	2026-07-13	2	38	models/safe_goal_point_Level_1_p3o_ewc_seed0_20260712_213610_515663/000050331648	safe_goal_point	1	1000	128	5.0	28.60	17.86	7.58	3.57
crax_scen1_6134739.log	6134739	crax_scen1	2026-07-12	1	1162	models/scen1/anchor_d5	safe_goal_point	1	1000	128	25.0	28.44	102.55	23.13	4.10
crax_scen1_6134739.log	6134739	crax_scen1	2026-07-12	1	1163	models/scen1/anchor_d5	safe_goal_point	1	1000	128	15.0	28.97	100.94	21.80	6.73
crax_scen1_6134739.log	6134739	crax_scen1	2026-07-12	1	1164	models/scen1/anchor_d5	safe_goal_point	1	1000	128	10.0	29.11	104.07	26.05	10.41
crax_scen1_6134739.log	6134739	crax_scen1	2026-07-12	1	1165	models/scen1/anchor_d5	safe_goal_point	1	1000	128	5.0	29.01	100.47	23.44	20.09
crax_scen1_6134739.log	6134739	crax_scen1	2026-07-12	2	1183	models/scen1/anchor_d25	safe_goal_point	1	1000	128	25.0	28.84	105.78	21.39	4.23
crax_scen1_6134739.log	6134739	crax_scen1	2026-07-12	2	1184	models/scen1/anchor_d25	safe_goal_point	1	1000	128	15.0	29.41	101.42	23.22	6.76
crax_scen1_6134739.log	6134739	crax_scen1	2026-07-12	2	1185	models/scen1/anchor_d25	safe_goal_point	1	1000	128	10.0	30.20	103.48	19.79	10.35
crax_scen1_6134739.log	6134739	crax_scen1	2026-07-12	2	1186	models/scen1/anchor_d25	safe_goal_point	1	1000	128	5.0	29.12	106.73	24.47	21.35
crax_scen1_6134739.log	6134739	crax_scen1	2026-07-12	3	1204	models/scen1/naive_5to25	safe_goal_point	1	1000	128	25.0	34.00	100.15	19.48	4.01
crax_scen1_6134739.log	6134739	crax_scen1	2026-07-12	3	1205	models/scen1/naive_5to25	safe_goal_point	1	1000	128	15.0	33.46	99.74	31.39	6.65
crax_scen1_6134739.log	6134739	crax_scen1	2026-07-12	3	1206	models/scen1/naive_5to25	safe_goal_point	1	1000	128	10.0	34.02	98.16	19.34	9.82
crax_scen1_6134739.log	6134739	crax_scen1	2026-07-12	3	1207	models/scen1/naive_5to25	safe_goal_point	1	1000	128	5.0	33.98	99.66	17.75	19.93
crax_scen1_6134739.log	6134739	crax_scen1	2026-07-12	4	1225	models/scen1/naive_25to5	safe_goal_point	1	1000	128	25.0	32.42	97.21	22.95	3.89
crax_scen1_6134739.log	6134739	crax_scen1	2026-07-12	4	1226	models/scen1/naive_25to5	safe_goal_point	1	1000	128	15.0	32.35	96.11	20.89	6.41
crax_scen1_6134739.log	6134739	crax_scen1	2026-07-12	4	1227	models/scen1/naive_25to5	safe_goal_point	1	1000	128	10.0	32.76	96.56	21.06	9.66
crax_scen1_6134739.log	6134739	crax_scen1	2026-07-12	4	1228	models/scen1/naive_25to5	safe_goal_point	1	1000	128	5.0	32.85	95.90	18.47	19.18
crax_scen1_6134792.log	6134792	crax_scen1	2026-07-12	1	5919	models/scen1_seed0/anchor_d5	safe_goal_point	1	1000	128	25.0	0.71	0.19	0.92	0.01
crax_scen1_6134792.log	6134792	crax_scen1	2026-07-12	1	5920	models/scen1_seed0/anchor_d5	safe_goal_point	1	1000	128	15.0	1.16	0.45	1.74	0.03
crax_scen1_6134792.log	6134792	crax_scen1	2026-07-12	1	5921	models/scen1_seed0/anchor_d5	safe_goal_point	1	1000	128	10.0	1.31	0.52	2.26	0.05
crax_scen1_6134792.log	6134792	crax_scen1	2026-07-12	1	5922	models/scen1_seed0/anchor_d5	safe_goal_point	1	1000	128	5.0	1.48	0.29	1.05	0.06
crax_scen1_6134792.log	6134792	crax_scen1	2026-07-12	2	5940	models/scen1_seed0/anchor_d25	safe_goal_point	1	1000	128	25.0	30.77	24.22	9.78	0.97
crax_scen1_6134792.log	6134792	crax_scen1	2026-07-12	2	5941	models/scen1_seed0/anchor_d25	safe_goal_point	1	1000	128	15.0	29.92	23.41	10.41	1.56
crax_scen1_6134792.log	6134792	crax_scen1	2026-07-12	2	5942	models/scen1_seed0/anchor_d25	safe_goal_point	1	1000	128	10.0	31.09	24.30	9.32	2.43
crax_scen1_6134792.log	6134792	crax_scen1	2026-07-12	2	5943	models/scen1_seed0/anchor_d25	safe_goal_point	1	1000	128	5.0	31.59	25.05	9.36	5.01
crax_scen1_6134792.log	6134792	crax_scen1	2026-07-12	3	5961	models/scen1_seed0/naive_5to25	safe_goal_point	1	1000	128	25.0	29.29	22.65	10.83	0.91
crax_scen1_6134792.log	6134792	crax_scen1	2026-07-12	3	5962	models/scen1_seed0/naive_5to25	safe_goal_point	1	1000	128	15.0	27.50	19.68	11.68	1.31
crax_scen1_6134792.log	6134792	crax_scen1	2026-07-12	3	5963	models/scen1_seed0/naive_5to25	safe_goal_point	1	1000	128	10.0	23.77	19.90	17.35	1.99
crax_scen1_6134792.log	6134792	crax_scen1	2026-07-12	3	5964	models/scen1_seed0/naive_5to25	safe_goal_point	1	1000	128	5.0	23.62	24.33	69.58	4.87
crax_scen1_6134792.log	6134792	crax_scen1	2026-07-12	4	5982	models/scen1_seed0/naive_25to5	safe_goal_point	1	1000	128	25.0	23.72	7.77	5.31	0.31
crax_scen1_6134792.log	6134792	crax_scen1	2026-07-12	4	5983	models/scen1_seed0/naive_25to5	safe_goal_point	1	1000	128	15.0	24.02	6.84	4.71	0.46
crax_scen1_6134792.log	6134792	crax_scen1	2026-07-12	4	5984	models/scen1_seed0/naive_25to5	safe_goal_point	1	1000	128	10.0	25.66	6.22	4.05	0.62
crax_scen1_6134792.log	6134792	crax_scen1	2026-07-12	4	5985	models/scen1_seed0/naive_25to5	safe_goal_point	1	1000	128	5.0	25.86	6.25	4.47	1.25
crax_scen1_6137810.log	6137810	crax_scen1	2026-07-13	1	5919	models/scen1_seed0/anchor_d5	safe_goal_point	1	1000	128	25.0	0.39	0.15	0.70	0.01
crax_scen1_6137810.log	6137810	crax_scen1	2026-07-13	1	5920	models/scen1_seed0/anchor_d5	safe_goal_point	1	1000	128	15.0	1.01	0.51	1.53	0.03
crax_scen1_6137810.log	6137810	crax_scen1	2026-07-13	1	5921	models/scen1_seed0/anchor_d5	safe_goal_point	1	1000	128	10.0	1.74	0.53	1.80	0.05
crax_scen1_6137810.log	6137810	crax_scen1	2026-07-13	1	5922	models/scen1_seed0/anchor_d5	safe_goal_point	1	1000	128	5.0	2.75	1.56	4.12	0.31
crax_scen1_6137810.log	6137810	crax_scen1	2026-07-13	2	5940	models/scen1_seed0/anchor_d25	safe_goal_point	1	1000	128	25.0	26.17	22.25	11.89	0.89
crax_scen1_6137810.log	6137810	crax_scen1	2026-07-13	2	5941	models/scen1_seed0/anchor_d25	safe_goal_point	1	1000	128	15.0	27.05	29.03	83.21	1.94
crax_scen1_6137810.log	6137810	crax_scen1	2026-07-13	2	5942	models/scen1_seed0/anchor_d25	safe_goal_point	1	1000	128	10.0	27.16	23.35	10.14	2.34
crax_scen1_6137810.log	6137810	crax_scen1	2026-07-13	2	5943	models/scen1_seed0/anchor_d25	safe_goal_point	1	1000	128	5.0	27.02	21.69	8.79	4.34
crax_scen1_6137810.log	6137810	crax_scen1	2026-07-13	3	5961	models/scen1_seed0/naive_5to25	safe_goal_point	1	1000	128	25.0	27.91	25.29	10.30	1.01
crax_scen1_6137810.log	6137810	crax_scen1	2026-07-13	3	5962	models/scen1_seed0/naive_5to25	safe_goal_point	1	1000	128	15.0	25.68	25.34	12.54	1.69
crax_scen1_6137810.log	6137810	crax_scen1	2026-07-13	3	5963	models/scen1_seed0/naive_5to25	safe_goal_point	1	1000	128	10.0	23.47	25.58	12.06	2.56
crax_scen1_6137810.log	6137810	crax_scen1	2026-07-13	3	5964	models/scen1_seed0/naive_5to25	safe_goal_point	1	1000	128	5.0	22.15	28.10	13.11	5.62
crax_scen1_6137810.log	6137810	crax_scen1	2026-07-13	4	5982	models/scen1_seed0/naive_25to5	safe_goal_point	1	1000	128	25.0	1.15	2.59	19.76	0.10
crax_scen1_6137810.log	6137810	crax_scen1	2026-07-13	4	5983	models/scen1_seed0/naive_25to5	safe_goal_point	1	1000	128	15.0	1.07	0.60	2.07	0.04
crax_scen1_6137810.log	6137810	crax_scen1	2026-07-13	4	5984	models/scen1_seed0/naive_25to5	safe_goal_point	1	1000	128	10.0	1.20	12.28	92.45	1.23
crax_scen1_6137810.log	6137810	crax_scen1	2026-07-13	4	5985	models/scen1_seed0/naive_25to5	safe_goal_point	1	1000	128	5.0	1.17	0.51	2.53	0.10
crax_scen1_6140614.log	6140614	crax_scen1	2026-07-13	1	8828	models/scen1_seed0/ewc_normal_5to25	safe_goal_point	1	1000	128	25.0	2.91	2.06	4.02	0.08
crax_scen1_6140614.log	6140614	crax_scen1	2026-07-13	1	8829	models/scen1_seed0/ewc_normal_5to25	safe_goal_point	1	1000	128	15.0	4.19	3.90	8.75	0.26
crax_scen1_6140614.log	6140614	crax_scen1	2026-07-13	1	8830	models/scen1_seed0/ewc_normal_5to25	safe_goal_point	1	1000	128	10.0	4.93	4.06	13.65	0.41
crax_scen1_6140614.log	6140614	crax_scen1	2026-07-13	1	8831	models/scen1_seed0/ewc_normal_5to25	safe_goal_point	1	1000	128	5.0	6.96	4.69	7.32	0.94
crax_scen1_6140614.log	6140614	crax_scen1	2026-07-13	2	8849	models/scen1_seed0/ewc_cf_5to25	safe_goal_point	1	1000	128	25.0	1.95	8.01	49.49	0.32
crax_scen1_6140614.log	6140614	crax_scen1	2026-07-13	2	8850	models/scen1_seed0/ewc_cf_5to25	safe_goal_point	1	1000	128	15.0	3.62	4.73	17.40	0.32
crax_scen1_6140614.log	6140614	crax_scen1	2026-07-13	2	8851	models/scen1_seed0/ewc_cf_5to25	safe_goal_point	1	1000	128	10.0	5.93	10.52	48.52	1.05
crax_scen1_6140614.log	6140614	crax_scen1	2026-07-13	2	8852	models/scen1_seed0/ewc_cf_5to25	safe_goal_point	1	1000	128	5.0	6.90	7.58	34.58	1.52
crax_scen1_6140614.log	6140614	crax_scen1	2026-07-13	3	8870	models/scen1_seed0/ewc_dual_5to25	safe_goal_point	1	1000	128	25.0	2.41	7.34	44.58	0.29
crax_scen1_6140614.log	6140614	crax_scen1	2026-07-13	3	8871	models/scen1_seed0/ewc_dual_5to25	safe_goal_point	1	1000	128	15.0	3.23	4.99	27.82	0.33
crax_scen1_6140614.log	6140614	crax_scen1	2026-07-13	3	8872	models/scen1_seed0/ewc_dual_5to25	safe_goal_point	1	1000	128	10.0	5.18	3.60	6.96	0.36
crax_scen1_6140614.log	6140614	crax_scen1	2026-07-13	3	8873	models/scen1_seed0/ewc_dual_5to25	safe_goal_point	1	1000	128	5.0	6.84	5.93	15.11	1.19
crax_scen1_6140614.log	6140614	crax_scen1	2026-07-13	4	8891	models/scen1_seed0/ewc_normal_25to5	safe_goal_point	1	1000	128	25.0	24.87	20.42	9.95	0.82
crax_scen1_6140614.log	6140614	crax_scen1	2026-07-13	4	8892	models/scen1_seed0/ewc_normal_25to5	safe_goal_point	1	1000	128	15.0	27.04	21.16	9.22	1.41
crax_scen1_6140614.log	6140614	crax_scen1	2026-07-13	4	8893	models/scen1_seed0/ewc_normal_25to5	safe_goal_point	1	1000	128	10.0	27.30	23.13	11.41	2.31
crax_scen1_6140614.log	6140614	crax_scen1	2026-07-13	4	8894	models/scen1_seed0/ewc_normal_25to5	safe_goal_point	1	1000	128	5.0	26.82	21.31	8.34	4.26
crax_scen1_6140614.log	6140614	crax_scen1	2026-07-13	5	8912	models/scen1_seed0/ewc_cf_25to5	safe_goal_point	1	1000	128	25.0	25.98	21.01	9.23	0.84
crax_scen1_6140614.log	6140614	crax_scen1	2026-07-13	5	8913	models/scen1_seed0/ewc_cf_25to5	safe_goal_point	1	1000	128	15.0	26.97	21.78	10.33	1.45
crax_scen1_6140614.log	6140614	crax_scen1	2026-07-13	5	8914	models/scen1_seed0/ewc_cf_25to5	safe_goal_point	1	1000	128	10.0	27.07	21.46	10.08	2.15
crax_scen1_6140614.log	6140614	crax_scen1	2026-07-13	5	8915	models/scen1_seed0/ewc_cf_25to5	safe_goal_point	1	1000	128	5.0	26.90	21.28	10.41	4.26
crax_scen1_6140614.log	6140614	crax_scen1	2026-07-13	6	8933	models/scen1_seed0/ewc_dual_25to5	safe_goal_point	1	1000	128	25.0	25.73	20.00	9.17	0.80
crax_scen1_6140614.log	6140614	crax_scen1	2026-07-13	6	8934	models/scen1_seed0/ewc_dual_25to5	safe_goal_point	1	1000	128	15.0	26.32	22.04	10.71	1.47
crax_scen1_6140614.log	6140614	crax_scen1	2026-07-13	6	8935	models/scen1_seed0/ewc_dual_25to5	safe_goal_point	1	1000	128	10.0	25.66	18.66	8.98	1.87
crax_scen1_6140614.log	6140614	crax_scen1	2026-07-13	6	8936	models/scen1_seed0/ewc_dual_25to5	safe_goal_point	1	1000	128	5.0	27.56	22.71	9.42	4.54
crax_scen1_sink_6142106.log	6142106	crax_scen1_sink	2026-07-13	1	5921	models/scen1_sink_seed0/anchor_d5	safe_goal_point	1	1000	128	25.0	27.80	6.67	4.11	0.27
crax_scen1_sink_6142106.log	6142106	crax_scen1_sink	2026-07-13	1	5922	models/scen1_sink_seed0/anchor_d5	safe_goal_point	1	1000	128	15.0	27.32	6.31	4.23	0.42
crax_scen1_sink_6142106.log	6142106	crax_scen1_sink	2026-07-13	1	5923	models/scen1_sink_seed0/anchor_d5	safe_goal_point	1	1000	128	10.0	27.05	6.08	4.03	0.61
crax_scen1_sink_6142106.log	6142106	crax_scen1_sink	2026-07-13	1	5924	models/scen1_sink_seed0/anchor_d5	safe_goal_point	1	1000	128	5.0	27.12	5.77	3.59	1.15
crax_scen1_sink_6142106.log	6142106	crax_scen1_sink	2026-07-13	2	5942	models/scen1_sink_seed0/anchor_d25	safe_goal_point	1	1000	128	25.0	31.14	28.63	10.36	1.15
crax_scen1_sink_6142106.log	6142106	crax_scen1_sink	2026-07-13	2	5943	models/scen1_sink_seed0/anchor_d25	safe_goal_point	1	1000	128	15.0	31.11	26.49	9.69	1.77
crax_scen1_sink_6142106.log	6142106	crax_scen1_sink	2026-07-13	2	5944	models/scen1_sink_seed0/anchor_d25	safe_goal_point	1	1000	128	10.0	30.97	26.74	10.55	2.67
crax_scen1_sink_6142106.log	6142106	crax_scen1_sink	2026-07-13	2	5945	models/scen1_sink_seed0/anchor_d25	safe_goal_point	1	1000	128	5.0	31.17	26.81	9.94	5.36
crax_scen1_sink_6142106.log	6142106	crax_scen1_sink	2026-07-13	3	5963	models/scen1_sink_seed0/naive_5to25	safe_goal_point	1	1000	128	25.0	30.90	27.69	10.18	1.11
crax_scen1_sink_6142106.log	6142106	crax_scen1_sink	2026-07-13	3	5964	models/scen1_sink_seed0/naive_5to25	safe_goal_point	1	1000	128	15.0	30.05	24.16	8.71	1.61
crax_scen1_sink_6142106.log	6142106	crax_scen1_sink	2026-07-13	3	5965	models/scen1_sink_seed0/naive_5to25	safe_goal_point	1	1000	128	10.0	29.06	23.86	9.27	2.39
crax_scen1_sink_6142106.log	6142106	crax_scen1_sink	2026-07-13	3	5966	models/scen1_sink_seed0/naive_5to25	safe_goal_point	1	1000	128	5.0	28.33	20.29	9.05	4.06
crax_scen1_sink_6142106.log	6142106	crax_scen1_sink	2026-07-13	4	5984	models/scen1_sink_seed0/naive_25to5	safe_goal_point	1	1000	128	25.0	27.73	10.12	6.03	0.40
crax_scen1_sink_6142106.log	6142106	crax_scen1_sink	2026-07-13	4	5985	models/scen1_sink_seed0/naive_25to5	safe_goal_point	1	1000	128	15.0	28.15	8.65	5.69	0.58
crax_scen1_sink_6142106.log	6142106	crax_scen1_sink	2026-07-13	4	5986	models/scen1_sink_seed0/naive_25to5	safe_goal_point	1	1000	128	10.0	28.63	8.01	5.45	0.80
crax_scen1_sink_6142106.log	6142106	crax_scen1_sink	2026-07-13	4	5987	models/scen1_sink_seed0/naive_25to5	safe_goal_point	1	1000	128	5.0	29.65	6.95	5.01	1.39
crax_scen1_sink_6142329.log	6142329	crax_scen1_sink	2026-07-14	1	8833	models/scen1_sink_seed0/ewc_normal_5to25	safe_goal_point	1	1000	128	25.0	26.88	7.77	4.18	0.31
crax_scen1_sink_6142329.log	6142329	crax_scen1_sink	2026-07-14	1	8834	models/scen1_sink_seed0/ewc_normal_5to25	safe_goal_point	1	1000	128	15.0	25.81	8.36	5.08	0.56
crax_scen1_sink_6142329.log	6142329	crax_scen1_sink	2026-07-14	1	8835	models/scen1_sink_seed0/ewc_normal_5to25	safe_goal_point	1	1000	128	10.0	27.05	6.96	3.61	0.70
crax_scen1_sink_6142329.log	6142329	crax_scen1_sink	2026-07-14	1	8836	models/scen1_sink_seed0/ewc_normal_5to25	safe_goal_point	1	1000	128	5.0	27.61	6.89	3.85	1.38
crax_scen1_sink_6142329.log	6142329	crax_scen1_sink	2026-07-14	2	8854	models/scen1_sink_seed0/ewc_cf_5to25	safe_goal_point	1	1000	128	25.0	26.92	8.26	5.05	0.33
crax_scen1_sink_6142329.log	6142329	crax_scen1_sink	2026-07-14	2	8855	models/scen1_sink_seed0/ewc_cf_5to25	safe_goal_point	1	1000	128	15.0	26.54	7.04	3.77	0.47
crax_scen1_sink_6142329.log	6142329	crax_scen1_sink	2026-07-14	2	8856	models/scen1_sink_seed0/ewc_cf_5to25	safe_goal_point	1	1000	128	10.0	27.21	7.04	4.13	0.70
crax_scen1_sink_6142329.log	6142329	crax_scen1_sink	2026-07-14	2	8857	models/scen1_sink_seed0/ewc_cf_5to25	safe_goal_point	1	1000	128	5.0	26.85	6.56	4.00	1.31
crax_scen1_sink_6142329.log	6142329	crax_scen1_sink	2026-07-14	3	8875	models/scen1_sink_seed0/ewc_dual_5to25	safe_goal_point	1	1000	128	25.0	26.59	8.25	4.42	0.33
crax_scen1_sink_6142329.log	6142329	crax_scen1_sink	2026-07-14	3	8876	models/scen1_sink_seed0/ewc_dual_5to25	safe_goal_point	1	1000	128	15.0	26.00	7.08	4.10	0.47
crax_scen1_sink_6142329.log	6142329	crax_scen1_sink	2026-07-14	3	8877	models/scen1_sink_seed0/ewc_dual_5to25	safe_goal_point	1	1000	128	10.0	26.74	7.77	4.26	0.78
crax_scen1_sink_6142329.log	6142329	crax_scen1_sink	2026-07-14	3	8878	models/scen1_sink_seed0/ewc_dual_5to25	safe_goal_point	1	1000	128	5.0	27.05	6.23	3.65	1.25
crax_scen1_sink_6142329.log	6142329	crax_scen1_sink	2026-07-14	4	8896	models/scen1_sink_seed0/ewc_normal_25to5	safe_goal_point	1	1000	128	25.0	31.05	30.93	10.17	1.24
crax_scen1_sink_6142329.log	6142329	crax_scen1_sink	2026-07-14	4	8897	models/scen1_sink_seed0/ewc_normal_25to5	safe_goal_point	1	1000	128	15.0	31.02	27.16	9.85	1.81
crax_scen1_sink_6142329.log	6142329	crax_scen1_sink	2026-07-14	4	8898	models/scen1_sink_seed0/ewc_normal_25to5	safe_goal_point	1	1000	128	10.0	30.76	27.34	9.75	2.73
crax_scen1_sink_6142329.log	6142329	crax_scen1_sink	2026-07-14	4	8899	models/scen1_sink_seed0/ewc_normal_25to5	safe_goal_point	1	1000	128	5.0	31.25	25.30	9.51	5.06
crax_scen1_sink_6142329.log	6142329	crax_scen1_sink	2026-07-14	5	8917	models/scen1_sink_seed0/ewc_cf_25to5	safe_goal_point	1	1000	128	25.0	30.78	29.81	10.25	1.19
crax_scen1_sink_6142329.log	6142329	crax_scen1_sink	2026-07-14	5	8918	models/scen1_sink_seed0/ewc_cf_25to5	safe_goal_point	1	1000	128	15.0	30.58	28.13	9.24	1.88
crax_scen1_sink_6142329.log	6142329	crax_scen1_sink	2026-07-14	5	8919	models/scen1_sink_seed0/ewc_cf_25to5	safe_goal_point	1	1000	128	10.0	30.77	27.16	8.27	2.72
crax_scen1_sink_6142329.log	6142329	crax_scen1_sink	2026-07-14	5	8920	models/scen1_sink_seed0/ewc_cf_25to5	safe_goal_point	1	1000	128	5.0	30.97	25.70	8.77	5.14
crax_scen1_sink_6142329.log	6142329	crax_scen1_sink	2026-07-14	6	8938	models/scen1_sink_seed0/ewc_dual_25to5	safe_goal_point	1	1000	128	25.0	31.62	30.69	9.37	1.23
crax_scen1_sink_6142329.log	6142329	crax_scen1_sink	2026-07-14	6	8939	models/scen1_sink_seed0/ewc_dual_25to5	safe_goal_point	1	1000	128	15.0	30.80	27.97	9.72	1.86
crax_scen1_sink_6142329.log	6142329	crax_scen1_sink	2026-07-14	6	8940	models/scen1_sink_seed0/ewc_dual_25to5	safe_goal_point	1	1000	128	10.0	30.96	26.36	9.24	2.64
crax_scen1_sink_6142329.log	6142329	crax_scen1_sink	2026-07-14	6	8941	models/scen1_sink_seed0/ewc_dual_25to5	safe_goal_point	1	1000	128	5.0	30.88	26.98	9.03	5.40
crax_sink_test_6135339.log	6135339	crax_sink_test	2026-07-12	1	1482	models/sink_test/p3o_sink_d10	safe_goal_point	1	1000	128	25.0	27.64	14.91	8.05	0.60
crax_sink_test_6135339.log	6135339	crax_sink_test	2026-07-12	1	1483	models/sink_test/p3o_sink_d10	safe_goal_point	1	1000	128	15.0	28.03	12.69	6.35	0.85
crax_sink_test_6135339.log	6135339	crax_sink_test	2026-07-12	1	1484	models/sink_test/p3o_sink_d10	safe_goal_point	1	1000	128	10.0	28.97	12.76	6.50	1.28
crax_sink_test_6135339.log	6135339	crax_sink_test	2026-07-12	1	1485	models/sink_test/p3o_sink_d10	safe_goal_point	1	1000	128	5.0	28.56	12.11	6.18	2.42
crax_sink_test_6135433.log	6135433	crax_sink_test	2026-07-12	1	1482	models/sink_test/p3o_sink_d25	safe_goal_point	1	1000	128	25.0	31.14	28.63	10.36	1.15
crax_sink_test_6135433.log	6135433	crax_sink_test	2026-07-12	1	1483	models/sink_test/p3o_sink_d25	safe_goal_point	1	1000	128	15.0	31.11	26.49	9.69	1.77
crax_sink_test_6135433.log	6135433	crax_sink_test	2026-07-12	1	1484	models/sink_test/p3o_sink_d25	safe_goal_point	1	1000	128	10.0	30.97	26.74	10.55	2.67
crax_sink_test_6135433.log	6135433	crax_sink_test	2026-07-12	1	1485	models/sink_test/p3o_sink_d25	safe_goal_point	1	1000	128	5.0	31.17	26.81	9.94	5.36
diag_6237888_4294967294.log	6237888	diag	2026-07-29	1	6471	models/diag_safe_goal_point_L2_p3o_budget_nosink_d10_s110/anchor	safe_goal_point	2	1000	128	25.0	23.74	12.47	9.38	0.50
diag_6237888_4294967294.log	6237888	diag	2026-07-29	1	6472	models/diag_safe_goal_point_L2_p3o_budget_nosink_d10_s110/anchor	safe_goal_point	2	1000	128	15.0	24.30	9.77	5.74	0.65
diag_6237888_4294967294.log	6237888	diag	2026-07-29	1	6473	models/diag_safe_goal_point_L2_p3o_budget_nosink_d10_s110/anchor	safe_goal_point	2	1000	128	10.0	23.87	9.65	7.02	0.97
diag_6237888_4294967294.log	6237888	diag	2026-07-29	1	6474	models/diag_safe_goal_point_L2_p3o_budget_nosink_d10_s110/anchor	safe_goal_point	2	1000	128	5.0	23.62	10.17	16.62	2.03
diag_6237889_4294967294.log	6237889	diag	2026-07-29	1	6471	models/diag_safe_goal_point_L2_p3o_budget_nosink_d15_s115/anchor	safe_goal_point	2	1000	128	25.0	23.31	16.80	19.38	0.67
diag_6237889_4294967294.log	6237889	diag	2026-07-29	1	6472	models/diag_safe_goal_point_L2_p3o_budget_nosink_d15_s115/anchor	safe_goal_point	2	1000	128	15.0	24.60	11.87	5.56	0.79
diag_6237889_4294967294.log	6237889	diag	2026-07-29	1	6473	models/diag_safe_goal_point_L2_p3o_budget_nosink_d15_s115/anchor	safe_goal_point	2	1000	128	10.0	23.69	15.61	25.26	1.56
diag_6237889_4294967294.log	6237889	diag	2026-07-29	1	6474	models/diag_safe_goal_point_L2_p3o_budget_nosink_d15_s115/anchor	safe_goal_point	2	1000	128	5.0	22.85	20.88	105.15	4.18
diag_6237890_4294967294.log	6237890	diag	2026-07-29	1	6471	models/diag_safe_goal_point_L2_p3o_budget_nosink_d25_s125/anchor	safe_goal_point	2	1000	128	25.0	25.10	31.22	86.20	1.25
diag_6237890_4294967294.log	6237890	diag	2026-07-29	1	6472	models/diag_safe_goal_point_L2_p3o_budget_nosink_d25_s125/anchor	safe_goal_point	2	1000	128	15.0	23.48	22.94	27.88	1.53
diag_6237890_4294967294.log	6237890	diag	2026-07-29	1	6473	models/diag_safe_goal_point_L2_p3o_budget_nosink_d25_s125/anchor	safe_goal_point	2	1000	128	10.0	22.88	19.60	12.25	1.96
diag_6237890_4294967294.log	6237890	diag	2026-07-29	1	6474	models/diag_safe_goal_point_L2_p3o_budget_nosink_d25_s125/anchor	safe_goal_point	2	1000	128	5.0	22.17	19.08	43.44	3.82
diag_6237891_4294967294.log	6237891	diag	2026-07-29	1	6472	models/diag_safe_goal_point_L2_p3o_budget_sink_d10_s210/anchor	safe_goal_point	2	1000	128	25.0	26.69	14.17	12.04	0.57
diag_6237891_4294967294.log	6237891	diag	2026-07-29	1	6473	models/diag_safe_goal_point_L2_p3o_budget_sink_d10_s210/anchor	safe_goal_point	2	1000	128	15.0	27.35	9.21	5.95	0.61
diag_6237891_4294967294.log	6237891	diag	2026-07-29	1	6474	models/diag_safe_goal_point_L2_p3o_budget_sink_d10_s210/anchor	safe_goal_point	2	1000	128	10.0	26.93	8.87	13.77	0.89
diag_6237891_4294967294.log	6237891	diag	2026-07-29	1	6475	models/diag_safe_goal_point_L2_p3o_budget_sink_d10_s210/anchor	safe_goal_point	2	1000	128	5.0	26.47	36.69	272.95	7.34
diag_6237892_4294967294.log	6237892	diag	2026-07-29	1	6471	models/diag_safe_goal_point_L2_p3o_budget_sink_d15_s215/anchor	safe_goal_point	2	1000	128	25.0	27.80	15.84	11.84	0.63
diag_6237892_4294967294.log	6237892	diag	2026-07-29	1	6472	models/diag_safe_goal_point_L2_p3o_budget_sink_d15_s215/anchor	safe_goal_point	2	1000	128	15.0	27.04	14.71	16.59	0.98
diag_6237892_4294967294.log	6237892	diag	2026-07-29	1	6473	models/diag_safe_goal_point_L2_p3o_budget_sink_d15_s215/anchor	safe_goal_point	2	1000	128	10.0	27.29	15.08	39.93	1.51
diag_6237892_4294967294.log	6237892	diag	2026-07-29	1	6474	models/diag_safe_goal_point_L2_p3o_budget_sink_d15_s215/anchor	safe_goal_point	2	1000	128	5.0	25.99	8.76	5.47	1.75
diag_6237893_4294967294.log	6237893	diag	2026-07-29	1	6473	models/diag_safe_goal_point_L2_p3o_budget_sink_d25_s225/anchor	safe_goal_point	2	1000	128	25.0	27.62	23.17	8.51	0.93
diag_6237893_4294967294.log	6237893	diag	2026-07-29	1	6474	models/diag_safe_goal_point_L2_p3o_budget_sink_d25_s225/anchor	safe_goal_point	2	1000	128	15.0	25.26	19.20	8.65	1.28
diag_6237893_4294967294.log	6237893	diag	2026-07-29	1	6475	models/diag_safe_goal_point_L2_p3o_budget_sink_d25_s225/anchor	safe_goal_point	2	1000	128	10.0	24.79	19.37	10.19	1.94
diag_6237893_4294967294.log	6237893	diag	2026-07-29	1	6476	models/diag_safe_goal_point_L2_p3o_budget_sink_d25_s225/anchor	safe_goal_point	2	1000	128	5.0	23.66	18.04	11.96	3.61
diag_6237894_4294967294.log	6237894	diag	2026-07-29	1	5982	models/diag_safe_push_point_L1_p3o_budget_nosink_d10_s310/anchor	safe_push_point	1	2000	128	25.0	75.89	12.54	8.94	0.50
diag_6237894_4294967294.log	6237894	diag	2026-07-29	1	5983	models/diag_safe_push_point_L1_p3o_budget_nosink_d10_s310/anchor	safe_push_point	1	2000	128	15.0	76.45	11.21	8.65	0.75
diag_6237894_4294967294.log	6237894	diag	2026-07-29	1	5984	models/diag_safe_push_point_L1_p3o_budget_nosink_d10_s310/anchor	safe_push_point	1	2000	128	10.0	75.71	8.88	8.79	0.89
diag_6237894_4294967294.log	6237894	diag	2026-07-29	1	5985	models/diag_safe_push_point_L1_p3o_budget_nosink_d10_s310/anchor	safe_push_point	1	2000	128	5.0	76.05	9.94	7.77	1.99
diag_6237895_4294967294.log	6237895	diag	2026-07-29	1	5983	models/diag_safe_push_point_L1_p3o_budget_nosink_d15_s315/anchor	safe_push_point	1	2000	128	25.0	75.37	17.33	11.69	0.69
diag_6237895_4294967294.log	6237895	diag	2026-07-29	1	5984	models/diag_safe_push_point_L1_p3o_budget_nosink_d15_s315/anchor	safe_push_point	1	2000	128	15.0	75.16	15.18	12.15	1.01
diag_6237895_4294967294.log	6237895	diag	2026-07-29	1	5985	models/diag_safe_push_point_L1_p3o_budget_nosink_d15_s315/anchor	safe_push_point	1	2000	128	10.0	75.28	16.50	11.96	1.65
diag_6237895_4294967294.log	6237895	diag	2026-07-29	1	5986	models/diag_safe_push_point_L1_p3o_budget_nosink_d15_s315/anchor	safe_push_point	1	2000	128	5.0	75.16	12.48	9.84	2.50
diag_6237896_4294967294.log	6237896	diag	2026-07-29	1	5982	models/diag_safe_push_point_L1_p3o_budget_nosink_d25_s325/anchor	safe_push_point	1	2000	128	25.0	48.70	23.87	13.39	0.95
diag_6237896_4294967294.log	6237896	diag	2026-07-29	1	5983	models/diag_safe_push_point_L1_p3o_budget_nosink_d25_s325/anchor	safe_push_point	1	2000	128	15.0	48.44	23.41	12.54	1.56
diag_6237896_4294967294.log	6237896	diag	2026-07-29	1	5984	models/diag_safe_push_point_L1_p3o_budget_nosink_d25_s325/anchor	safe_push_point	1	2000	128	10.0	47.77	20.99	15.03	2.10
diag_6237896_4294967294.log	6237896	diag	2026-07-29	1	5985	models/diag_safe_push_point_L1_p3o_budget_nosink_d25_s325/anchor	safe_push_point	1	2000	128	5.0	45.96	23.95	22.23	4.79
diag_6237897_4294967294.log	6237897	diag	2026-07-29	1	5983	models/diag_safe_push_point_L1_p3o_budget_sink_d10_s410/anchor	safe_push_point	1	2000	128	25.0	8.38	63.82	196.26	2.55
diag_6237897_4294967294.log	6237897	diag	2026-07-29	1	5984	models/diag_safe_push_point_L1_p3o_budget_sink_d10_s410/anchor	safe_push_point	1	2000	128	15.0	6.25	41.28	176.81	2.75
diag_6237897_4294967294.log	6237897	diag	2026-07-29	1	5985	models/diag_safe_push_point_L1_p3o_budget_sink_d10_s410/anchor	safe_push_point	1	2000	128	10.0	5.09	45.70	213.45	4.57
diag_6237897_4294967294.log	6237897	diag	2026-07-29	1	5986	models/diag_safe_push_point_L1_p3o_budget_sink_d10_s410/anchor	safe_push_point	1	2000	128	5.0	3.33	12.26	20.74	2.45
diag_6237898_4294967294.log	6237898	diag	2026-07-29	1	5982	models/diag_safe_push_point_L1_p3o_budget_sink_d15_s415/anchor	safe_push_point	1	2000	128	25.0	12.27	29.00	40.37	1.16
diag_6237898_4294967294.log	6237898	diag	2026-07-29	1	5983	models/diag_safe_push_point_L1_p3o_budget_sink_d15_s415/anchor	safe_push_point	1	2000	128	15.0	9.56	29.40	130.71	1.96
diag_6237898_4294967294.log	6237898	diag	2026-07-29	1	5984	models/diag_safe_push_point_L1_p3o_budget_sink_d15_s415/anchor	safe_push_point	1	2000	128	10.0	7.89	18.74	39.61	1.87
diag_6237898_4294967294.log	6237898	diag	2026-07-29	1	5985	models/diag_safe_push_point_L1_p3o_budget_sink_d15_s415/anchor	safe_push_point	1	2000	128	5.0	6.08	16.41	49.48	3.28
diag_6237899_4294967294.log	6237899	diag	2026-07-29	1	5982	models/diag_safe_push_point_L1_p3o_budget_sink_d25_s425/anchor	safe_push_point	1	2000	128	25.0	13.20	27.37	8.50	1.09
diag_6237899_4294967294.log	6237899	diag	2026-07-29	1	5983	models/diag_safe_push_point_L1_p3o_budget_sink_d25_s425/anchor	safe_push_point	1	2000	128	15.0	9.25	19.87	9.17	1.32
diag_6237899_4294967294.log	6237899	diag	2026-07-29	1	5984	models/diag_safe_push_point_L1_p3o_budget_sink_d25_s425/anchor	safe_push_point	1	2000	128	10.0	8.75	32.78	100.22	3.28
diag_6237899_4294967294.log	6237899	diag	2026-07-29	1	5985	models/diag_safe_push_point_L1_p3o_budget_sink_d25_s425/anchor	safe_push_point	1	2000	128	5.0	6.89	15.13	26.11	3.03
diag_6239525_4294967294.log	6239525	diag	2026-07-29	1	6471	models/goal_l2_ep2000/anchor	safe_goal_point	2	1000	128	25.0	22.27	21.69	10.35	0.87
diag_6239525_4294967294.log	6239525	diag	2026-07-29	1	6472	models/goal_l2_ep2000/anchor	safe_goal_point	2	1000	128	15.0	21.97	27.90	81.00	1.86
diag_6239525_4294967294.log	6239525	diag	2026-07-29	1	6473	models/goal_l2_ep2000/anchor	safe_goal_point	2	1000	128	10.0	21.03	36.95	137.88	3.69
diag_6239525_4294967294.log	6239525	diag	2026-07-29	1	6474	models/goal_l2_ep2000/anchor	safe_goal_point	2	1000	128	5.0	21.07	20.18	42.77	4.04
diag_6239970_4294967294.log	6239970	diag	2026-07-29	1	5982	models/diag_safe_push_point_L1_p3o_budget_nosink_d25_s801/anchor	safe_push_point	1	2000	128	25.0	16.62	19.27	19.42	0.77
diag_6239970_4294967294.log	6239970	diag	2026-07-29	1	5983	models/diag_safe_push_point_L1_p3o_budget_nosink_d25_s801/anchor	safe_push_point	1	2000	128	15.0	16.60	18.85	17.52	1.26
diag_6239970_4294967294.log	6239970	diag	2026-07-29	1	5984	models/diag_safe_push_point_L1_p3o_budget_nosink_d25_s801/anchor	safe_push_point	1	2000	128	10.0	13.81	16.73	18.34	1.67
diag_6239970_4294967294.log	6239970	diag	2026-07-29	1	5985	models/diag_safe_push_point_L1_p3o_budget_nosink_d25_s801/anchor	safe_push_point	1	2000	128	5.0	16.02	17.84	16.97	3.57
diag_6239971_4294967294.log	6239971	diag	2026-07-29	1	5985	models/diag_safe_push_point_L1_p3o_budget_nosink_d25_s802/anchor	safe_push_point	1	2000	128	25.0	22.55	22.34	17.78	0.89
diag_6239971_4294967294.log	6239971	diag	2026-07-29	1	5986	models/diag_safe_push_point_L1_p3o_budget_nosink_d25_s802/anchor	safe_push_point	1	2000	128	15.0	22.68	24.46	19.61	1.63
diag_6239971_4294967294.log	6239971	diag	2026-07-29	1	5987	models/diag_safe_push_point_L1_p3o_budget_nosink_d25_s802/anchor	safe_push_point	1	2000	128	10.0	23.17	22.23	14.65	2.22
diag_6239971_4294967294.log	6239971	diag	2026-07-29	1	5988	models/diag_safe_push_point_L1_p3o_budget_nosink_d25_s802/anchor	safe_push_point	1	2000	128	5.0	21.20	23.36	19.10	4.67
diag_6239972_4294967294.log	6239972	diag	2026-07-29	1	5982	models/diag_safe_push_point_L1_p3o_budget_nosink_d25_s803/anchor	safe_push_point	1	2000	128	25.0	18.91	15.80	17.35	0.63
diag_6239972_4294967294.log	6239972	diag	2026-07-29	1	5983	models/diag_safe_push_point_L1_p3o_budget_nosink_d25_s803/anchor	safe_push_point	1	2000	128	15.0	21.13	18.36	20.85	1.22
diag_6239972_4294967294.log	6239972	diag	2026-07-29	1	5984	models/diag_safe_push_point_L1_p3o_budget_nosink_d25_s803/anchor	safe_push_point	1	2000	128	10.0	21.19	18.35	18.46	1.84
diag_6239972_4294967294.log	6239972	diag	2026-07-29	1	5985	models/diag_safe_push_point_L1_p3o_budget_nosink_d25_s803/anchor	safe_push_point	1	2000	128	5.0	21.11	17.97	17.22	3.59
diag_6240746_4294967294.log	6240746	diag	2026-07-30	1	5983	models/diag_safe_push_point_L1_p3o_budget_nosink_d10_s901/anchor	safe_push_point	1	2000	128	25.0	46.61	12.51	18.44	0.50
diag_6240746_4294967294.log	6240746	diag	2026-07-30	1	5984	models/diag_safe_push_point_L1_p3o_budget_nosink_d10_s901/anchor	safe_push_point	1	2000	128	15.0	43.06	6.18	6.23	0.41
diag_6240746_4294967294.log	6240746	diag	2026-07-30	1	5985	models/diag_safe_push_point_L1_p3o_budget_nosink_d10_s901/anchor	safe_push_point	1	2000	128	10.0	44.34	8.17	23.31	0.82
diag_6240746_4294967294.log	6240746	diag	2026-07-30	1	5986	models/diag_safe_push_point_L1_p3o_budget_nosink_d10_s901/anchor	safe_push_point	1	2000	128	5.0	42.05	5.33	5.55	1.07
diag_6240747_4294967294.log	6240747	diag	2026-07-30	1	5983	models/diag_safe_push_point_L1_p3o_budget_nosink_d15_s901/anchor	safe_push_point	1	2000	128	25.0	27.75	11.80	10.51	0.47
diag_6240747_4294967294.log	6240747	diag	2026-07-30	1	5984	models/diag_safe_push_point_L1_p3o_budget_nosink_d15_s901/anchor	safe_push_point	1	2000	128	15.0	25.20	9.98	9.88	0.67
diag_6240747_4294967294.log	6240747	diag	2026-07-30	1	5985	models/diag_safe_push_point_L1_p3o_budget_nosink_d15_s901/anchor	safe_push_point	1	2000	128	10.0	24.97	8.52	9.10	0.85
diag_6240747_4294967294.log	6240747	diag	2026-07-30	1	5986	models/diag_safe_push_point_L1_p3o_budget_nosink_d15_s901/anchor	safe_push_point	1	2000	128	5.0	24.95	9.24	10.18	1.85
diag_6240748_4294967294.log	6240748	diag	2026-07-30	1	5983	models/diag_safe_push_point_L1_p3o_budget_nosink_d25_s901/anchor	safe_push_point	1	2000	128	25.0	18.21	12.75	13.68	0.51
diag_6240748_4294967294.log	6240748	diag	2026-07-30	1	5984	models/diag_safe_push_point_L1_p3o_budget_nosink_d25_s901/anchor	safe_push_point	1	2000	128	15.0	19.23	15.33	27.38	1.02
diag_6240748_4294967294.log	6240748	diag	2026-07-30	1	5985	models/diag_safe_push_point_L1_p3o_budget_nosink_d25_s901/anchor	safe_push_point	1	2000	128	10.0	17.59	17.73	87.45	1.77
diag_6240748_4294967294.log	6240748	diag	2026-07-30	1	5986	models/diag_safe_push_point_L1_p3o_budget_nosink_d25_s901/anchor	safe_push_point	1	2000	128	5.0	13.90	8.26	11.29	1.65
diag_6240749_4294967294.log	6240749	diag	2026-07-30	1	5983	models/diag_safe_push_point_L1_p3o_budget_nosink_d10_s902/anchor	safe_push_point	1	2000	128	25.0	25.63	6.38	9.43	0.26
diag_6240749_4294967294.log	6240749	diag	2026-07-30	1	5984	models/diag_safe_push_point_L1_p3o_budget_nosink_d10_s902/anchor	safe_push_point	1	2000	128	15.0	26.00	7.44	7.27	0.50
diag_6240749_4294967294.log	6240749	diag	2026-07-30	1	5985	models/diag_safe_push_point_L1_p3o_budget_nosink_d10_s902/anchor	safe_push_point	1	2000	128	10.0	27.36	7.24	8.41	0.72
diag_6240749_4294967294.log	6240749	diag	2026-07-30	1	5986	models/diag_safe_push_point_L1_p3o_budget_nosink_d10_s902/anchor	safe_push_point	1	2000	128	5.0	25.63	7.61	8.29	1.52
diag_6240751_4294967294.log	6240751	diag	2026-07-30	1	5982	models/diag_safe_push_point_L1_p3o_budget_nosink_d15_s902/anchor	safe_push_point	1	2000	128	25.0	28.83	13.95	12.91	0.56
diag_6240751_4294967294.log	6240751	diag	2026-07-30	1	5983	models/diag_safe_push_point_L1_p3o_budget_nosink_d15_s902/anchor	safe_push_point	1	2000	128	15.0	29.17	13.77	11.25	0.92
diag_6240751_4294967294.log	6240751	diag	2026-07-30	1	5984	models/diag_safe_push_point_L1_p3o_budget_nosink_d15_s902/anchor	safe_push_point	1	2000	128	10.0	27.76	15.05	16.23	1.50
diag_6240751_4294967294.log	6240751	diag	2026-07-30	1	5985	models/diag_safe_push_point_L1_p3o_budget_nosink_d15_s902/anchor	safe_push_point	1	2000	128	5.0	31.42	13.18	12.39	2.64
diag_6240752_4294967294.log	6240752	diag	2026-07-30	1	5983	models/diag_safe_push_point_L1_p3o_budget_nosink_d25_s902/anchor	safe_push_point	1	2000	128	25.0	39.25	21.43	21.15	0.86
diag_6240752_4294967294.log	6240752	diag	2026-07-30	1	5984	models/diag_safe_push_point_L1_p3o_budget_nosink_d25_s902/anchor	safe_push_point	1	2000	128	15.0	39.01	24.67	19.87	1.64
diag_6240752_4294967294.log	6240752	diag	2026-07-30	1	5985	models/diag_safe_push_point_L1_p3o_budget_nosink_d25_s902/anchor	safe_push_point	1	2000	128	10.0	36.82	22.61	17.37	2.26
diag_6240752_4294967294.log	6240752	diag	2026-07-30	1	5986	models/diag_safe_push_point_L1_p3o_budget_nosink_d25_s902/anchor	safe_push_point	1	2000	128	5.0	38.98	21.10	17.10	4.22
diag_6240753_4294967294.log	6240753	diag	2026-07-30	1	5984	models/diag_safe_push_point_L1_p3o_budget_nosink_d10_s903/anchor	safe_push_point	1	2000	128	25.0	43.76	11.17	9.68	0.45
diag_6240753_4294967294.log	6240753	diag	2026-07-30	1	5985	models/diag_safe_push_point_L1_p3o_budget_nosink_d10_s903/anchor	safe_push_point	1	2000	128	15.0	48.20	10.58	8.96	0.71
diag_6240753_4294967294.log	6240753	diag	2026-07-30	1	5986	models/diag_safe_push_point_L1_p3o_budget_nosink_d10_s903/anchor	safe_push_point	1	2000	128	10.0	49.11	7.95	7.15	0.79
diag_6240753_4294967294.log	6240753	diag	2026-07-30	1	5987	models/diag_safe_push_point_L1_p3o_budget_nosink_d10_s903/anchor	safe_push_point	1	2000	128	5.0	49.95	9.03	7.27	1.81
diag_6240754_4294967294.log	6240754	diag	2026-07-30	1	5981	models/diag_safe_push_point_L1_p3o_budget_nosink_d15_s903/anchor	safe_push_point	1	2000	128	25.0	54.92	17.33	16.88	0.69
diag_6240754_4294967294.log	6240754	diag	2026-07-30	1	5982	models/diag_safe_push_point_L1_p3o_budget_nosink_d15_s903/anchor	safe_push_point	1	2000	128	15.0	53.91	18.31	20.17	1.22
diag_6240754_4294967294.log	6240754	diag	2026-07-30	1	5983	models/diag_safe_push_point_L1_p3o_budget_nosink_d15_s903/anchor	safe_push_point	1	2000	128	10.0	53.15	17.11	20.50	1.71
diag_6240754_4294967294.log	6240754	diag	2026-07-30	1	5984	models/diag_safe_push_point_L1_p3o_budget_nosink_d15_s903/anchor	safe_push_point	1	2000	128	5.0	53.23	16.26	13.08	3.25
diag_6240755_4294967294.log	6240755	diag	2026-07-30	1	5983	models/diag_safe_push_point_L1_p3o_budget_nosink_d25_s903/anchor	safe_push_point	1	2000	128	25.0	48.53	21.42	14.82	0.86
diag_6240755_4294967294.log	6240755	diag	2026-07-30	1	5984	models/diag_safe_push_point_L1_p3o_budget_nosink_d25_s903/anchor	safe_push_point	1	2000	128	15.0	49.35	21.34	16.45	1.42
diag_6240755_4294967294.log	6240755	diag	2026-07-30	1	5985	models/diag_safe_push_point_L1_p3o_budget_nosink_d25_s903/anchor	safe_push_point	1	2000	128	10.0	48.35	16.68	15.44	1.67
diag_6240755_4294967294.log	6240755	diag	2026-07-30	1	5986	models/diag_safe_push_point_L1_p3o_budget_nosink_d25_s903/anchor	safe_push_point	1	2000	128	5.0	48.38	20.90	19.87	4.18
diag_6242762_4294967294.log	6242762	diag	2026-07-30	1	11720	models/diag_safe_push_point_L1_p3o_budget_nosink_d25_s961/anchor	safe_push_point	1	2000	128	25.0	69.81	27.92	17.67	1.12
diag_6242762_4294967294.log	6242762	diag	2026-07-30	1	11721	models/diag_safe_push_point_L1_p3o_budget_nosink_d25_s961/anchor	safe_push_point	1	2000	128	15.0	68.06	23.70	15.59	1.58
diag_6242762_4294967294.log	6242762	diag	2026-07-30	1	11722	models/diag_safe_push_point_L1_p3o_budget_nosink_d25_s961/anchor	safe_push_point	1	2000	128	10.0	65.86	22.82	15.45	2.28
diag_6242762_4294967294.log	6242762	diag	2026-07-30	1	11723	models/diag_safe_push_point_L1_p3o_budget_nosink_d25_s961/anchor	safe_push_point	1	2000	128	5.0	64.04	20.60	13.46	4.12
diag_6242763_4294967294.log	6242763	diag	2026-07-30	1	11718	models/diag_safe_push_point_L1_p3o_budget_nosink_d10_s962/anchor	safe_push_point	1	2000	128	25.0	69.95	23.59	13.37	0.94
diag_6242763_4294967294.log	6242763	diag	2026-07-30	1	11719	models/diag_safe_push_point_L1_p3o_budget_nosink_d10_s962/anchor	safe_push_point	1	2000	128	15.0	71.65	17.83	11.99	1.19
diag_6242763_4294967294.log	6242763	diag	2026-07-30	1	11720	models/diag_safe_push_point_L1_p3o_budget_nosink_d10_s962/anchor	safe_push_point	1	2000	128	10.0	72.53	16.75	11.05	1.68
diag_6242763_4294967294.log	6242763	diag	2026-07-30	1	11721	models/diag_safe_push_point_L1_p3o_budget_nosink_d10_s962/anchor	safe_push_point	1	2000	128	5.0	73.04	12.99	9.57	2.60
diag_6242764_4294967294.log	6242764	diag	2026-07-31	1	11717	models/diag_safe_push_point_L2_p3o_budget_nosink_d25_s951/anchor	safe_push_point	2	2000	128	25.0	31.69	25.39	14.74	1.02
diag_6242764_4294967294.log	6242764	diag	2026-07-31	1	11718	models/diag_safe_push_point_L2_p3o_budget_nosink_d25_s951/anchor	safe_push_point	2	2000	128	15.0	30.59	22.39	13.04	1.49
diag_6242764_4294967294.log	6242764	diag	2026-07-31	1	11719	models/diag_safe_push_point_L2_p3o_budget_nosink_d25_s951/anchor	safe_push_point	2	2000	128	10.0	29.49	21.62	12.50	2.16
diag_6242764_4294967294.log	6242764	diag	2026-07-31	1	11720	models/diag_safe_push_point_L2_p3o_budget_nosink_d25_s951/anchor	safe_push_point	2	2000	128	5.0	29.10	21.02	14.20	4.20
diag_6243722_4294967294.log	6243722	diag	2026-07-31	1	5982	models/diag_safe_push_point_L1_p3o_budget_nosink_d5_s901/anchor	safe_push_point	1	2000	128	25.0	39.14	26.26	26.13	1.05
diag_6243722_4294967294.log	6243722	diag	2026-07-31	1	5983	models/diag_safe_push_point_L1_p3o_budget_nosink_d5_s901/anchor	safe_push_point	1	2000	128	15.0	50.08	11.60	7.97	0.77
diag_6243722_4294967294.log	6243722	diag	2026-07-31	1	5984	models/diag_safe_push_point_L1_p3o_budget_nosink_d5_s901/anchor	safe_push_point	1	2000	128	10.0	52.93	6.72	5.15	0.67
diag_6243722_4294967294.log	6243722	diag	2026-07-31	1	5985	models/diag_safe_push_point_L1_p3o_budget_nosink_d5_s901/anchor	safe_push_point	1	2000	128	5.0	51.01	5.20	4.44	1.04
diag_6243723_4294967294.log	6243723	diag	2026-07-31	1	5983	models/diag_safe_push_point_L1_p3o_budget_nosink_d5_s902/anchor	safe_push_point	1	2000	128	25.0	35.08	4.40	5.60	0.18
diag_6243723_4294967294.log	6243723	diag	2026-07-31	1	5984	models/diag_safe_push_point_L1_p3o_budget_nosink_d5_s902/anchor	safe_push_point	1	2000	128	15.0	37.09	4.59	5.18	0.31
diag_6243723_4294967294.log	6243723	diag	2026-07-31	1	5985	models/diag_safe_push_point_L1_p3o_budget_nosink_d5_s902/anchor	safe_push_point	1	2000	128	10.0	35.91	3.81	4.71	0.38
diag_6243723_4294967294.log	6243723	diag	2026-07-31	1	5986	models/diag_safe_push_point_L1_p3o_budget_nosink_d5_s902/anchor	safe_push_point	1	2000	128	5.0	35.65	4.39	6.81	0.88
diag_6243724_4294967294.log	6243724	diag	2026-07-31	1	5983	models/diag_safe_push_point_L1_p3o_budget_nosink_d5_s903/anchor	safe_push_point	1	2000	128	25.0	62.97	8.93	8.92	0.36
diag_6243724_4294967294.log	6243724	diag	2026-07-31	1	5984	models/diag_safe_push_point_L1_p3o_budget_nosink_d5_s903/anchor	safe_push_point	1	2000	128	15.0	63.39	7.75	8.13	0.52
diag_6243724_4294967294.log	6243724	diag	2026-07-31	1	5985	models/diag_safe_push_point_L1_p3o_budget_nosink_d5_s903/anchor	safe_push_point	1	2000	128	10.0	61.57	7.60	19.94	0.76
diag_6243724_4294967294.log	6243724	diag	2026-07-31	1	5986	models/diag_safe_push_point_L1_p3o_budget_nosink_d5_s903/anchor	safe_push_point	1	2000	128	5.0	63.82	5.12	5.23	1.02
diag_6243725_4294967294.log	6243725	diag	2026-07-31	1	5984	models/diag_safe_push_point_L1_p3o_budget_nosink_d5_s801/anchor	safe_push_point	1	2000	128	25.0	65.85	8.70	9.48	0.35
diag_6243725_4294967294.log	6243725	diag	2026-07-31	1	5985	models/diag_safe_push_point_L1_p3o_budget_nosink_d5_s801/anchor	safe_push_point	1	2000	128	15.0	66.47	7.34	7.07	0.49
diag_6243725_4294967294.log	6243725	diag	2026-07-31	1	5986	models/diag_safe_push_point_L1_p3o_budget_nosink_d5_s801/anchor	safe_push_point	1	2000	128	10.0	65.80	6.41	6.82	0.64
diag_6243725_4294967294.log	6243725	diag	2026-07-31	1	5987	models/diag_safe_push_point_L1_p3o_budget_nosink_d5_s801/anchor	safe_push_point	1	2000	128	5.0	66.80	5.42	4.86	1.08
diag_6243726_4294967294.log	6243726	diag	2026-07-31	1	5983	models/diag_safe_push_point_L1_p3o_budget_nosink_d5_s802/anchor	safe_push_point	1	2000	128	25.0	22.93	17.02	53.19	0.68
diag_6243726_4294967294.log	6243726	diag	2026-07-31	1	5984	models/diag_safe_push_point_L1_p3o_budget_nosink_d5_s802/anchor	safe_push_point	1	2000	128	15.0	37.10	7.06	7.15	0.47
diag_6243726_4294967294.log	6243726	diag	2026-07-31	1	5985	models/diag_safe_push_point_L1_p3o_budget_nosink_d5_s802/anchor	safe_push_point	1	2000	128	10.0	42.16	3.82	4.28	0.38
diag_6243726_4294967294.log	6243726	diag	2026-07-31	1	5986	models/diag_safe_push_point_L1_p3o_budget_nosink_d5_s802/anchor	safe_push_point	1	2000	128	5.0	40.18	4.77	6.27	0.95
diag_6243728_4294967294.log	6243728	diag	2026-07-31	1	5983	models/diag_safe_push_point_L1_p3o_budget_nosink_d15_s801/anchor	safe_push_point	1	2000	128	25.0	36.48	14.51	10.88	0.58
diag_6243728_4294967294.log	6243728	diag	2026-07-31	1	5984	models/diag_safe_push_point_L1_p3o_budget_nosink_d15_s801/anchor	safe_push_point	1	2000	128	15.0	34.27	13.20	18.01	0.88
diag_6243728_4294967294.log	6243728	diag	2026-07-31	1	5985	models/diag_safe_push_point_L1_p3o_budget_nosink_d15_s801/anchor	safe_push_point	1	2000	128	10.0	35.12	11.70	14.79	1.17
diag_6243728_4294967294.log	6243728	diag	2026-07-31	1	5986	models/diag_safe_push_point_L1_p3o_budget_nosink_d15_s801/anchor	safe_push_point	1	2000	128	5.0	33.64	10.52	9.24	2.10
diag_6243729_4294967294.log	6243729	diag	2026-07-31	1	5983	models/diag_safe_push_point_L1_p3o_budget_nosink_d10_s802/anchor	safe_push_point	1	2000	128	25.0	14.16	8.75	17.97	0.35
diag_6243729_4294967294.log	6243729	diag	2026-07-31	1	5984	models/diag_safe_push_point_L1_p3o_budget_nosink_d10_s802/anchor	safe_push_point	1	2000	128	15.0	15.38	6.49	7.98	0.43
diag_6243729_4294967294.log	6243729	diag	2026-07-31	1	5985	models/diag_safe_push_point_L1_p3o_budget_nosink_d10_s802/anchor	safe_push_point	1	2000	128	10.0	19.26	7.17	8.57	0.72
diag_6243729_4294967294.log	6243729	diag	2026-07-31	1	5986	models/diag_safe_push_point_L1_p3o_budget_nosink_d10_s802/anchor	safe_push_point	1	2000	128	5.0	16.32	8.86	21.89	1.77
diag_6243730_4294967294.log	6243730	diag	2026-07-31	1	5984	models/diag_safe_push_point_L1_p3o_budget_nosink_d15_s802/anchor	safe_push_point	1	2000	128	25.0	71.07	15.88	11.60	0.64
diag_6243730_4294967294.log	6243730	diag	2026-07-31	1	5985	models/diag_safe_push_point_L1_p3o_budget_nosink_d15_s802/anchor	safe_push_point	1	2000	128	15.0	69.91	13.24	9.88	0.88
diag_6243730_4294967294.log	6243730	diag	2026-07-31	1	5986	models/diag_safe_push_point_L1_p3o_budget_nosink_d15_s802/anchor	safe_push_point	1	2000	128	10.0	69.68	13.61	10.92	1.36
diag_6243730_4294967294.log	6243730	diag	2026-07-31	1	5987	models/diag_safe_push_point_L1_p3o_budget_nosink_d15_s802/anchor	safe_push_point	1	2000	128	5.0	69.45	14.10	11.49	2.82
diag_6244673_4294967294.log	6244673	diag	2026-07-31	1	5984	models/diag_safe_push_point_L1_p3o_budget_nosink_by_const_d5_s901/anchor	safe_push_point	1	2000	128	25.0	52.21	13.09	8.29	0.52
diag_6244673_4294967294.log	6244673	diag	2026-07-31	1	5985	models/diag_safe_push_point_L1_p3o_budget_nosink_by_const_d5_s901/anchor	safe_push_point	1	2000	128	15.0	51.21	8.12	7.37	0.54
diag_6244673_4294967294.log	6244673	diag	2026-07-31	1	5986	models/diag_safe_push_point_L1_p3o_budget_nosink_by_const_d5_s901/anchor	safe_push_point	1	2000	128	10.0	52.52	5.77	5.34	0.58
diag_6244673_4294967294.log	6244673	diag	2026-07-31	1	5987	models/diag_safe_push_point_L1_p3o_budget_nosink_by_const_d5_s901/anchor	safe_push_point	1	2000	128	5.0	51.61	3.47	3.98	0.69
diag_6244674_4294967294.log	6244674	diag	2026-07-31	1	5983	models/diag_safe_push_point_L1_p3o_budget_nosink_by_const_d5_s902/anchor	safe_push_point	1	2000	128	25.0	34.56	17.15	32.92	0.69
diag_6244674_4294967294.log	6244674	diag	2026-07-31	1	5984	models/diag_safe_push_point_L1_p3o_budget_nosink_by_const_d5_s902/anchor	safe_push_point	1	2000	128	15.0	34.06	9.71	14.56	0.65
diag_6244674_4294967294.log	6244674	diag	2026-07-31	1	5985	models/diag_safe_push_point_L1_p3o_budget_nosink_by_const_d5_s902/anchor	safe_push_point	1	2000	128	10.0	34.11	6.42	5.09	0.64
diag_6244674_4294967294.log	6244674	diag	2026-07-31	1	5986	models/diag_safe_push_point_L1_p3o_budget_nosink_by_const_d5_s902/anchor	safe_push_point	1	2000	128	5.0	34.07	4.91	5.12	0.98
diag_6244675_4294967294.log	6244675	diag	2026-07-31	1	5983	models/diag_safe_push_point_L1_p3o_budget_nosink_by_const_d5_s903/anchor	safe_push_point	1	2000	128	25.0	66.19	21.81	9.18	0.87
diag_6244675_4294967294.log	6244675	diag	2026-07-31	1	5984	models/diag_safe_push_point_L1_p3o_budget_nosink_by_const_d5_s903/anchor	safe_push_point	1	2000	128	15.0	69.64	13.87	19.80	0.92
diag_6244675_4294967294.log	6244675	diag	2026-07-31	1	5985	models/diag_safe_push_point_L1_p3o_budget_nosink_by_const_d5_s903/anchor	safe_push_point	1	2000	128	10.0	72.61	7.09	5.38	0.71
diag_6244675_4294967294.log	6244675	diag	2026-07-31	1	5986	models/diag_safe_push_point_L1_p3o_budget_nosink_by_const_d5_s903/anchor	safe_push_point	1	2000	128	5.0	71.19	4.04	4.61	0.81
diag_6261649_4294967294.log	6261649	diag	2026-08-02	1	5983	models/diag_safe_push_point_L1_p3o_budget_nosink_by_const_d5_s801/anchor	safe_push_point	1	2000	128	25.0	47.02	15.05	8.83	0.60
diag_6261649_4294967294.log	6261649	diag	2026-08-02	1	5984	models/diag_safe_push_point_L1_p3o_budget_nosink_by_const_d5_s801/anchor	safe_push_point	1	2000	128	15.0	48.15	9.26	9.52	0.62
diag_6261649_4294967294.log	6261649	diag	2026-08-02	1	5985	models/diag_safe_push_point_L1_p3o_budget_nosink_by_const_d5_s801/anchor	safe_push_point	1	2000	128	10.0	50.30	6.70	6.59	0.67
diag_6261649_4294967294.log	6261649	diag	2026-08-02	1	5986	models/diag_safe_push_point_L1_p3o_budget_nosink_by_const_d5_s801/anchor	safe_push_point	1	2000	128	5.0	46.99	3.62	3.37	0.72
diag_6261650_4294967294.log	6261650	diag	2026-08-02	1	5983	models/diag_safe_push_point_L1_p3o_budget_nosink_by_const_d5_s802/anchor	safe_push_point	1	2000	128	25.0	12.84	145.16	343.44	5.81
diag_6261650_4294967294.log	6261650	diag	2026-08-02	1	5984	models/diag_safe_push_point_L1_p3o_budget_nosink_by_const_d5_s802/anchor	safe_push_point	1	2000	128	15.0	20.59	16.61	47.63	1.11
diag_6261650_4294967294.log	6261650	diag	2026-08-02	1	5985	models/diag_safe_push_point_L1_p3o_budget_nosink_by_const_d5_s802/anchor	safe_push_point	1	2000	128	10.0	27.45	6.25	8.51	0.62
diag_6261650_4294967294.log	6261650	diag	2026-08-02	1	5986	models/diag_safe_push_point_L1_p3o_budget_nosink_by_const_d5_s802/anchor	safe_push_point	1	2000	128	5.0	26.81	3.61	4.41	0.72
diag_6261651_4294967294.log	6261651	diag	2026-08-02	1	5984	models/diag_safe_push_point_L2_p3o_budget_nosink_by_const_d25_s801/anchor	safe_push_point	2	2000	128	25.0	20.06	24.57	16.78	0.98
diag_6261651_4294967294.log	6261651	diag	2026-08-02	1	5985	models/diag_safe_push_point_L2_p3o_budget_nosink_by_const_d25_s801/anchor	safe_push_point	2	2000	128	15.0	20.21	24.19	16.44	1.61
diag_6261651_4294967294.log	6261651	diag	2026-08-02	1	5986	models/diag_safe_push_point_L2_p3o_budget_nosink_by_const_d25_s801/anchor	safe_push_point	2	2000	128	10.0	22.08	26.62	17.23	2.66
diag_6261651_4294967294.log	6261651	diag	2026-08-02	1	5987	models/diag_safe_push_point_L2_p3o_budget_nosink_by_const_d25_s801/anchor	safe_push_point	2	2000	128	5.0	19.59	24.05	16.68	4.81
diag_6261652_4294967294.log	6261652	diag	2026-08-02	1	5983	models/diag_safe_push_point_L2_p3o_budget_nosink_by_const_d25_s802/anchor	safe_push_point	2	2000	128	25.0	22.55	27.83	14.43	1.11
diag_6261652_4294967294.log	6261652	diag	2026-08-02	1	5984	models/diag_safe_push_point_L2_p3o_budget_nosink_by_const_d25_s802/anchor	safe_push_point	2	2000	128	15.0	21.48	22.66	14.45	1.51
diag_6261652_4294967294.log	6261652	diag	2026-08-02	1	5985	models/diag_safe_push_point_L2_p3o_budget_nosink_by_const_d25_s802/anchor	safe_push_point	2	2000	128	10.0	21.84	22.40	12.09	2.24
diag_6261652_4294967294.log	6261652	diag	2026-08-02	1	5986	models/diag_safe_push_point_L2_p3o_budget_nosink_by_const_d25_s802/anchor	safe_push_point	2	2000	128	5.0	20.14	22.82	12.91	4.56
diag_6261653_4294967294.log	6261653	diag	2026-08-02	1	5985	models/diag_safe_push_point_L2_p3o_budget_nosink_by_const_d25_s901/anchor	safe_push_point	2	2000	128	25.0	16.56	23.12	16.59	0.92
diag_6261653_4294967294.log	6261653	diag	2026-08-02	1	5986	models/diag_safe_push_point_L2_p3o_budget_nosink_by_const_d25_s901/anchor	safe_push_point	2	2000	128	15.0	16.52	22.62	12.97	1.51
diag_6261653_4294967294.log	6261653	diag	2026-08-02	1	5987	models/diag_safe_push_point_L2_p3o_budget_nosink_by_const_d25_s901/anchor	safe_push_point	2	2000	128	10.0	15.70	20.58	13.22	2.06
diag_6261653_4294967294.log	6261653	diag	2026-08-02	1	5988	models/diag_safe_push_point_L2_p3o_budget_nosink_by_const_d25_s901/anchor	safe_push_point	2	2000	128	5.0	16.50	21.41	11.23	4.28
diag_6261654_4294967294.log	6261654	diag	2026-08-02	1	5983	models/diag_safe_push_point_L2_p3o_budget_nosink_by_const_d25_s902/anchor	safe_push_point	2	2000	128	25.0	22.54	25.68	15.15	1.03
diag_6261654_4294967294.log	6261654	diag	2026-08-02	1	5984	models/diag_safe_push_point_L2_p3o_budget_nosink_by_const_d25_s902/anchor	safe_push_point	2	2000	128	15.0	22.84	22.13	14.02	1.48
diag_6261654_4294967294.log	6261654	diag	2026-08-02	1	5985	models/diag_safe_push_point_L2_p3o_budget_nosink_by_const_d25_s902/anchor	safe_push_point	2	2000	128	10.0	22.08	22.86	14.76	2.29
diag_6261654_4294967294.log	6261654	diag	2026-08-02	1	5986	models/diag_safe_push_point_L2_p3o_budget_nosink_by_const_d25_s902/anchor	safe_push_point	2	2000	128	5.0	21.20	22.00	20.44	4.40
diag_6264386_4294967294.log	6264386	diag	2026-08-03	1	5983	models/diag_safe_push_point_L2_p3o_budget_nosink_by_const_d25_s903/anchor	safe_push_point	2	2000	128	25.0	21.64	20.43	13.98	0.82
diag_6264386_4294967294.log	6264386	diag	2026-08-03	1	5984	models/diag_safe_push_point_L2_p3o_budget_nosink_by_const_d25_s903/anchor	safe_push_point	2	2000	128	15.0	20.59	17.93	12.54	1.20
diag_6264386_4294967294.log	6264386	diag	2026-08-03	1	5985	models/diag_safe_push_point_L2_p3o_budget_nosink_by_const_d25_s903/anchor	safe_push_point	2	2000	128	10.0	19.23	17.31	13.26	1.73
diag_6264386_4294967294.log	6264386	diag	2026-08-03	1	5986	models/diag_safe_push_point_L2_p3o_budget_nosink_by_const_d25_s903/anchor	safe_push_point	2	2000	128	5.0	19.53	17.58	12.68	3.52
diag_6266194_4294967294.log	6266194	diag	2026-08-03	1	5983	models/diag_safe_push_point_L2_p3o_budget_nosink_by_const_d5_s801/anchor	safe_push_point	2	2000	128	25.0	30.54	12.20	6.97	0.49
diag_6266194_4294967294.log	6266194	diag	2026-08-03	1	5984	models/diag_safe_push_point_L2_p3o_budget_nosink_by_const_d5_s801/anchor	safe_push_point	2	2000	128	15.0	30.78	7.67	6.58	0.51
diag_6266194_4294967294.log	6266194	diag	2026-08-03	1	5985	models/diag_safe_push_point_L2_p3o_budget_nosink_by_const_d5_s801/anchor	safe_push_point	2	2000	128	10.0	26.83	6.08	5.59	0.61
diag_6266194_4294967294.log	6266194	diag	2026-08-03	1	5986	models/diag_safe_push_point_L2_p3o_budget_nosink_by_const_d5_s801/anchor	safe_push_point	2	2000	128	5.0	26.27	5.47	5.47	1.09
diag_6266195_4294967294.log	6266195	diag	2026-08-03	1	5983	models/diag_safe_push_point_L2_p3o_budget_nosink_by_const_d5_s802/anchor	safe_push_point	2	2000	128	25.0	29.91	60.07	64.51	2.40
diag_6266195_4294967294.log	6266195	diag	2026-08-03	1	5984	models/diag_safe_push_point_L2_p3o_budget_nosink_by_const_d5_s802/anchor	safe_push_point	2	2000	128	15.0	33.12	16.55	15.51	1.10
diag_6266195_4294967294.log	6266195	diag	2026-08-03	1	5985	models/diag_safe_push_point_L2_p3o_budget_nosink_by_const_d5_s802/anchor	safe_push_point	2	2000	128	10.0	34.25	7.62	6.19	0.76
diag_6266195_4294967294.log	6266195	diag	2026-08-03	1	5986	models/diag_safe_push_point_L2_p3o_budget_nosink_by_const_d5_s802/anchor	safe_push_point	2	2000	128	5.0	34.09	4.38	4.66	0.88
diag_6266196_4294967294.log	6266196	diag	2026-08-03	1	5983	models/diag_safe_push_point_L2_p3o_budget_nosink_by_const_d5_s901/anchor	safe_push_point	2	2000	128	25.0	34.14	26.99	21.69	1.08
diag_6266196_4294967294.log	6266196	diag	2026-08-03	1	5984	models/diag_safe_push_point_L2_p3o_budget_nosink_by_const_d5_s901/anchor	safe_push_point	2	2000	128	15.0	34.51	8.74	7.89	0.58
diag_6266196_4294967294.log	6266196	diag	2026-08-03	1	5985	models/diag_safe_push_point_L2_p3o_budget_nosink_by_const_d5_s901/anchor	safe_push_point	2	2000	128	10.0	33.48	5.47	6.14	0.55
diag_6266196_4294967294.log	6266196	diag	2026-08-03	1	5986	models/diag_safe_push_point_L2_p3o_budget_nosink_by_const_d5_s901/anchor	safe_push_point	2	2000	128	5.0	32.78	4.73	8.99	0.95
diag_6266197_4294967294.log	6266197	diag	2026-08-03	1	5983	models/diag_safe_push_point_L2_p3o_budget_nosink_by_const_d5_s902/anchor	safe_push_point	2	2000	128	25.0	21.90	14.67	7.63	0.59
diag_6266197_4294967294.log	6266197	diag	2026-08-03	1	5984	models/diag_safe_push_point_L2_p3o_budget_nosink_by_const_d5_s902/anchor	safe_push_point	2	2000	128	15.0	23.24	8.76	6.88	0.58
diag_6266197_4294967294.log	6266197	diag	2026-08-03	1	5985	models/diag_safe_push_point_L2_p3o_budget_nosink_by_const_d5_s902/anchor	safe_push_point	2	2000	128	10.0	21.23	5.80	5.46	0.58
diag_6266197_4294967294.log	6266197	diag	2026-08-03	1	5986	models/diag_safe_push_point_L2_p3o_budget_nosink_by_const_d5_s902/anchor	safe_push_point	2	2000	128	5.0	20.40	4.79	4.52	0.96
diag_6266198_4294967294.log	6266198	diag	2026-08-03	1	5983	models/diag_safe_push_point_L2_p3o_budget_nosink_by_const_d5_s903/anchor	safe_push_point	2	2000	128	25.0	34.05	8.35	6.40	0.33
diag_6266198_4294967294.log	6266198	diag	2026-08-03	1	5984	models/diag_safe_push_point_L2_p3o_budget_nosink_by_const_d5_s903/anchor	safe_push_point	2	2000	128	15.0	35.38	5.63	5.33	0.38
diag_6266198_4294967294.log	6266198	diag	2026-08-03	1	5985	models/diag_safe_push_point_L2_p3o_budget_nosink_by_const_d5_s903/anchor	safe_push_point	2	2000	128	10.0	36.93	4.99	5.25	0.50
diag_6266198_4294967294.log	6266198	diag	2026-08-03	1	5986	models/diag_safe_push_point_L2_p3o_budget_nosink_by_const_d5_s903/anchor	safe_push_point	2	2000	128	5.0	36.26	4.28	4.57	0.86
diag_6273113_4294967294.log	6273113	diag	2026-08-05	1	5983	models/diag_safe_push_point_L1_p3o_budget_nosink_by_const_g995_d25_s901/anchor	safe_push_point	1	2000	128	25.0	11.13	14.69	18.99	0.59
diag_6273113_4294967294.log	6273113	diag	2026-08-05	1	5984	models/diag_safe_push_point_L1_p3o_budget_nosink_by_const_g995_d25_s901/anchor	safe_push_point	1	2000	128	15.0	12.25	16.28	17.06	1.09
diag_6273113_4294967294.log	6273113	diag	2026-08-05	1	5985	models/diag_safe_push_point_L1_p3o_budget_nosink_by_const_g995_d25_s901/anchor	safe_push_point	1	2000	128	10.0	13.97	22.88	22.78	2.29
diag_6273113_4294967294.log	6273113	diag	2026-08-05	1	5986	models/diag_safe_push_point_L1_p3o_budget_nosink_by_const_g995_d25_s901/anchor	safe_push_point	1	2000	128	5.0	12.20	21.87	24.43	4.37
diag_6273114_4294967294.log	6273114	diag	2026-08-05	1	5983	models/diag_safe_push_point_L1_p3o_budget_nosink_by_const_g999_d25_s901/anchor	safe_push_point	1	2000	128	25.0	5.92	20.46	31.53	0.82
diag_6273114_4294967294.log	6273114	diag	2026-08-05	1	5984	models/diag_safe_push_point_L1_p3o_budget_nosink_by_const_g999_d25_s901/anchor	safe_push_point	1	2000	128	15.0	5.40	14.80	29.62	0.99
diag_6273114_4294967294.log	6273114	diag	2026-08-05	1	5985	models/diag_safe_push_point_L1_p3o_budget_nosink_by_const_g999_d25_s901/anchor	safe_push_point	1	2000	128	10.0	5.16	10.97	11.39	1.10
diag_6273114_4294967294.log	6273114	diag	2026-08-05	1	5986	models/diag_safe_push_point_L1_p3o_budget_nosink_by_const_g999_d25_s901/anchor	safe_push_point	1	2000	128	5.0	5.00	9.54	10.70	1.91
diag_6273955_4294967294.log	6273955	diag	2026-08-05	1	5983	models/diag_safe_push_point_L1_p3o_budget_nosink_by_const_lr1e3_d25_s901/anchor	safe_push_point	1	2000	128	25.0	68.45	22.76	14.86	0.91
diag_6273955_4294967294.log	6273955	diag	2026-08-05	1	5984	models/diag_safe_push_point_L1_p3o_budget_nosink_by_const_lr1e3_d25_s901/anchor	safe_push_point	1	2000	128	15.0	65.52	21.06	15.00	1.40
diag_6273955_4294967294.log	6273955	diag	2026-08-05	1	5985	models/diag_safe_push_point_L1_p3o_budget_nosink_by_const_lr1e3_d25_s901/anchor	safe_push_point	1	2000	128	10.0	62.61	21.52	19.41	2.15
diag_6273955_4294967294.log	6273955	diag	2026-08-05	1	5986	models/diag_safe_push_point_L1_p3o_budget_nosink_by_const_lr1e3_d25_s901/anchor	safe_push_point	1	2000	128	5.0	60.89	20.12	17.72	4.02
diag_6273956_4294967294.log	6273956	diag	2026-08-05	1	5983	models/diag_safe_push_point_L1_p3o_budget_nosink_by_const_lr3e3_d25_s901/anchor	safe_push_point	1	2000	128	25.0	0.10	3.99	25.11	0.16
diag_6273956_4294967294.log	6273956	diag	2026-08-05	1	5984	models/diag_safe_push_point_L1_p3o_budget_nosink_by_const_lr3e3_d25_s901/anchor	safe_push_point	1	2000	128	15.0	0.14	1.91	6.30	0.13
diag_6273956_4294967294.log	6273956	diag	2026-08-05	1	5985	models/diag_safe_push_point_L1_p3o_budget_nosink_by_const_lr3e3_d25_s901/anchor	safe_push_point	1	2000	128	10.0	0.09	2.01	19.77	0.20
diag_6273956_4294967294.log	6273956	diag	2026-08-05	1	5986	models/diag_safe_push_point_L1_p3o_budget_nosink_by_const_lr3e3_d25_s901/anchor	safe_push_point	1	2000	128	5.0	0.11	0.42	2.70	0.08
diag_6273957_4294967294.log	6273957	diag	2026-08-05	1	5990	models/diag_safe_push_point_L1_p3o_budget_nosink_by_const_unr32_d25_s901/anchor	safe_push_point	1	2000	128	25.0	6.79	7.73	10.93	0.31
diag_6273957_4294967294.log	6273957	diag	2026-08-05	1	5991	models/diag_safe_push_point_L1_p3o_budget_nosink_by_const_unr32_d25_s901/anchor	safe_push_point	1	2000	128	15.0	5.83	6.11	8.53	0.41
diag_6273957_4294967294.log	6273957	diag	2026-08-05	1	5992	models/diag_safe_push_point_L1_p3o_budget_nosink_by_const_unr32_d25_s901/anchor	safe_push_point	1	2000	128	10.0	6.30	8.09	13.14	0.81
diag_6273957_4294967294.log	6273957	diag	2026-08-05	1	5993	models/diag_safe_push_point_L1_p3o_budget_nosink_by_const_unr32_d25_s901/anchor	safe_push_point	1	2000	128	5.0	6.62	6.57	10.66	1.31
diag_6273958_4294967294.log	6273958	diag	2026-08-06	1	5982	models/diag_safe_push_point_L1_p3o_budget_nosink_by_const_nupd10_d25_s901/anchor	safe_push_point	1	2000	128	25.0	21.73	13.42	15.06	0.54
diag_6273958_4294967294.log	6273958	diag	2026-08-06	1	5983	models/diag_safe_push_point_L1_p3o_budget_nosink_by_const_nupd10_d25_s901/anchor	safe_push_point	1	2000	128	15.0	21.44	11.66	11.79	0.78
diag_6273958_4294967294.log	6273958	diag	2026-08-06	1	5984	models/diag_safe_push_point_L1_p3o_budget_nosink_by_const_nupd10_d25_s901/anchor	safe_push_point	1	2000	128	10.0	18.30	10.37	12.77	1.04
diag_6273958_4294967294.log	6273958	diag	2026-08-06	1	5985	models/diag_safe_push_point_L1_p3o_budget_nosink_by_const_nupd10_d25_s901/anchor	safe_push_point	1	2000	128	5.0	20.08	12.25	13.67	2.45
diag_6273959_4294967294.log	6273959	diag	2026-08-05	1	5983	models/diag_safe_push_point_L1_p3o_budget_nosink_by_const_ent1e2_d25_s901/anchor	safe_push_point	1	2000	128	25.0	65.29	23.46	15.11	0.94
diag_6273959_4294967294.log	6273959	diag	2026-08-05	1	5984	models/diag_safe_push_point_L1_p3o_budget_nosink_by_const_ent1e2_d25_s901/anchor	safe_push_point	1	2000	128	15.0	63.24	21.48	14.58	1.43
diag_6273959_4294967294.log	6273959	diag	2026-08-05	1	5985	models/diag_safe_push_point_L1_p3o_budget_nosink_by_const_ent1e2_d25_s901/anchor	safe_push_point	1	2000	128	10.0	61.53	23.12	16.09	2.31
diag_6273959_4294967294.log	6273959	diag	2026-08-05	1	5986	models/diag_safe_push_point_L1_p3o_budget_nosink_by_const_ent1e2_d25_s901/anchor	safe_push_point	1	2000	128	5.0	56.10	24.44	17.28	4.89
diag_6273960_4294967294.log	6273960	diag	2026-08-05	1	253	models/diag_safe_push_point_L4_p3o_budget_nosink_by_const_L4sm_d25_s901/anchor	safe_push_point	4	2000	128	25.0	0.01	678.73	957.63	27.15
diag_6273960_4294967294.log	6273960	diag	2026-08-05	1	254	models/diag_safe_push_point_L4_p3o_budget_nosink_by_const_L4sm_d25_s901/anchor	safe_push_point	4	2000	128	15.0	0.01	750.48	955.48	50.03
diag_6273960_4294967294.log	6273960	diag	2026-08-05	1	255	models/diag_safe_push_point_L4_p3o_budget_nosink_by_const_L4sm_d25_s901/anchor	safe_push_point	4	2000	128	10.0	0.01	653.23	881.08	65.32
diag_6273960_4294967294.log	6273960	diag	2026-08-05	1	256	models/diag_safe_push_point_L4_p3o_budget_nosink_by_const_L4sm_d25_s901/anchor	safe_push_point	4	2000	128	5.0	0.01	671.80	1023.71	134.36
diag_6273970_4294967294.log	6273970	diag	2026-08-06	1	5982	models/diag_safe_push_point_L1_p3o_budget_nosink_by_const_g995lr2e4_d25_s901/anchor	safe_push_point	1	2000	128	25.0	8.79	11.05	13.02	0.44
diag_6273970_4294967294.log	6273970	diag	2026-08-06	1	5983	models/diag_safe_push_point_L1_p3o_budget_nosink_by_const_g995lr2e4_d25_s901/anchor	safe_push_point	1	2000	128	15.0	7.36	8.67	13.78	0.58
diag_6273970_4294967294.log	6273970	diag	2026-08-06	1	5984	models/diag_safe_push_point_L1_p3o_budget_nosink_by_const_g995lr2e4_d25_s901/anchor	safe_push_point	1	2000	128	10.0	8.12	7.69	10.69	0.77
diag_6273970_4294967294.log	6273970	diag	2026-08-06	1	5985	models/diag_safe_push_point_L1_p3o_budget_nosink_by_const_g995lr2e4_d25_s901/anchor	safe_push_point	1	2000	128	5.0	7.11	7.95	11.49	1.59
diag_6273971_4294967294.log	6273971	diag	2026-08-06	1	5983	models/diag_safe_push_point_L1_p3o_budget_nosink_by_const_g997_d25_s901/anchor	safe_push_point	1	2000	128	25.0	10.78	18.68	14.57	0.75
diag_6273971_4294967294.log	6273971	diag	2026-08-06	1	5984	models/diag_safe_push_point_L1_p3o_budget_nosink_by_const_g997_d25_s901/anchor	safe_push_point	1	2000	128	15.0	10.84	17.89	13.68	1.19
diag_6273971_4294967294.log	6273971	diag	2026-08-06	1	5985	models/diag_safe_push_point_L1_p3o_budget_nosink_by_const_g997_d25_s901/anchor	safe_push_point	1	2000	128	10.0	10.83	19.87	14.40	1.99
diag_6273971_4294967294.log	6273971	diag	2026-08-06	1	5986	models/diag_safe_push_point_L1_p3o_budget_nosink_by_const_g997_d25_s901/anchor	safe_push_point	1	2000	128	5.0	11.32	21.12	16.55	4.22
diag_6274318_4294967294.log	6274318	diag	2026-08-06	1	5983	models/diag_safe_push_point_L1_p3o_budget_nosink_by_const_lr1e3_d25_s902/anchor	safe_push_point	1	2000	128	25.0	43.71	26.92	44.22	1.08
diag_6274318_4294967294.log	6274318	diag	2026-08-06	1	5984	models/diag_safe_push_point_L1_p3o_budget_nosink_by_const_lr1e3_d25_s902/anchor	safe_push_point	1	2000	128	15.0	42.63	24.85	39.03	1.66
diag_6274318_4294967294.log	6274318	diag	2026-08-06	1	5985	models/diag_safe_push_point_L1_p3o_budget_nosink_by_const_lr1e3_d25_s902/anchor	safe_push_point	1	2000	128	10.0	41.60	25.46	65.90	2.55
diag_6274318_4294967294.log	6274318	diag	2026-08-06	1	5986	models/diag_safe_push_point_L1_p3o_budget_nosink_by_const_lr1e3_d25_s902/anchor	safe_push_point	1	2000	128	5.0	43.85	26.62	55.00	5.32
diag_6274319_4294967294.log	6274319	diag	2026-08-06	1	5984	models/diag_safe_push_point_L1_p3o_budget_nosink_by_const_lr1e3_d25_s903/anchor	safe_push_point	1	2000	128	25.0	85.17	23.26	12.08	0.93
diag_6274319_4294967294.log	6274319	diag	2026-08-06	1	5985	models/diag_safe_push_point_L1_p3o_budget_nosink_by_const_lr1e3_d25_s903/anchor	safe_push_point	1	2000	128	15.0	84.94	22.05	13.07	1.47
diag_6274319_4294967294.log	6274319	diag	2026-08-06	1	5986	models/diag_safe_push_point_L1_p3o_budget_nosink_by_const_lr1e3_d25_s903/anchor	safe_push_point	1	2000	128	10.0	84.39	22.49	12.96	2.25
diag_6274319_4294967294.log	6274319	diag	2026-08-06	1	5987	models/diag_safe_push_point_L1_p3o_budget_nosink_by_const_lr1e3_d25_s903/anchor	safe_push_point	1	2000	128	5.0	83.34	22.68	13.20	4.54
diag_6274320_4294967294.log	6274320	diag	2026-08-06	1	5982	models/diag_safe_push_point_L1_p3o_budget_nosink_by_const_lr1e3ent_d25_s901/anchor	safe_push_point	1	2000	128	25.0	74.40	22.39	15.24	0.90
diag_6274320_4294967294.log	6274320	diag	2026-08-06	1	5983	models/diag_safe_push_point_L1_p3o_budget_nosink_by_const_lr1e3ent_d25_s901/anchor	safe_push_point	1	2000	128	15.0	72.07	18.36	11.48	1.22
diag_6274320_4294967294.log	6274320	diag	2026-08-06	1	5984	models/diag_safe_push_point_L1_p3o_budget_nosink_by_const_lr1e3ent_d25_s901/anchor	safe_push_point	1	2000	128	10.0	69.26	20.70	14.84	2.07
diag_6274320_4294967294.log	6274320	diag	2026-08-06	1	5985	models/diag_safe_push_point_L1_p3o_budget_nosink_by_const_lr1e3ent_d25_s901/anchor	safe_push_point	1	2000	128	5.0	67.62	19.86	15.84	3.97
diag_6274321_4294967294.log	6274321	diag	2026-08-06	1	5983	models/diag_safe_push_point_L4_p3o_budget_nosink_by_const_lr1e3_d5_s901/anchor	safe_push_point	4	2000	128	25.0	0.01	232.29	487.30	9.29
diag_6274321_4294967294.log	6274321	diag	2026-08-06	1	5984	models/diag_safe_push_point_L4_p3o_budget_nosink_by_const_lr1e3_d5_s901/anchor	safe_push_point	4	2000	128	15.0	0.01	195.26	434.15	13.02
diag_6274321_4294967294.log	6274321	diag	2026-08-06	1	5985	models/diag_safe_push_point_L4_p3o_budget_nosink_by_const_lr1e3_d5_s901/anchor	safe_push_point	4	2000	128	10.0	0.00	200.06	451.87	20.01
diag_6274321_4294967294.log	6274321	diag	2026-08-06	1	5986	models/diag_safe_push_point_L4_p3o_budget_nosink_by_const_lr1e3_d5_s901/anchor	safe_push_point	4	2000	128	5.0	0.00	130.62	380.45	26.12
diag_6274322_4294967294.log	6274322	diag	2026-08-06	1	5983	models/diag_safe_push_point_L4_p3o_budget_nosink_by_const_lr1e3_d15_s901/anchor	safe_push_point	4	2000	128	25.0	0.01	177.68	450.87	7.11
diag_6274322_4294967294.log	6274322	diag	2026-08-06	1	5984	models/diag_safe_push_point_L4_p3o_budget_nosink_by_const_lr1e3_d15_s901/anchor	safe_push_point	4	2000	128	15.0	0.00	181.55	469.83	12.10
diag_6274322_4294967294.log	6274322	diag	2026-08-06	1	5985	models/diag_safe_push_point_L4_p3o_budget_nosink_by_const_lr1e3_d15_s901/anchor	safe_push_point	4	2000	128	10.0	0.00	215.88	554.15	21.59
diag_6274322_4294967294.log	6274322	diag	2026-08-06	1	5986	models/diag_safe_push_point_L4_p3o_budget_nosink_by_const_lr1e3_d15_s901/anchor	safe_push_point	4	2000	128	5.0	0.00	154.32	412.86	30.86
diag_6274323_4294967294.log	6274323	diag	2026-08-06	1	5982	models/diag_safe_push_point_L4_p3o_budget_nosink_by_const_lr1e3_d25_s901/anchor	safe_push_point	4	2000	128	25.0	0.01	174.91	466.38	7.00
diag_6274323_4294967294.log	6274323	diag	2026-08-06	1	5983	models/diag_safe_push_point_L4_p3o_budget_nosink_by_const_lr1e3_d25_s901/anchor	safe_push_point	4	2000	128	15.0	0.00	186.45	466.56	12.43
diag_6274323_4294967294.log	6274323	diag	2026-08-06	1	5984	models/diag_safe_push_point_L4_p3o_budget_nosink_by_const_lr1e3_d25_s901/anchor	safe_push_point	4	2000	128	10.0	0.00	214.17	553.85	21.42
diag_6274323_4294967294.log	6274323	diag	2026-08-06	1	5985	models/diag_safe_push_point_L4_p3o_budget_nosink_by_const_lr1e3_d25_s901/anchor	safe_push_point	4	2000	128	5.0	0.00	141.08	389.47	28.22
diag_6274324_4294967294.log	6274324	diag	2026-08-06	1	5983	models/diag_safe_push_point_L5_p3o_budget_nosink_by_const_lr1e3_d5_s901/anchor	safe_push_point	5	2000	128	25.0	0.72	175.23	456.62	7.01
diag_6274324_4294967294.log	6274324	diag	2026-08-06	1	5984	models/diag_safe_push_point_L5_p3o_budget_nosink_by_const_lr1e3_d5_s901/anchor	safe_push_point	5	2000	128	15.0	0.77	80.92	241.78	5.39
diag_6274324_4294967294.log	6274324	diag	2026-08-06	1	5985	models/diag_safe_push_point_L5_p3o_budget_nosink_by_const_lr1e3_d5_s901/anchor	safe_push_point	5	2000	128	10.0	0.41	43.94	158.37	4.39
diag_6274324_4294967294.log	6274324	diag	2026-08-06	1	5986	models/diag_safe_push_point_L5_p3o_budget_nosink_by_const_lr1e3_d5_s901/anchor	safe_push_point	5	2000	128	5.0	0.32	14.53	138.56	2.91
diag_6274325_4294967294.log	6274325	diag	2026-08-06	1	5983	models/diag_safe_push_point_L5_p3o_budget_nosink_by_const_lr1e3_d15_s901/anchor	safe_push_point	5	2000	128	25.0	0.12	4.12	19.13	0.16
diag_6274325_4294967294.log	6274325	diag	2026-08-06	1	5984	models/diag_safe_push_point_L5_p3o_budget_nosink_by_const_lr1e3_d15_s901/anchor	safe_push_point	5	2000	128	15.0	1.89	1.96	6.92	0.13
diag_6274325_4294967294.log	6274325	diag	2026-08-06	1	5985	models/diag_safe_push_point_L5_p3o_budget_nosink_by_const_lr1e3_d15_s901/anchor	safe_push_point	5	2000	128	10.0	2.81	6.78	39.28	0.68
diag_6274325_4294967294.log	6274325	diag	2026-08-06	1	5986	models/diag_safe_push_point_L5_p3o_budget_nosink_by_const_lr1e3_d15_s901/anchor	safe_push_point	5	2000	128	5.0	4.30	3.35	9.08	0.67
diag_6274326_4294967294.log	6274326	diag	2026-08-06	1	5983	models/diag_safe_push_point_L5_p3o_budget_nosink_by_const_lr1e3_d25_s901/anchor	safe_push_point	5	2000	128	25.0	8.00	13.71	51.33	0.55
diag_6274326_4294967294.log	6274326	diag	2026-08-06	1	5984	models/diag_safe_push_point_L5_p3o_budget_nosink_by_const_lr1e3_d25_s901/anchor	safe_push_point	5	2000	128	15.0	14.84	14.18	23.15	0.95
diag_6274326_4294967294.log	6274326	diag	2026-08-06	1	5985	models/diag_safe_push_point_L5_p3o_budget_nosink_by_const_lr1e3_d25_s901/anchor	safe_push_point	5	2000	128	10.0	14.61	15.23	24.79	1.52
diag_6274326_4294967294.log	6274326	diag	2026-08-06	1	5986	models/diag_safe_push_point_L5_p3o_budget_nosink_by_const_lr1e3_d25_s901/anchor	safe_push_point	5	2000	128	5.0	16.99	19.68	27.45	3.94
diag_6276604_4294967294.log	6276604	diag	2026-08-07	1	257	models/diag_safe_push_point_L6_p3o_budget_nosink_by_const_sm6_d25_s901/anchor	safe_push_point	6	2000	128	25.0	0.01	3.43	37.52	0.14
diag_6276604_4294967294.log	6276604	diag	2026-08-07	1	258	models/diag_safe_push_point_L6_p3o_budget_nosink_by_const_sm6_d25_s901/anchor	safe_push_point	6	2000	128	15.0	0.01	8.14	91.71	0.54
diag_6276604_4294967294.log	6276604	diag	2026-08-07	1	259	models/diag_safe_push_point_L6_p3o_budget_nosink_by_const_sm6_d25_s901/anchor	safe_push_point	6	2000	128	10.0	0.01	1.25	14.04	0.12
diag_6276604_4294967294.log	6276604	diag	2026-08-07	1	260	models/diag_safe_push_point_L6_p3o_budget_nosink_by_const_sm6_d25_s901/anchor	safe_push_point	6	2000	128	5.0	0.01	0.01	0.08	0.00
diag_6276605_4294967294.log	6276605	diag	2026-08-07	1	257	models/diag_safe_push_point_L7_p3o_budget_nosink_by_const_sm7_d25_s901/anchor	safe_push_point	7	2000	128	25.0	1.22	169.02	206.28	6.76
diag_6276605_4294967294.log	6276605	diag	2026-08-07	1	258	models/diag_safe_push_point_L7_p3o_budget_nosink_by_const_sm7_d25_s901/anchor	safe_push_point	7	2000	128	15.0	1.10	174.65	222.41	11.64
diag_6276605_4294967294.log	6276605	diag	2026-08-07	1	259	models/diag_safe_push_point_L7_p3o_budget_nosink_by_const_sm7_d25_s901/anchor	safe_push_point	7	2000	128	10.0	0.95	142.71	194.46	14.27
diag_6276605_4294967294.log	6276605	diag	2026-08-07	1	260	models/diag_safe_push_point_L7_p3o_budget_nosink_by_const_sm7_d25_s901/anchor	safe_push_point	7	2000	128	5.0	1.02	146.02	233.38	29.20
diag_6276606_4294967294.log	6276606	diag	2026-08-07	1	258	models/diag_safe_push_point_L8_p3o_budget_nosink_by_const_sm8_d25_s901/anchor	safe_push_point	8	2000	128	25.0	1.38	249.25	369.99	9.97
diag_6276606_4294967294.log	6276606	diag	2026-08-07	1	259	models/diag_safe_push_point_L8_p3o_budget_nosink_by_const_sm8_d25_s901/anchor	safe_push_point	8	2000	128	15.0	1.41	184.14	293.49	12.28
diag_6276606_4294967294.log	6276606	diag	2026-08-07	1	260	models/diag_safe_push_point_L8_p3o_budget_nosink_by_const_sm8_d25_s901/anchor	safe_push_point	8	2000	128	10.0	1.49	250.09	402.36	25.01
diag_6276606_4294967294.log	6276606	diag	2026-08-07	1	261	models/diag_safe_push_point_L8_p3o_budget_nosink_by_const_sm8_d25_s901/anchor	safe_push_point	8	2000	128	5.0	1.37	212.15	364.20	42.43
diag_6276764_4294967294.log	6276764	diag	2026-08-07	1	258	models/diag_safe_push_point_L1_p3o_budget_nosink_by_const_l4test_d25_s999/anchor	safe_push_point	1	2000	128	25.0	0.01	57.42	324.62	2.30
diag_6276764_4294967294.log	6276764	diag	2026-08-07	1	259	models/diag_safe_push_point_L1_p3o_budget_nosink_by_const_l4test_d25_s999/anchor	safe_push_point	1	2000	128	15.0	0.01	27.38	182.09	1.83
diag_6276764_4294967294.log	6276764	diag	2026-08-07	1	260	models/diag_safe_push_point_L1_p3o_budget_nosink_by_const_l4test_d25_s999/anchor	safe_push_point	1	2000	128	10.0	0.01	22.97	237.00	2.30
diag_6276764_4294967294.log	6276764	diag	2026-08-07	1	261	models/diag_safe_push_point_L1_p3o_budget_nosink_by_const_l4test_d25_s999/anchor	safe_push_point	1	2000	128	5.0	0.01	40.28	290.99	8.06
diag_6276773_4294967294.log	6276773	diag	2026-08-07	1	5987	models/diag_safe_push_point_L6_p3o_budget_nosink_by_const_lr1e3_d5_s901/anchor	safe_push_point	6	2000	128	25.0	55.26	32.91	24.32	1.32
diag_6276773_4294967294.log	6276773	diag	2026-08-07	1	5988	models/diag_safe_push_point_L6_p3o_budget_nosink_by_const_lr1e3_d5_s901/anchor	safe_push_point	6	2000	128	15.0	60.36	12.92	6.91	0.86
diag_6276773_4294967294.log	6276773	diag	2026-08-07	1	5989	models/diag_safe_push_point_L6_p3o_budget_nosink_by_const_lr1e3_d5_s901/anchor	safe_push_point	6	2000	128	10.0	61.37	7.22	4.49	0.72
diag_6276773_4294967294.log	6276773	diag	2026-08-07	1	5990	models/diag_safe_push_point_L6_p3o_budget_nosink_by_const_lr1e3_d5_s901/anchor	safe_push_point	6	2000	128	5.0	60.10	4.62	3.12	0.92
diag_6276774_4294967294.log	6276774	diag	2026-08-07	1	5987	models/diag_safe_push_point_L6_p3o_budget_nosink_by_const_lr1e3_d15_s901/anchor	safe_push_point	6	2000	128	25.0	62.97	21.24	8.68	0.85
diag_6276774_4294967294.log	6276774	diag	2026-08-07	1	5988	models/diag_safe_push_point_L6_p3o_budget_nosink_by_const_lr1e3_d15_s901/anchor	safe_push_point	6	2000	128	15.0	62.12	13.80	8.50	0.92
diag_6276774_4294967294.log	6276774	diag	2026-08-07	1	5989	models/diag_safe_push_point_L6_p3o_budget_nosink_by_const_lr1e3_d15_s901/anchor	safe_push_point	6	2000	128	10.0	60.39	10.78	6.21	1.08
diag_6276774_4294967294.log	6276774	diag	2026-08-07	1	5990	models/diag_safe_push_point_L6_p3o_budget_nosink_by_const_lr1e3_d15_s901/anchor	safe_push_point	6	2000	128	5.0	57.42	9.10	5.53	1.82
diag_6276775_4294967294.log	6276775	diag	2026-08-07	1	5984	models/diag_safe_push_point_L6_p3o_budget_nosink_by_const_lr1e3_d25_s901/anchor	safe_push_point	6	2000	128	25.0	59.07	28.15	9.91	1.13
diag_6276775_4294967294.log	6276775	diag	2026-08-07	1	5985	models/diag_safe_push_point_L6_p3o_budget_nosink_by_const_lr1e3_d25_s901/anchor	safe_push_point	6	2000	128	15.0	56.64	22.99	9.33	1.53
diag_6276775_4294967294.log	6276775	diag	2026-08-07	1	5986	models/diag_safe_push_point_L6_p3o_budget_nosink_by_const_lr1e3_d25_s901/anchor	safe_push_point	6	2000	128	10.0	55.17	23.01	10.39	2.30
diag_6276775_4294967294.log	6276775	diag	2026-08-07	1	5987	models/diag_safe_push_point_L6_p3o_budget_nosink_by_const_lr1e3_d25_s901/anchor	safe_push_point	6	2000	128	5.0	53.23	21.17	9.72	4.23
diag_6276776_4294967294.log	6276776	diag	2026-08-07	1	5983	models/diag_safe_push_point_L7_p3o_budget_nosink_by_const_lr1e3_d5_s901/anchor	safe_push_point	7	2000	128	25.0	42.38	62.44	14.40	2.50
diag_6276776_4294967294.log	6276776	diag	2026-08-07	1	5984	models/diag_safe_push_point_L7_p3o_budget_nosink_by_const_lr1e3_d5_s901/anchor	safe_push_point	7	2000	128	15.0	50.23	20.67	5.88	1.38
diag_6276776_4294967294.log	6276776	diag	2026-08-07	1	5985	models/diag_safe_push_point_L7_p3o_budget_nosink_by_const_lr1e3_d5_s901/anchor	safe_push_point	7	2000	128	10.0	51.28	9.80	4.14	0.98
diag_6276776_4294967294.log	6276776	diag	2026-08-07	1	5986	models/diag_safe_push_point_L7_p3o_budget_nosink_by_const_lr1e3_d5_s901/anchor	safe_push_point	7	2000	128	5.0	47.87	4.49	3.86	0.90
diag_6276777_4294967294.log	6276777	diag	2026-08-07	1	5983	models/diag_safe_push_point_L7_p3o_budget_nosink_by_const_lr1e3_d15_s901/anchor	safe_push_point	7	2000	128	25.0	54.28	20.57	8.53	0.82
diag_6276777_4294967294.log	6276777	diag	2026-08-07	1	5984	models/diag_safe_push_point_L7_p3o_budget_nosink_by_const_lr1e3_d15_s901/anchor	safe_push_point	7	2000	128	15.0	53.10	12.05	6.16	0.80
diag_6276777_4294967294.log	6276777	diag	2026-08-07	1	5985	models/diag_safe_push_point_L7_p3o_budget_nosink_by_const_lr1e3_d15_s901/anchor	safe_push_point	7	2000	128	10.0	50.10	9.63	7.34	0.96
diag_6276777_4294967294.log	6276777	diag	2026-08-07	1	5986	models/diag_safe_push_point_L7_p3o_budget_nosink_by_const_lr1e3_d15_s901/anchor	safe_push_point	7	2000	128	5.0	44.88	9.87	8.54	1.97
diag_6276778_4294967294.log	6276778	diag	2026-08-07	1	5983	models/diag_safe_push_point_L7_p3o_budget_nosink_by_const_lr1e3_d25_s901/anchor	safe_push_point	7	2000	128	25.0	53.52	25.80	10.60	1.03
diag_6276778_4294967294.log	6276778	diag	2026-08-07	1	5984	models/diag_safe_push_point_L7_p3o_budget_nosink_by_const_lr1e3_d25_s901/anchor	safe_push_point	7	2000	128	15.0	50.51	20.28	8.67	1.35
diag_6276778_4294967294.log	6276778	diag	2026-08-07	1	5985	models/diag_safe_push_point_L7_p3o_budget_nosink_by_const_lr1e3_d25_s901/anchor	safe_push_point	7	2000	128	10.0	46.28	17.56	10.66	1.76
diag_6276778_4294967294.log	6276778	diag	2026-08-07	1	5986	models/diag_safe_push_point_L7_p3o_budget_nosink_by_const_lr1e3_d25_s901/anchor	safe_push_point	7	2000	128	5.0	43.66	18.06	10.52	3.61
diag_6276779_4294967294.log	6276779	diag	2026-08-07	1	5987	models/diag_safe_push_point_L8_p3o_budget_nosink_by_const_lr1e3_d5_s901/anchor	safe_push_point	8	2000	128	25.0	37.06	28.77	6.30	1.15
diag_6276779_4294967294.log	6276779	diag	2026-08-07	1	5988	models/diag_safe_push_point_L8_p3o_budget_nosink_by_const_lr1e3_d5_s901/anchor	safe_push_point	8	2000	128	15.0	44.09	12.91	5.29	0.86
diag_6276779_4294967294.log	6276779	diag	2026-08-07	1	5989	models/diag_safe_push_point_L8_p3o_budget_nosink_by_const_lr1e3_d5_s901/anchor	safe_push_point	8	2000	128	10.0	44.83	6.63	3.95	0.66
diag_6276779_4294967294.log	6276779	diag	2026-08-07	1	5990	models/diag_safe_push_point_L8_p3o_budget_nosink_by_const_lr1e3_d5_s901/anchor	safe_push_point	8	2000	128	5.0	38.43	5.12	4.23	1.02
diag_6276780_4294967294.log	6276780	diag	2026-08-07	1	5983	models/diag_safe_push_point_L8_p3o_budget_nosink_by_const_lr1e3_d15_s901/anchor	safe_push_point	8	2000	128	25.0	51.11	25.64	8.58	1.03
diag_6276780_4294967294.log	6276780	diag	2026-08-07	1	5984	models/diag_safe_push_point_L8_p3o_budget_nosink_by_const_lr1e3_d15_s901/anchor	safe_push_point	8	2000	128	15.0	50.38	14.98	8.17	1.00
diag_6276780_4294967294.log	6276780	diag	2026-08-07	1	5985	models/diag_safe_push_point_L8_p3o_budget_nosink_by_const_lr1e3_d15_s901/anchor	safe_push_point	8	2000	128	10.0	47.80	12.00	8.44	1.20
diag_6276780_4294967294.log	6276780	diag	2026-08-07	1	5986	models/diag_safe_push_point_L8_p3o_budget_nosink_by_const_lr1e3_d15_s901/anchor	safe_push_point	8	2000	128	5.0	44.04	8.76	9.13	1.75
diag_6276781_4294967294.log	6276781	diag	2026-08-07	1	5982	models/diag_safe_push_point_L8_p3o_budget_nosink_by_const_lr1e3_d25_s901/anchor	safe_push_point	8	2000	128	25.0	48.21	24.51	9.35	0.98
diag_6276781_4294967294.log	6276781	diag	2026-08-07	1	5983	models/diag_safe_push_point_L8_p3o_budget_nosink_by_const_lr1e3_d25_s901/anchor	safe_push_point	8	2000	128	15.0	44.75	19.46	11.00	1.30
diag_6276781_4294967294.log	6276781	diag	2026-08-07	1	5984	models/diag_safe_push_point_L8_p3o_budget_nosink_by_const_lr1e3_d25_s901/anchor	safe_push_point	8	2000	128	10.0	42.02	18.28	9.23	1.83
diag_6276781_4294967294.log	6276781	diag	2026-08-07	1	5985	models/diag_safe_push_point_L8_p3o_budget_nosink_by_const_lr1e3_d25_s901/anchor	safe_push_point	8	2000	128	5.0	38.08	15.01	9.04	3.00
diag_6276782_4294967294.log	6276782	diag	2026-08-07	1	5983	models/diag_safe_push_point_L2_p3o_budget_nosink_by_const_lr1e3_d25_s901/anchor	safe_push_point	2	2000	128	25.0	52.07	22.51	12.40	0.90
diag_6276782_4294967294.log	6276782	diag	2026-08-07	1	5984	models/diag_safe_push_point_L2_p3o_budget_nosink_by_const_lr1e3_d25_s901/anchor	safe_push_point	2	2000	128	15.0	47.57	19.40	12.49	1.29
diag_6276782_4294967294.log	6276782	diag	2026-08-07	1	5985	models/diag_safe_push_point_L2_p3o_budget_nosink_by_const_lr1e3_d25_s901/anchor	safe_push_point	2	2000	128	10.0	47.01	19.03	12.58	1.90
diag_6276782_4294967294.log	6276782	diag	2026-08-07	1	5986	models/diag_safe_push_point_L2_p3o_budget_nosink_by_const_lr1e3_d25_s901/anchor	safe_push_point	2	2000	128	5.0	43.64	17.26	12.22	3.45
diag_6276783_4294967294.log	6276783	diag	2026-08-07	1	5983	models/diag_safe_push_point_L2_p3o_budget_nosink_by_const_lr1e3ent_d25_s901/anchor	safe_push_point	2	2000	128	25.0	56.99	27.05	12.94	1.08
diag_6276783_4294967294.log	6276783	diag	2026-08-07	1	5984	models/diag_safe_push_point_L2_p3o_budget_nosink_by_const_lr1e3ent_d25_s901/anchor	safe_push_point	2	2000	128	15.0	53.24	24.49	13.69	1.63
diag_6276783_4294967294.log	6276783	diag	2026-08-07	1	5985	models/diag_safe_push_point_L2_p3o_budget_nosink_by_const_lr1e3ent_d25_s901/anchor	safe_push_point	2	2000	128	10.0	50.02	20.26	11.44	2.03
diag_6276783_4294967294.log	6276783	diag	2026-08-07	1	5986	models/diag_safe_push_point_L2_p3o_budget_nosink_by_const_lr1e3ent_d25_s901/anchor	safe_push_point	2	2000	128	5.0	46.38	24.97	19.43	4.99
diag_6276784_4294967294.log	6276784	diag	2026-08-08	1	5982	models/diag_safe_push_point_L2_p3o_budget_nosink_by_const_lr1e3_d25_s902/anchor	safe_push_point	2	2000	128	25.0	43.64	26.33	16.40	1.05
diag_6276784_4294967294.log	6276784	diag	2026-08-08	1	5983	models/diag_safe_push_point_L2_p3o_budget_nosink_by_const_lr1e3_d25_s902/anchor	safe_push_point	2	2000	128	15.0	42.87	23.27	13.62	1.55
diag_6276784_4294967294.log	6276784	diag	2026-08-08	1	5984	models/diag_safe_push_point_L2_p3o_budget_nosink_by_const_lr1e3_d25_s902/anchor	safe_push_point	2	2000	128	10.0	40.61	23.60	13.41	2.36
diag_6276784_4294967294.log	6276784	diag	2026-08-08	1	5985	models/diag_safe_push_point_L2_p3o_budget_nosink_by_const_lr1e3_d25_s902/anchor	safe_push_point	2	2000	128	5.0	40.00	22.47	15.94	4.49
diag_6276785_4294967294.log	6276785	diag	2026-08-08	1	5983	models/diag_safe_push_point_L2_p3o_budget_nosink_by_const_lr1e3ent_d25_s902/anchor	safe_push_point	2	2000	128	25.0	74.04	19.87	11.41	0.79
diag_6276785_4294967294.log	6276785	diag	2026-08-08	1	5984	models/diag_safe_push_point_L2_p3o_budget_nosink_by_const_lr1e3ent_d25_s902/anchor	safe_push_point	2	2000	128	15.0	72.34	18.55	12.16	1.24
diag_6276785_4294967294.log	6276785	diag	2026-08-08	1	5985	models/diag_safe_push_point_L2_p3o_budget_nosink_by_const_lr1e3ent_d25_s902/anchor	safe_push_point	2	2000	128	10.0	71.26	19.40	11.91	1.94
diag_6276785_4294967294.log	6276785	diag	2026-08-08	1	5986	models/diag_safe_push_point_L2_p3o_budget_nosink_by_const_lr1e3ent_d25_s902/anchor	safe_push_point	2	2000	128	5.0	69.57	18.01	12.97	3.60
diag_6279801_4294967294.log	6279801	diag	2026-08-08	1	5982	models/diag_safe_push_point_L9_p3o_budget_nosink_by_const_lr1e3_d5_s901/anchor	safe_push_point	9	2000	128	25.0	48.25	61.91	14.53	2.48
diag_6279801_4294967294.log	6279801	diag	2026-08-08	1	5983	models/diag_safe_push_point_L9_p3o_budget_nosink_by_const_lr1e3_d5_s901/anchor	safe_push_point	9	2000	128	15.0	50.70	19.34	5.71	1.29
diag_6279801_4294967294.log	6279801	diag	2026-08-08	1	5984	models/diag_safe_push_point_L9_p3o_budget_nosink_by_const_lr1e3_d5_s901/anchor	safe_push_point	9	2000	128	10.0	50.01	10.10	5.66	1.01
diag_6279801_4294967294.log	6279801	diag	2026-08-08	1	5985	models/diag_safe_push_point_L9_p3o_budget_nosink_by_const_lr1e3_d5_s901/anchor	safe_push_point	9	2000	128	5.0	47.83	4.67	3.84	0.93
diag_6279802_4294967294.log	6279802	diag	2026-08-08	1	5983	models/diag_safe_push_point_L9_p3o_budget_nosink_by_const_lr1e3_d15_s901/anchor	safe_push_point	9	2000	128	25.0	48.16	23.22	8.94	0.93
diag_6279802_4294967294.log	6279802	diag	2026-08-08	1	5984	models/diag_safe_push_point_L9_p3o_budget_nosink_by_const_lr1e3_d15_s901/anchor	safe_push_point	9	2000	128	15.0	47.13	17.78	10.25	1.19
diag_6279802_4294967294.log	6279802	diag	2026-08-08	1	5985	models/diag_safe_push_point_L9_p3o_budget_nosink_by_const_lr1e3_d15_s901/anchor	safe_push_point	9	2000	128	10.0	45.90	13.33	7.72	1.33
diag_6279802_4294967294.log	6279802	diag	2026-08-08	1	5986	models/diag_safe_push_point_L9_p3o_budget_nosink_by_const_lr1e3_d15_s901/anchor	safe_push_point	9	2000	128	5.0	43.84	11.68	6.68	2.34
diag_6279803_4294967294.log	6279803	diag	2026-08-08	1	5985	models/diag_safe_push_point_L9_p3o_budget_nosink_by_const_lr1e3_d25_s901/anchor	safe_push_point	9	2000	128	25.0	47.08	25.18	9.46	1.01
diag_6279803_4294967294.log	6279803	diag	2026-08-08	1	5986	models/diag_safe_push_point_L9_p3o_budget_nosink_by_const_lr1e3_d25_s901/anchor	safe_push_point	9	2000	128	15.0	44.15	19.36	7.15	1.29
diag_6279803_4294967294.log	6279803	diag	2026-08-08	1	5987	models/diag_safe_push_point_L9_p3o_budget_nosink_by_const_lr1e3_d25_s901/anchor	safe_push_point	9	2000	128	10.0	41.74	17.89	7.85	1.79
diag_6279803_4294967294.log	6279803	diag	2026-08-08	1	5988	models/diag_safe_push_point_L9_p3o_budget_nosink_by_const_lr1e3_d25_s901/anchor	safe_push_point	9	2000	128	5.0	38.65	16.26	8.06	3.25
diag_6279804_4294967294.log	6279804	diag	2026-08-08	1	5987	models/diag_safe_push_point_L10_p3o_budget_nosink_by_const_lr1e3_d5_s901/anchor	safe_push_point	10	2000	128	25.0	40.80	71.53	15.48	2.86
diag_6279804_4294967294.log	6279804	diag	2026-08-08	1	5988	models/diag_safe_push_point_L10_p3o_budget_nosink_by_const_lr1e3_d5_s901/anchor	safe_push_point	10	2000	128	15.0	48.64	21.83	7.34	1.46
diag_6279804_4294967294.log	6279804	diag	2026-08-08	1	5989	models/diag_safe_push_point_L10_p3o_budget_nosink_by_const_lr1e3_d5_s901/anchor	safe_push_point	10	2000	128	10.0	49.71	10.20	6.70	1.02
diag_6279804_4294967294.log	6279804	diag	2026-08-08	1	5990	models/diag_safe_push_point_L10_p3o_budget_nosink_by_const_lr1e3_d5_s901/anchor	safe_push_point	10	2000	128	5.0	47.46	4.98	4.60	1.00
diag_6279805_4294967294.log	6279805	diag	2026-08-08	1	5987	models/diag_safe_push_point_L10_p3o_budget_nosink_by_const_lr1e3_d15_s901/anchor	safe_push_point	10	2000	128	25.0	54.77	25.94	10.07	1.04
diag_6279805_4294967294.log	6279805	diag	2026-08-08	1	5988	models/diag_safe_push_point_L10_p3o_budget_nosink_by_const_lr1e3_d15_s901/anchor	safe_push_point	10	2000	128	15.0	54.03	15.42	8.28	1.03
diag_6279805_4294967294.log	6279805	diag	2026-08-08	1	5989	models/diag_safe_push_point_L10_p3o_budget_nosink_by_const_lr1e3_d15_s901/anchor	safe_push_point	10	2000	128	10.0	52.41	12.61	7.58	1.26
diag_6279805_4294967294.log	6279805	diag	2026-08-08	1	5990	models/diag_safe_push_point_L10_p3o_budget_nosink_by_const_lr1e3_d15_s901/anchor	safe_push_point	10	2000	128	5.0	48.79	10.60	6.86	2.12
diag_6279806_4294967294.log	6279806	diag	2026-08-08	1	5986	models/diag_safe_push_point_L10_p3o_budget_nosink_by_const_lr1e3_d25_s901/anchor	safe_push_point	10	2000	128	25.0	53.28	26.55	10.72	1.06
diag_6279806_4294967294.log	6279806	diag	2026-08-08	1	5987	models/diag_safe_push_point_L10_p3o_budget_nosink_by_const_lr1e3_d25_s901/anchor	safe_push_point	10	2000	128	15.0	51.23	19.77	8.76	1.32
diag_6279806_4294967294.log	6279806	diag	2026-08-08	1	5988	models/diag_safe_push_point_L10_p3o_budget_nosink_by_const_lr1e3_d25_s901/anchor	safe_push_point	10	2000	128	10.0	49.06	18.05	8.21	1.80
diag_6279806_4294967294.log	6279806	diag	2026-08-08	1	5989	models/diag_safe_push_point_L10_p3o_budget_nosink_by_const_lr1e3_d25_s901/anchor	safe_push_point	10	2000	128	5.0	46.31	15.90	8.33	3.18
diag_6279807_4294967294.log	6279807	diag	2026-08-08	1	5987	models/diag_safe_push_point_L11_p3o_budget_nosink_by_const_lr1e3_d5_s901/anchor	safe_push_point	11	2000	128	25.0	23.95	52.98	13.46	2.12
diag_6279807_4294967294.log	6279807	diag	2026-08-08	1	5988	models/diag_safe_push_point_L11_p3o_budget_nosink_by_const_lr1e3_d5_s901/anchor	safe_push_point	11	2000	128	15.0	34.33	18.42	6.03	1.23
diag_6279807_4294967294.log	6279807	diag	2026-08-08	1	5989	models/diag_safe_push_point_L11_p3o_budget_nosink_by_const_lr1e3_d5_s901/anchor	safe_push_point	11	2000	128	10.0	35.84	10.06	4.82	1.01
diag_6279807_4294967294.log	6279807	diag	2026-08-08	1	5990	models/diag_safe_push_point_L11_p3o_budget_nosink_by_const_lr1e3_d5_s901/anchor	safe_push_point	11	2000	128	5.0	34.34	4.46	3.18	0.89
diag_6279808_4294967294.log	6279808	diag	2026-08-08	1	5983	models/diag_safe_push_point_L11_p3o_budget_nosink_by_const_lr1e3_d15_s901/anchor	safe_push_point	11	2000	128	25.0	41.35	17.00	7.09	0.68
diag_6279808_4294967294.log	6279808	diag	2026-08-08	1	5984	models/diag_safe_push_point_L11_p3o_budget_nosink_by_const_lr1e3_d15_s901/anchor	safe_push_point	11	2000	128	15.0	39.74	12.40	7.48	0.83
diag_6279808_4294967294.log	6279808	diag	2026-08-08	1	5985	models/diag_safe_push_point_L11_p3o_budget_nosink_by_const_lr1e3_d15_s901/anchor	safe_push_point	11	2000	128	10.0	37.87	12.61	10.17	1.26
diag_6279808_4294967294.log	6279808	diag	2026-08-08	1	5986	models/diag_safe_push_point_L11_p3o_budget_nosink_by_const_lr1e3_d15_s901/anchor	safe_push_point	11	2000	128	5.0	34.59	12.51	9.35	2.50
diag_6279809_4294967294.log	6279809	diag	2026-08-08	1	5983	models/diag_safe_push_point_L11_p3o_budget_nosink_by_const_lr1e3_d25_s901/anchor	safe_push_point	11	2000	128	25.0	43.74	22.03	8.35	0.88
diag_6279809_4294967294.log	6279809	diag	2026-08-08	1	5984	models/diag_safe_push_point_L11_p3o_budget_nosink_by_const_lr1e3_d25_s901/anchor	safe_push_point	11	2000	128	15.0	40.19	18.18	8.99	1.21
diag_6279809_4294967294.log	6279809	diag	2026-08-08	1	5985	models/diag_safe_push_point_L11_p3o_budget_nosink_by_const_lr1e3_d25_s901/anchor	safe_push_point	11	2000	128	10.0	37.18	17.41	9.33	1.74
diag_6279809_4294967294.log	6279809	diag	2026-08-08	1	5986	models/diag_safe_push_point_L11_p3o_budget_nosink_by_const_lr1e3_d25_s901/anchor	safe_push_point	11	2000	128	5.0	34.49	17.63	9.00	3.53
diag_6280671_4294967294.log	6280671	diag	2026-08-08	1	5983	models/diag_safe_push_point_L12_p3o_budget_nosink_by_const_lr1e3_d5_s901/anchor	safe_push_point	12	2000	128	25.0	39.64	29.43	17.67	1.18
diag_6280671_4294967294.log	6280671	diag	2026-08-08	1	5984	models/diag_safe_push_point_L12_p3o_budget_nosink_by_const_lr1e3_d5_s901/anchor	safe_push_point	12	2000	128	15.0	48.12	11.85	4.87	0.79
diag_6280671_4294967294.log	6280671	diag	2026-08-08	1	5985	models/diag_safe_push_point_L12_p3o_budget_nosink_by_const_lr1e3_d5_s901/anchor	safe_push_point	12	2000	128	10.0	49.50	7.26	4.42	0.73
diag_6280671_4294967294.log	6280671	diag	2026-08-08	1	5986	models/diag_safe_push_point_L12_p3o_budget_nosink_by_const_lr1e3_d5_s901/anchor	safe_push_point	12	2000	128	5.0	45.59	5.35	4.42	1.07
diag_6280672_4294967294.log	6280672	diag	2026-08-08	1	5983	models/diag_safe_push_point_L12_p3o_budget_nosink_by_const_lr1e3_d25_s901/anchor	safe_push_point	12	2000	128	25.0	50.98	28.64	29.38	1.15
diag_6280672_4294967294.log	6280672	diag	2026-08-08	1	5984	models/diag_safe_push_point_L12_p3o_budget_nosink_by_const_lr1e3_d25_s901/anchor	safe_push_point	12	2000	128	15.0	47.16	19.36	9.32	1.29
diag_6280672_4294967294.log	6280672	diag	2026-08-08	1	5985	models/diag_safe_push_point_L12_p3o_budget_nosink_by_const_lr1e3_d25_s901/anchor	safe_push_point	12	2000	128	10.0	43.98	19.00	12.16	1.90
diag_6280672_4294967294.log	6280672	diag	2026-08-08	1	5986	models/diag_safe_push_point_L12_p3o_budget_nosink_by_const_lr1e3_d25_s901/anchor	safe_push_point	12	2000	128	5.0	40.10	15.22	8.91	3.04
diag_6280673_4294967294.log	6280673	diag	2026-08-08	1	5983	models/diag_safe_push_point_L13_p3o_budget_nosink_by_const_lr1e3_d5_s901/anchor	safe_push_point	13	2000	128	25.0	44.24	29.64	9.00	1.19
diag_6280673_4294967294.log	6280673	diag	2026-08-08	1	5984	models/diag_safe_push_point_L13_p3o_budget_nosink_by_const_lr1e3_d5_s901/anchor	safe_push_point	13	2000	128	15.0	47.26	11.16	4.80	0.74
diag_6280673_4294967294.log	6280673	diag	2026-08-08	1	5985	models/diag_safe_push_point_L13_p3o_budget_nosink_by_const_lr1e3_d5_s901/anchor	safe_push_point	13	2000	128	10.0	47.37	7.08	5.22	0.71
diag_6280673_4294967294.log	6280673	diag	2026-08-08	1	5986	models/diag_safe_push_point_L13_p3o_budget_nosink_by_const_lr1e3_d5_s901/anchor	safe_push_point	13	2000	128	5.0	46.27	4.86	5.22	0.97
diag_6280674_4294967294.log	6280674	diag	2026-08-08	1	5983	models/diag_safe_push_point_L13_p3o_budget_nosink_by_const_lr1e3_d25_s901/anchor	safe_push_point	13	2000	128	25.0	53.71	21.32	8.94	0.85
diag_6280674_4294967294.log	6280674	diag	2026-08-08	1	5984	models/diag_safe_push_point_L13_p3o_budget_nosink_by_const_lr1e3_d25_s901/anchor	safe_push_point	13	2000	128	15.0	50.01	15.55	7.30	1.04
diag_6280674_4294967294.log	6280674	diag	2026-08-08	1	5985	models/diag_safe_push_point_L13_p3o_budget_nosink_by_const_lr1e3_d25_s901/anchor	safe_push_point	13	2000	128	10.0	46.51	15.60	8.56	1.56
diag_6280674_4294967294.log	6280674	diag	2026-08-08	1	5986	models/diag_safe_push_point_L13_p3o_budget_nosink_by_const_lr1e3_d25_s901/anchor	safe_push_point	13	2000	128	5.0	42.94	13.01	8.61	2.60
diag_6280675_4294967294.log	6280675	diag	2026-08-08	1	5983	models/diag_safe_push_point_L8_p3o_budget_nosink_by_const_lr1e3ent_d5_s901/anchor	safe_push_point	8	2000	128	25.0	35.04	44.04	18.15	1.76
diag_6280675_4294967294.log	6280675	diag	2026-08-08	1	5984	models/diag_safe_push_point_L8_p3o_budget_nosink_by_const_lr1e3ent_d5_s901/anchor	safe_push_point	8	2000	128	15.0	44.14	16.32	5.88	1.09
diag_6280675_4294967294.log	6280675	diag	2026-08-08	1	5985	models/diag_safe_push_point_L8_p3o_budget_nosink_by_const_lr1e3ent_d5_s901/anchor	safe_push_point	8	2000	128	10.0	44.46	8.14	4.09	0.81
diag_6280675_4294967294.log	6280675	diag	2026-08-08	1	5986	models/diag_safe_push_point_L8_p3o_budget_nosink_by_const_lr1e3ent_d5_s901/anchor	safe_push_point	8	2000	128	5.0	41.23	5.00	4.58	1.00
diag_6280676_4294967294.log	6280676	diag	2026-08-08	1	5987	models/diag_safe_push_point_L8_p3o_budget_nosink_by_const_lr1e3ent_d25_s901/anchor	safe_push_point	8	2000	128	25.0	56.38	24.12	10.03	0.96
diag_6280676_4294967294.log	6280676	diag	2026-08-08	1	5988	models/diag_safe_push_point_L8_p3o_budget_nosink_by_const_lr1e3ent_d25_s901/anchor	safe_push_point	8	2000	128	15.0	51.59	19.22	8.67	1.28
diag_6280676_4294967294.log	6280676	diag	2026-08-08	1	5989	models/diag_safe_push_point_L8_p3o_budget_nosink_by_const_lr1e3ent_d25_s901/anchor	safe_push_point	8	2000	128	10.0	47.19	18.27	11.85	1.83
diag_6280676_4294967294.log	6280676	diag	2026-08-08	1	5990	models/diag_safe_push_point_L8_p3o_budget_nosink_by_const_lr1e3ent_d25_s901/anchor	safe_push_point	8	2000	128	5.0	40.16	20.11	15.23	4.02
diag_6281192_4294967294.log	6281192	diag	2026-08-08	1	5987	models/diag_safe_push_point_L8_p3o_budget_nosink_by_const_lr1e3ent_d5_s902/anchor	safe_push_point	8	2000	128	25.0	54.69	42.86	10.11	1.71
diag_6281192_4294967294.log	6281192	diag	2026-08-08	1	5988	models/diag_safe_push_point_L8_p3o_budget_nosink_by_const_lr1e3ent_d5_s902/anchor	safe_push_point	8	2000	128	15.0	55.16	16.66	6.71	1.11
diag_6281192_4294967294.log	6281192	diag	2026-08-08	1	5989	models/diag_safe_push_point_L8_p3o_budget_nosink_by_const_lr1e3ent_d5_s902/anchor	safe_push_point	8	2000	128	10.0	53.37	8.57	4.96	0.86
diag_6281192_4294967294.log	6281192	diag	2026-08-08	1	5990	models/diag_safe_push_point_L8_p3o_budget_nosink_by_const_lr1e3ent_d5_s902/anchor	safe_push_point	8	2000	128	5.0	49.10	4.77	4.45	0.95
diag_6281193_4294967294.log	6281193	diag	2026-08-08	1	5987	models/diag_safe_push_point_L8_p3o_budget_nosink_by_const_lr1e3ent_d15_s902/anchor	safe_push_point	8	2000	128	25.0	69.87	30.11	9.70	1.20
diag_6281193_4294967294.log	6281193	diag	2026-08-08	1	5988	models/diag_safe_push_point_L8_p3o_budget_nosink_by_const_lr1e3ent_d15_s902/anchor	safe_push_point	8	2000	128	15.0	67.38	18.82	34.40	1.25
diag_6281193_4294967294.log	6281193	diag	2026-08-08	1	5989	models/diag_safe_push_point_L8_p3o_budget_nosink_by_const_lr1e3ent_d15_s902/anchor	safe_push_point	8	2000	128	10.0	65.34	12.10	8.03	1.21
diag_6281193_4294967294.log	6281193	diag	2026-08-08	1	5990	models/diag_safe_push_point_L8_p3o_budget_nosink_by_const_lr1e3ent_d15_s902/anchor	safe_push_point	8	2000	128	5.0	62.71	10.24	7.58	2.05
diag_6281194_4294967294.log	6281194	diag	2026-08-08	1	5987	models/diag_safe_push_point_L8_p3o_budget_nosink_by_const_lr1e3ent_d25_s902/anchor	safe_push_point	8	2000	128	25.0	67.38	24.79	9.90	0.99
diag_6281194_4294967294.log	6281194	diag	2026-08-08	1	5988	models/diag_safe_push_point_L8_p3o_budget_nosink_by_const_lr1e3ent_d25_s902/anchor	safe_push_point	8	2000	128	15.0	63.75	18.65	10.13	1.24
diag_6281194_4294967294.log	6281194	diag	2026-08-08	1	5989	models/diag_safe_push_point_L8_p3o_budget_nosink_by_const_lr1e3ent_d25_s902/anchor	safe_push_point	8	2000	128	10.0	59.33	17.22	10.57	1.72
diag_6281194_4294967294.log	6281194	diag	2026-08-08	1	5990	models/diag_safe_push_point_L8_p3o_budget_nosink_by_const_lr1e3ent_d25_s902/anchor	safe_push_point	8	2000	128	5.0	55.03	15.94	10.27	3.19
diag_6281195_4294967294.log	6281195	diag	2026-08-08	1	5986	models/diag_safe_push_point_L8_p3o_budget_nosink_by_const_lr1e3ent_d5_s903/anchor	safe_push_point	8	2000	128	25.0	57.59	60.73	15.69	2.43
diag_6281195_4294967294.log	6281195	diag	2026-08-08	1	5987	models/diag_safe_push_point_L8_p3o_budget_nosink_by_const_lr1e3ent_d5_s903/anchor	safe_push_point	8	2000	128	15.0	58.39	21.20	7.17	1.41
diag_6281195_4294967294.log	6281195	diag	2026-08-08	1	5988	models/diag_safe_push_point_L8_p3o_budget_nosink_by_const_lr1e3ent_d5_s903/anchor	safe_push_point	8	2000	128	10.0	58.57	9.16	4.26	0.92
diag_6281195_4294967294.log	6281195	diag	2026-08-08	1	5989	models/diag_safe_push_point_L8_p3o_budget_nosink_by_const_lr1e3ent_d5_s903/anchor	safe_push_point	8	2000	128	5.0	54.36	4.37	3.87	0.87
diag_6281196_4294967294.log	6281196	diag	2026-08-08	1	5986	models/diag_safe_push_point_L8_p3o_budget_nosink_by_const_lr1e3ent_d15_s903/anchor	safe_push_point	8	2000	128	25.0	53.58	21.50	9.09	0.86
diag_6281196_4294967294.log	6281196	diag	2026-08-08	1	5987	models/diag_safe_push_point_L8_p3o_budget_nosink_by_const_lr1e3ent_d15_s903/anchor	safe_push_point	8	2000	128	15.0	52.21	12.30	6.24	0.82
diag_6281196_4294967294.log	6281196	diag	2026-08-08	1	5988	models/diag_safe_push_point_L8_p3o_budget_nosink_by_const_lr1e3ent_d15_s903/anchor	safe_push_point	8	2000	128	10.0	50.29	10.84	8.97	1.08
diag_6281196_4294967294.log	6281196	diag	2026-08-08	1	5989	models/diag_safe_push_point_L8_p3o_budget_nosink_by_const_lr1e3ent_d15_s903/anchor	safe_push_point	8	2000	128	5.0	47.43	8.80	7.59	1.76
diag_6281197_4294967294.log	6281197	diag	2026-08-08	1	5987	models/diag_safe_push_point_L8_p3o_budget_nosink_by_const_lr1e3ent_d25_s903/anchor	safe_push_point	8	2000	128	25.0	56.12	26.32	11.08	1.05
diag_6281197_4294967294.log	6281197	diag	2026-08-08	1	5988	models/diag_safe_push_point_L8_p3o_budget_nosink_by_const_lr1e3ent_d25_s903/anchor	safe_push_point	8	2000	128	15.0	53.97	20.41	10.74	1.36
diag_6281197_4294967294.log	6281197	diag	2026-08-08	1	5989	models/diag_safe_push_point_L8_p3o_budget_nosink_by_const_lr1e3ent_d25_s903/anchor	safe_push_point	8	2000	128	10.0	51.27	20.44	11.46	2.04
diag_6281197_4294967294.log	6281197	diag	2026-08-08	1	5990	models/diag_safe_push_point_L8_p3o_budget_nosink_by_const_lr1e3ent_d25_s903/anchor	safe_push_point	8	2000	128	5.0	47.97	19.20	13.44	3.84
diag_6281198_4294967294.log	6281198	diag	2026-08-08	1	5987	models/diag_safe_push_point_L8_p3o_budget_nosink_by_const_lr1e3ent_d15_s901/anchor	safe_push_point	8	2000	128	25.0	53.92	20.91	9.43	0.84
diag_6281198_4294967294.log	6281198	diag	2026-08-08	1	5988	models/diag_safe_push_point_L8_p3o_budget_nosink_by_const_lr1e3ent_d15_s901/anchor	safe_push_point	8	2000	128	15.0	53.08	13.00	6.72	0.87
diag_6281198_4294967294.log	6281198	diag	2026-08-08	1	5989	models/diag_safe_push_point_L8_p3o_budget_nosink_by_const_lr1e3ent_d15_s901/anchor	safe_push_point	8	2000	128	10.0	51.37	11.39	7.55	1.14
diag_6281198_4294967294.log	6281198	diag	2026-08-08	1	5990	models/diag_safe_push_point_L8_p3o_budget_nosink_by_const_lr1e3ent_d15_s901/anchor	safe_push_point	8	2000	128	5.0	47.76	9.80	7.77	1.96
diag_6281199_4294967294.log	6281199	diag	2026-08-08	1	5988	models/diag_safe_push_point_L11_p3o_budget_nosink_by_const_lr1e3ent_d5_s901/anchor	safe_push_point	11	2000	128	25.0	45.13	108.49	26.85	4.34
diag_6281199_4294967294.log	6281199	diag	2026-08-08	1	5989	models/diag_safe_push_point_L11_p3o_budget_nosink_by_const_lr1e3ent_d5_s901/anchor	safe_push_point	11	2000	128	15.0	45.33	29.12	9.41	1.94
diag_6281199_4294967294.log	6281199	diag	2026-08-08	1	5990	models/diag_safe_push_point_L11_p3o_budget_nosink_by_const_lr1e3ent_d5_s901/anchor	safe_push_point	11	2000	128	10.0	44.12	12.00	5.50	1.20
diag_6281199_4294967294.log	6281199	diag	2026-08-08	1	5991	models/diag_safe_push_point_L11_p3o_budget_nosink_by_const_lr1e3ent_d5_s901/anchor	safe_push_point	11	2000	128	5.0	39.64	4.90	3.63	0.98
diag_6281200_4294967294.log	6281200	diag	2026-08-08	1	5986	models/diag_safe_push_point_L11_p3o_budget_nosink_by_const_lr1e3ent_d15_s901/anchor	safe_push_point	11	2000	128	25.0	50.43	36.10	26.36	1.44
diag_6281200_4294967294.log	6281200	diag	2026-08-08	1	5987	models/diag_safe_push_point_L11_p3o_budget_nosink_by_const_lr1e3ent_d15_s901/anchor	safe_push_point	11	2000	128	15.0	51.13	14.45	6.45	0.96
diag_6281200_4294967294.log	6281200	diag	2026-08-08	1	5988	models/diag_safe_push_point_L11_p3o_budget_nosink_by_const_lr1e3ent_d15_s901/anchor	safe_push_point	11	2000	128	10.0	47.07	10.18	6.03	1.02
diag_6281200_4294967294.log	6281200	diag	2026-08-08	1	5989	models/diag_safe_push_point_L11_p3o_budget_nosink_by_const_lr1e3ent_d15_s901/anchor	safe_push_point	11	2000	128	5.0	43.18	8.50	5.35	1.70
diag_6281201_4294967294.log	6281201	diag	2026-08-08	1	5987	models/diag_safe_push_point_L11_p3o_budget_nosink_by_const_lr1e3ent_d25_s901/anchor	safe_push_point	11	2000	128	25.0	49.09	22.67	9.02	0.91
diag_6281201_4294967294.log	6281201	diag	2026-08-08	1	5988	models/diag_safe_push_point_L11_p3o_budget_nosink_by_const_lr1e3ent_d25_s901/anchor	safe_push_point	11	2000	128	15.0	43.17	15.86	7.54	1.06
diag_6281201_4294967294.log	6281201	diag	2026-08-08	1	5989	models/diag_safe_push_point_L11_p3o_budget_nosink_by_const_lr1e3ent_d25_s901/anchor	safe_push_point	11	2000	128	10.0	38.93	14.25	6.61	1.42
diag_6281201_4294967294.log	6281201	diag	2026-08-08	1	5990	models/diag_safe_push_point_L11_p3o_budget_nosink_by_const_lr1e3ent_d25_s901/anchor	safe_push_point	11	2000	128	5.0	33.06	12.73	7.26	2.55
diag_6282096_4294967294.log	6282096	diag	2026-08-09	1	5987	models/diag_safe_push_point_L11_p3o_budget_nosink_by_const_lr1e3ent_d5_s902/anchor	safe_push_point	11	2000	128	25.0	45.56	35.68	9.87	1.43
diag_6282096_4294967294.log	6282096	diag	2026-08-09	1	5988	models/diag_safe_push_point_L11_p3o_budget_nosink_by_const_lr1e3ent_d5_s902/anchor	safe_push_point	11	2000	128	15.0	48.72	16.68	5.91	1.11
diag_6282096_4294967294.log	6282096	diag	2026-08-09	1	5989	models/diag_safe_push_point_L11_p3o_budget_nosink_by_const_lr1e3ent_d5_s902/anchor	safe_push_point	11	2000	128	10.0	47.66	9.04	4.66	0.90
diag_6282096_4294967294.log	6282096	diag	2026-08-09	1	5990	models/diag_safe_push_point_L11_p3o_budget_nosink_by_const_lr1e3ent_d5_s902/anchor	safe_push_point	11	2000	128	5.0	43.16	5.10	4.57	1.02
diag_6282097_4294967294.log	6282097	diag	2026-08-09	1	5988	models/diag_safe_push_point_L11_p3o_budget_nosink_by_const_lr1e3ent_d15_s902/anchor	safe_push_point	11	2000	128	25.0	61.20	32.62	9.82	1.30
diag_6282097_4294967294.log	6282097	diag	2026-08-09	1	5989	models/diag_safe_push_point_L11_p3o_budget_nosink_by_const_lr1e3ent_d15_s902/anchor	safe_push_point	11	2000	128	15.0	59.98	18.47	8.43	1.23
diag_6282097_4294967294.log	6282097	diag	2026-08-09	1	5990	models/diag_safe_push_point_L11_p3o_budget_nosink_by_const_lr1e3ent_d15_s902/anchor	safe_push_point	11	2000	128	10.0	58.09	15.08	8.48	1.51
diag_6282097_4294967294.log	6282097	diag	2026-08-09	1	5991	models/diag_safe_push_point_L11_p3o_budget_nosink_by_const_lr1e3ent_d15_s902/anchor	safe_push_point	11	2000	128	5.0	54.72	12.95	7.10	2.59
diag_6282098_4294967294.log	6282098	diag	2026-08-09	1	5987	models/diag_safe_push_point_L11_p3o_budget_nosink_by_const_lr1e3ent_d25_s902/anchor	safe_push_point	11	2000	128	25.0	64.80	21.77	8.34	0.87
diag_6282098_4294967294.log	6282098	diag	2026-08-09	1	5988	models/diag_safe_push_point_L11_p3o_budget_nosink_by_const_lr1e3ent_d25_s902/anchor	safe_push_point	11	2000	128	15.0	60.08	16.25	8.40	1.08
diag_6282098_4294967294.log	6282098	diag	2026-08-09	1	5989	models/diag_safe_push_point_L11_p3o_budget_nosink_by_const_lr1e3ent_d25_s902/anchor	safe_push_point	11	2000	128	10.0	55.47	14.02	9.40	1.40
diag_6282098_4294967294.log	6282098	diag	2026-08-09	1	5990	models/diag_safe_push_point_L11_p3o_budget_nosink_by_const_lr1e3ent_d25_s902/anchor	safe_push_point	11	2000	128	5.0	48.36	14.12	9.63	2.82
diag_6282099_4294967294.log	6282099	diag	2026-08-09	1	5986	models/diag_safe_push_point_L11_p3o_budget_nosink_by_const_lr1e3ent_d5_s903/anchor	safe_push_point	11	2000	128	25.0	50.63	59.61	15.44	2.38
diag_6282099_4294967294.log	6282099	diag	2026-08-09	1	5987	models/diag_safe_push_point_L11_p3o_budget_nosink_by_const_lr1e3ent_d5_s903/anchor	safe_push_point	11	2000	128	15.0	51.60	20.52	8.12	1.37
diag_6282099_4294967294.log	6282099	diag	2026-08-09	1	5988	models/diag_safe_push_point_L11_p3o_budget_nosink_by_const_lr1e3ent_d5_s903/anchor	safe_push_point	11	2000	128	10.0	51.62	9.58	4.04	0.96
diag_6282099_4294967294.log	6282099	diag	2026-08-09	1	5989	models/diag_safe_push_point_L11_p3o_budget_nosink_by_const_lr1e3ent_d5_s903/anchor	safe_push_point	11	2000	128	5.0	47.04	4.60	5.50	0.92
diag_6282100_4294967294.log	6282100	diag	2026-08-09	1	5986	models/diag_safe_push_point_L11_p3o_budget_nosink_by_const_lr1e3ent_d15_s903/anchor	safe_push_point	11	2000	128	25.0	61.48	26.09	9.44	1.04
diag_6282100_4294967294.log	6282100	diag	2026-08-09	1	5987	models/diag_safe_push_point_L11_p3o_budget_nosink_by_const_lr1e3ent_d15_s903/anchor	safe_push_point	11	2000	128	15.0	61.18	13.47	6.82	0.90
diag_6282100_4294967294.log	6282100	diag	2026-08-09	1	5988	models/diag_safe_push_point_L11_p3o_budget_nosink_by_const_lr1e3ent_d15_s903/anchor	safe_push_point	11	2000	128	10.0	59.16	11.44	6.46	1.14
diag_6282100_4294967294.log	6282100	diag	2026-08-09	1	5989	models/diag_safe_push_point_L11_p3o_budget_nosink_by_const_lr1e3ent_d15_s903/anchor	safe_push_point	11	2000	128	5.0	55.31	10.29	6.78	2.06
diag_6282101_4294967294.log	6282101	diag	2026-08-09	1	5987	models/diag_safe_push_point_L11_p3o_budget_nosink_by_const_lr1e3ent_d25_s903/anchor	safe_push_point	11	2000	128	25.0	59.28	23.98	7.63	0.96
diag_6282101_4294967294.log	6282101	diag	2026-08-09	1	5988	models/diag_safe_push_point_L11_p3o_budget_nosink_by_const_lr1e3ent_d25_s903/anchor	safe_push_point	11	2000	128	15.0	58.18	20.40	10.29	1.36
diag_6282101_4294967294.log	6282101	diag	2026-08-09	1	5989	models/diag_safe_push_point_L11_p3o_budget_nosink_by_const_lr1e3ent_d25_s903/anchor	safe_push_point	11	2000	128	10.0	54.73	22.51	9.94	2.25
diag_6282101_4294967294.log	6282101	diag	2026-08-09	1	5990	models/diag_safe_push_point_L11_p3o_budget_nosink_by_const_lr1e3ent_d25_s903/anchor	safe_push_point	11	2000	128	5.0	51.51	18.48	10.21	3.70
diag_6282102_4294967294.log	6282102	diag	2026-08-09	1	5988	models/diag_safe_push_point_L16_p3o_budget_nosink_by_const_lr1e3ent_d5_s901/anchor	safe_push_point	16	2000	128	25.0	41.23	42.18	12.81	1.69
diag_6282102_4294967294.log	6282102	diag	2026-08-09	1	5989	models/diag_safe_push_point_L16_p3o_budget_nosink_by_const_lr1e3ent_d5_s901/anchor	safe_push_point	16	2000	128	15.0	44.42	17.10	7.33	1.14
diag_6282102_4294967294.log	6282102	diag	2026-08-09	1	5990	models/diag_safe_push_point_L16_p3o_budget_nosink_by_const_lr1e3ent_d5_s901/anchor	safe_push_point	16	2000	128	10.0	43.95	8.98	4.70	0.90
diag_6282102_4294967294.log	6282102	diag	2026-08-09	1	5991	models/diag_safe_push_point_L16_p3o_budget_nosink_by_const_lr1e3ent_d5_s901/anchor	safe_push_point	16	2000	128	5.0	40.15	5.97	5.00	1.19
diag_6282103_4294967294.log	6282103	diag	2026-08-09	1	5987	models/diag_safe_push_point_L16_p3o_budget_nosink_by_const_lr1e3ent_d25_s901/anchor	safe_push_point	16	2000	128	25.0	50.96	22.75	8.79	0.91
diag_6282103_4294967294.log	6282103	diag	2026-08-09	1	5988	models/diag_safe_push_point_L16_p3o_budget_nosink_by_const_lr1e3ent_d25_s901/anchor	safe_push_point	16	2000	128	15.0	47.11	18.15	8.22	1.21
diag_6282103_4294967294.log	6282103	diag	2026-08-09	1	5989	models/diag_safe_push_point_L16_p3o_budget_nosink_by_const_lr1e3ent_d25_s901/anchor	safe_push_point	16	2000	128	10.0	43.42	15.68	8.33	1.57
diag_6282103_4294967294.log	6282103	diag	2026-08-09	1	5990	models/diag_safe_push_point_L16_p3o_budget_nosink_by_const_lr1e3ent_d25_s901/anchor	safe_push_point	16	2000	128	5.0	39.77	14.01	7.48	2.80
diag_6282104_4294967294.log	6282104	diag	2026-08-09	1	5987	models/diag_safe_push_point_L16_p3o_budget_nosink_by_const_lr1e3ent_d5_s902/anchor	safe_push_point	16	2000	128	25.0	34.95	21.93	6.06	0.88
diag_6282104_4294967294.log	6282104	diag	2026-08-09	1	5988	models/diag_safe_push_point_L16_p3o_budget_nosink_by_const_lr1e3ent_d5_s902/anchor	safe_push_point	16	2000	128	15.0	39.24	10.98	6.26	0.73
diag_6282104_4294967294.log	6282104	diag	2026-08-09	1	5989	models/diag_safe_push_point_L16_p3o_budget_nosink_by_const_lr1e3ent_d5_s902/anchor	safe_push_point	16	2000	128	10.0	40.54	6.50	5.33	0.65
diag_6282104_4294967294.log	6282104	diag	2026-08-09	1	5990	models/diag_safe_push_point_L16_p3o_budget_nosink_by_const_lr1e3ent_d5_s902/anchor	safe_push_point	16	2000	128	5.0	37.29	4.31	4.30	0.86
diag_6282105_4294967294.log	6282105	diag	2026-08-09	1	5987	models/diag_safe_push_point_L16_p3o_budget_nosink_by_const_lr1e3ent_d25_s902/anchor	safe_push_point	16	2000	128	25.0	59.67	19.67	8.63	0.79
diag_6282105_4294967294.log	6282105	diag	2026-08-09	1	5988	models/diag_safe_push_point_L16_p3o_budget_nosink_by_const_lr1e3ent_d25_s902/anchor	safe_push_point	16	2000	128	15.0	56.09	17.27	9.88	1.15
diag_6282105_4294967294.log	6282105	diag	2026-08-09	1	5989	models/diag_safe_push_point_L16_p3o_budget_nosink_by_const_lr1e3ent_d25_s902/anchor	safe_push_point	16	2000	128	10.0	53.98	16.10	9.58	1.61
diag_6282105_4294967294.log	6282105	diag	2026-08-09	1	5990	models/diag_safe_push_point_L16_p3o_budget_nosink_by_const_lr1e3ent_d25_s902/anchor	safe_push_point	16	2000	128	5.0	49.73	14.82	9.39	2.96
diag_6282106_4294967294.log	6282106	diag	2026-08-09	1	5987	models/diag_safe_push_point_L16_p3o_budget_nosink_by_const_lr1e3ent_d5_s903/anchor	safe_push_point	16	2000	128	25.0	44.54	58.81	14.70	2.35
diag_6282106_4294967294.log	6282106	diag	2026-08-09	1	5988	models/diag_safe_push_point_L16_p3o_budget_nosink_by_const_lr1e3ent_d5_s903/anchor	safe_push_point	16	2000	128	15.0	42.22	20.95	10.62	1.40
diag_6282106_4294967294.log	6282106	diag	2026-08-09	1	5989	models/diag_safe_push_point_L16_p3o_budget_nosink_by_const_lr1e3ent_d5_s903/anchor	safe_push_point	16	2000	128	10.0	41.87	10.10	5.24	1.01
diag_6282106_4294967294.log	6282106	diag	2026-08-09	1	5990	models/diag_safe_push_point_L16_p3o_budget_nosink_by_const_lr1e3ent_d5_s903/anchor	safe_push_point	16	2000	128	5.0	36.58	4.45	5.47	0.89
diag_6282107_4294967294.log	6282107	diag	2026-08-09	1	5987	models/diag_safe_push_point_L16_p3o_budget_nosink_by_const_lr1e3ent_d25_s903/anchor	safe_push_point	16	2000	128	25.0	64.45	23.76	8.47	0.95
diag_6282107_4294967294.log	6282107	diag	2026-08-09	1	5988	models/diag_safe_push_point_L16_p3o_budget_nosink_by_const_lr1e3ent_d25_s903/anchor	safe_push_point	16	2000	128	15.0	60.85	18.44	8.55	1.23
diag_6282107_4294967294.log	6282107	diag	2026-08-09	1	5989	models/diag_safe_push_point_L16_p3o_budget_nosink_by_const_lr1e3ent_d25_s903/anchor	safe_push_point	16	2000	128	10.0	57.70	18.74	11.19	1.87
diag_6282107_4294967294.log	6282107	diag	2026-08-09	1	5990	models/diag_safe_push_point_L16_p3o_budget_nosink_by_const_lr1e3ent_d25_s903/anchor	safe_push_point	16	2000	128	5.0	53.46	17.20	9.96	3.44
diag_6282108_4294967294.log	6282108	diag	2026-08-09	1	5987	models/diag_safe_push_point_L13_p3o_budget_nosink_by_const_lr1e3ent_d5_s901/anchor	safe_push_point	13	2000	128	25.0	51.69	82.91	18.46	3.32
diag_6282108_4294967294.log	6282108	diag	2026-08-09	1	5988	models/diag_safe_push_point_L13_p3o_budget_nosink_by_const_lr1e3ent_d5_s901/anchor	safe_push_point	13	2000	128	15.0	53.85	22.83	6.80	1.52
diag_6282108_4294967294.log	6282108	diag	2026-08-09	1	5989	models/diag_safe_push_point_L13_p3o_budget_nosink_by_const_lr1e3ent_d5_s901/anchor	safe_push_point	13	2000	128	10.0	53.46	9.60	4.26	0.96
diag_6282108_4294967294.log	6282108	diag	2026-08-09	1	5990	models/diag_safe_push_point_L13_p3o_budget_nosink_by_const_lr1e3ent_d5_s901/anchor	safe_push_point	13	2000	128	5.0	50.83	3.94	2.80	0.79
diag_6282109_4294967294.log	6282109	diag	2026-08-09	1	5987	models/diag_safe_push_point_L13_p3o_budget_nosink_by_const_lr1e3ent_d25_s901/anchor	safe_push_point	13	2000	128	25.0	57.32	25.55	9.28	1.02
diag_6282109_4294967294.log	6282109	diag	2026-08-09	1	5988	models/diag_safe_push_point_L13_p3o_budget_nosink_by_const_lr1e3ent_d25_s901/anchor	safe_push_point	13	2000	128	15.0	52.82	17.70	9.76	1.18
diag_6282109_4294967294.log	6282109	diag	2026-08-09	1	5989	models/diag_safe_push_point_L13_p3o_budget_nosink_by_const_lr1e3ent_d25_s901/anchor	safe_push_point	13	2000	128	10.0	48.61	16.64	8.21	1.66
diag_6282109_4294967294.log	6282109	diag	2026-08-09	1	5990	models/diag_safe_push_point_L13_p3o_budget_nosink_by_const_lr1e3ent_d25_s901/anchor	safe_push_point	13	2000	128	5.0	43.66	15.18	8.65	3.04
diag_6282110_4294967294.log	6282110	diag	2026-08-09	1	5987	models/diag_safe_push_point_L15_p3o_budget_nosink_by_const_lr1e3ent_d5_s901/anchor	safe_push_point	15	2000	128	25.0	39.86	32.99	8.16	1.32
diag_6282110_4294967294.log	6282110	diag	2026-08-09	1	5988	models/diag_safe_push_point_L15_p3o_budget_nosink_by_const_lr1e3ent_d5_s901/anchor	safe_push_point	15	2000	128	15.0	45.02	13.24	6.25	0.88
diag_6282110_4294967294.log	6282110	diag	2026-08-09	1	5989	models/diag_safe_push_point_L15_p3o_budget_nosink_by_const_lr1e3ent_d5_s901/anchor	safe_push_point	15	2000	128	10.0	45.64	6.91	4.70	0.69
diag_6282110_4294967294.log	6282110	diag	2026-08-09	1	5990	models/diag_safe_push_point_L15_p3o_budget_nosink_by_const_lr1e3ent_d5_s901/anchor	safe_push_point	15	2000	128	5.0	42.77	4.57	5.08	0.91
diag_6282111_4294967294.log	6282111	diag	2026-08-09	1	5986	models/diag_safe_push_point_L15_p3o_budget_nosink_by_const_lr1e3ent_d25_s901/anchor	safe_push_point	15	2000	128	25.0	55.51	23.13	10.69	0.93
diag_6282111_4294967294.log	6282111	diag	2026-08-09	1	5987	models/diag_safe_push_point_L15_p3o_budget_nosink_by_const_lr1e3ent_d25_s901/anchor	safe_push_point	15	2000	128	15.0	50.30	14.49	7.47	0.97
diag_6282111_4294967294.log	6282111	diag	2026-08-09	1	5988	models/diag_safe_push_point_L15_p3o_budget_nosink_by_const_lr1e3ent_d25_s901/anchor	safe_push_point	15	2000	128	10.0	46.90	12.90	8.97	1.29
diag_6282111_4294967294.log	6282111	diag	2026-08-09	1	5989	models/diag_safe_push_point_L15_p3o_budget_nosink_by_const_lr1e3ent_d25_s901/anchor	safe_push_point	15	2000	128	5.0	42.45	11.04	6.63	2.21
diag_6282112_4294967294.log	6282112	diag	2026-08-09	1	5983	models/diag_safe_push_point_L14_p3o_budget_nosink_by_const_lr1e3ent_d5_s901/anchor	safe_push_point	14	2000	128	25.0	25.23	46.76	22.81	1.87
diag_6282112_4294967294.log	6282112	diag	2026-08-09	1	5984	models/diag_safe_push_point_L14_p3o_budget_nosink_by_const_lr1e3ent_d5_s901/anchor	safe_push_point	14	2000	128	15.0	30.96	18.81	15.12	1.25
diag_6282112_4294967294.log	6282112	diag	2026-08-09	1	5985	models/diag_safe_push_point_L14_p3o_budget_nosink_by_const_lr1e3ent_d5_s901/anchor	safe_push_point	14	2000	128	10.0	32.21	8.59	3.72	0.86
diag_6282112_4294967294.log	6282112	diag	2026-08-09	1	5986	models/diag_safe_push_point_L14_p3o_budget_nosink_by_const_lr1e3ent_d5_s901/anchor	safe_push_point	14	2000	128	5.0	28.04	3.91	3.35	0.78
diag_6282113_4294967294.log	6282113	diag	2026-08-09	1	5987	models/diag_safe_push_point_L14_p3o_budget_nosink_by_const_lr1e3ent_d25_s901/anchor	safe_push_point	14	2000	128	25.0	52.94	23.33	9.77	0.93
diag_6282113_4294967294.log	6282113	diag	2026-08-09	1	5988	models/diag_safe_push_point_L14_p3o_budget_nosink_by_const_lr1e3ent_d25_s901/anchor	safe_push_point	14	2000	128	15.0	48.24	18.50	10.12	1.23
diag_6282113_4294967294.log	6282113	diag	2026-08-09	1	5989	models/diag_safe_push_point_L14_p3o_budget_nosink_by_const_lr1e3ent_d25_s901/anchor	safe_push_point	14	2000	128	10.0	44.75	15.27	8.13	1.53
diag_6282113_4294967294.log	6282113	diag	2026-08-09	1	5990	models/diag_safe_push_point_L14_p3o_budget_nosink_by_const_lr1e3ent_d25_s901/anchor	safe_push_point	14	2000	128	5.0	38.95	16.16	8.71	3.23
diag_6285164_4294967294.log	6285164	diag	2026-08-10	1	5987	models/diag_safe_push_point_L16_p3o_budget_nosink_by_const_lr1e3ent_d15_s901/anchor	safe_push_point	16	2000	128	25.0	52.94	28.67	8.20	1.15
diag_6285164_4294967294.log	6285164	diag	2026-08-10	1	5988	models/diag_safe_push_point_L16_p3o_budget_nosink_by_const_lr1e3ent_d15_s901/anchor	safe_push_point	16	2000	128	15.0	50.12	12.34	7.42	0.82
diag_6285164_4294967294.log	6285164	diag	2026-08-10	1	5989	models/diag_safe_push_point_L16_p3o_budget_nosink_by_const_lr1e3ent_d15_s901/anchor	safe_push_point	16	2000	128	10.0	47.43	9.11	6.26	0.91
diag_6285164_4294967294.log	6285164	diag	2026-08-10	1	5990	models/diag_safe_push_point_L16_p3o_budget_nosink_by_const_lr1e3ent_d15_s901/anchor	safe_push_point	16	2000	128	5.0	41.84	7.54	6.73	1.51
diag_6285165_4294967294.log	6285165	diag	2026-08-10	1	5987	models/diag_safe_push_point_L16_p3o_budget_nosink_by_const_lr1e3ent_d15_s902/anchor	safe_push_point	16	2000	128	25.0	51.22	30.43	7.91	1.22
diag_6285165_4294967294.log	6285165	diag	2026-08-10	1	5988	models/diag_safe_push_point_L16_p3o_budget_nosink_by_const_lr1e3ent_d15_s902/anchor	safe_push_point	16	2000	128	15.0	49.11	15.75	7.17	1.05
diag_6285165_4294967294.log	6285165	diag	2026-08-10	1	5989	models/diag_safe_push_point_L16_p3o_budget_nosink_by_const_lr1e3ent_d15_s902/anchor	safe_push_point	16	2000	128	10.0	46.19	12.52	7.26	1.25
diag_6285165_4294967294.log	6285165	diag	2026-08-10	1	5990	models/diag_safe_push_point_L16_p3o_budget_nosink_by_const_lr1e3ent_d15_s902/anchor	safe_push_point	16	2000	128	5.0	41.77	11.70	8.85	2.34
diag_6285166_4294967294.log	6285166	diag	2026-08-10	1	5988	models/diag_safe_push_point_L16_p3o_budget_nosink_by_const_lr1e3ent_d15_s903/anchor	safe_push_point	16	2000	128	25.0	62.58	29.05	10.01	1.16
diag_6285166_4294967294.log	6285166	diag	2026-08-10	1	5989	models/diag_safe_push_point_L16_p3o_budget_nosink_by_const_lr1e3ent_d15_s903/anchor	safe_push_point	16	2000	128	15.0	60.78	15.30	7.50	1.02
diag_6285166_4294967294.log	6285166	diag	2026-08-10	1	5990	models/diag_safe_push_point_L16_p3o_budget_nosink_by_const_lr1e3ent_d15_s903/anchor	safe_push_point	16	2000	128	10.0	58.23	13.24	9.67	1.32
diag_6285166_4294967294.log	6285166	diag	2026-08-10	1	5991	models/diag_safe_push_point_L16_p3o_budget_nosink_by_const_lr1e3ent_d15_s903/anchor	safe_push_point	16	2000	128	5.0	55.24	10.13	7.35	2.03
diag_6285167_4294967294.log	6285167	diag	2026-08-10	1	5987	models/diag_safe_push_point_L14_p3o_budget_nosink_by_const_lr1e3ent_d5_s902/anchor	safe_push_point	14	2000	128	25.0	27.63	21.53	6.88	0.86
diag_6285167_4294967294.log	6285167	diag	2026-08-10	1	5988	models/diag_safe_push_point_L14_p3o_budget_nosink_by_const_lr1e3ent_d5_s902/anchor	safe_push_point	14	2000	128	15.0	37.68	10.41	6.56	0.69
diag_6285167_4294967294.log	6285167	diag	2026-08-10	1	5989	models/diag_safe_push_point_L14_p3o_budget_nosink_by_const_lr1e3ent_d5_s902/anchor	safe_push_point	14	2000	128	10.0	37.85	6.06	4.94	0.61
diag_6285167_4294967294.log	6285167	diag	2026-08-10	1	5990	models/diag_safe_push_point_L14_p3o_budget_nosink_by_const_lr1e3ent_d5_s902/anchor	safe_push_point	14	2000	128	5.0	32.22	3.59	5.48	0.72
diag_6285168_4294967294.log	6285168	diag	2026-08-10	1	5987	models/diag_safe_push_point_L14_p3o_budget_nosink_by_const_lr1e3ent_d25_s902/anchor	safe_push_point	14	2000	128	25.0	63.35	27.64	12.27	1.11
diag_6285168_4294967294.log	6285168	diag	2026-08-10	1	5988	models/diag_safe_push_point_L14_p3o_budget_nosink_by_const_lr1e3ent_d25_s902/anchor	safe_push_point	14	2000	128	15.0	59.76	21.59	11.07	1.44
diag_6285168_4294967294.log	6285168	diag	2026-08-10	1	5989	models/diag_safe_push_point_L14_p3o_budget_nosink_by_const_lr1e3ent_d25_s902/anchor	safe_push_point	14	2000	128	10.0	57.05	20.09	13.27	2.01
diag_6285168_4294967294.log	6285168	diag	2026-08-10	1	5990	models/diag_safe_push_point_L14_p3o_budget_nosink_by_const_lr1e3ent_d25_s902/anchor	safe_push_point	14	2000	128	5.0	53.65	16.90	8.79	3.38
diag_6285169_4294967294.log	6285169	diag	2026-08-10	1	5987	models/diag_safe_push_point_L14_p3o_budget_nosink_by_const_lr1e3ent_d5_s903/anchor	safe_push_point	14	2000	128	25.0	31.79	27.91	12.99	1.12
diag_6285169_4294967294.log	6285169	diag	2026-08-10	1	5988	models/diag_safe_push_point_L14_p3o_budget_nosink_by_const_lr1e3ent_d5_s903/anchor	safe_push_point	14	2000	128	15.0	32.55	14.71	15.92	0.98
diag_6285169_4294967294.log	6285169	diag	2026-08-10	1	5989	models/diag_safe_push_point_L14_p3o_budget_nosink_by_const_lr1e3ent_d5_s903/anchor	safe_push_point	14	2000	128	10.0	30.65	8.07	5.09	0.81
diag_6285169_4294967294.log	6285169	diag	2026-08-10	1	5990	models/diag_safe_push_point_L14_p3o_budget_nosink_by_const_lr1e3ent_d5_s903/anchor	safe_push_point	14	2000	128	5.0	24.52	3.47	4.01	0.69
diag_6285170_4294967294.log	6285170	diag	2026-08-10	1	5987	models/diag_safe_push_point_L14_p3o_budget_nosink_by_const_lr1e3ent_d25_s903/anchor	safe_push_point	14	2000	128	25.0	64.18	27.05	10.81	1.08
diag_6285170_4294967294.log	6285170	diag	2026-08-10	1	5988	models/diag_safe_push_point_L14_p3o_budget_nosink_by_const_lr1e3ent_d25_s903/anchor	safe_push_point	14	2000	128	15.0	59.81	22.37	11.42	1.49
diag_6285170_4294967294.log	6285170	diag	2026-08-10	1	5989	models/diag_safe_push_point_L14_p3o_budget_nosink_by_const_lr1e3ent_d25_s903/anchor	safe_push_point	14	2000	128	10.0	57.04	20.47	11.16	2.05
diag_6285170_4294967294.log	6285170	diag	2026-08-10	1	5990	models/diag_safe_push_point_L14_p3o_budget_nosink_by_const_lr1e3ent_d25_s903/anchor	safe_push_point	14	2000	128	5.0	51.16	21.92	13.08	4.38
diag_6285171_4294967294.log	6285171	diag	2026-08-10	1	5983	models/diag_safe_push_point_L14_p3o_budget_nosink_by_const_lr1e3ent_d15_s901/anchor	safe_push_point	14	2000	128	25.0	52.26	29.29	8.96	1.17
diag_6285171_4294967294.log	6285171	diag	2026-08-10	1	5984	models/diag_safe_push_point_L14_p3o_budget_nosink_by_const_lr1e3ent_d15_s901/anchor	safe_push_point	14	2000	128	15.0	50.73	14.34	7.45	0.96
diag_6285171_4294967294.log	6285171	diag	2026-08-10	1	5985	models/diag_safe_push_point_L14_p3o_budget_nosink_by_const_lr1e3ent_d15_s901/anchor	safe_push_point	14	2000	128	10.0	47.78	10.82	7.07	1.08
diag_6285171_4294967294.log	6285171	diag	2026-08-10	1	5986	models/diag_safe_push_point_L14_p3o_budget_nosink_by_const_lr1e3ent_d15_s901/anchor	safe_push_point	14	2000	128	5.0	42.77	10.16	8.08	2.03
diag_6285172_4294967294.log	6285172	diag	2026-08-10	1	5987	models/diag_safe_push_point_L14_p3o_budget_nosink_by_const_lr1e3ent_d15_s902/anchor	safe_push_point	14	2000	128	25.0	59.22	25.44	9.40	1.02
diag_6285172_4294967294.log	6285172	diag	2026-08-10	1	5988	models/diag_safe_push_point_L14_p3o_budget_nosink_by_const_lr1e3ent_d15_s902/anchor	safe_push_point	14	2000	128	15.0	57.68	15.23	8.38	1.02
diag_6285172_4294967294.log	6285172	diag	2026-08-10	1	5989	models/diag_safe_push_point_L14_p3o_budget_nosink_by_const_lr1e3ent_d15_s902/anchor	safe_push_point	14	2000	128	10.0	54.95	12.35	9.43	1.24
diag_6285172_4294967294.log	6285172	diag	2026-08-10	1	5990	models/diag_safe_push_point_L14_p3o_budget_nosink_by_const_lr1e3ent_d15_s902/anchor	safe_push_point	14	2000	128	5.0	51.00	10.58	8.57	2.12
diag_6285173_4294967294.log	6285173	diag	2026-08-10	1	5987	models/diag_safe_push_point_L14_p3o_budget_nosink_by_const_lr1e3ent_d15_s903/anchor	safe_push_point	14	2000	128	25.0	58.41	18.50	8.35	0.74
diag_6285173_4294967294.log	6285173	diag	2026-08-10	1	5988	models/diag_safe_push_point_L14_p3o_budget_nosink_by_const_lr1e3ent_d15_s903/anchor	safe_push_point	14	2000	128	15.0	55.85	12.21	7.87	0.81
diag_6285173_4294967294.log	6285173	diag	2026-08-10	1	5989	models/diag_safe_push_point_L14_p3o_budget_nosink_by_const_lr1e3ent_d15_s903/anchor	safe_push_point	14	2000	128	10.0	53.28	12.33	9.44	1.23
diag_6285173_4294967294.log	6285173	diag	2026-08-10	1	5990	models/diag_safe_push_point_L14_p3o_budget_nosink_by_const_lr1e3ent_d15_s903/anchor	safe_push_point	14	2000	128	5.0	49.58	11.09	9.81	2.22
diag_6285174_4294967294.log	6285174	diag	2026-08-10	1	5987	models/diag_safe_push_point_L15_p3o_budget_nosink_by_const_lr1e3ent_d5_s902/anchor	safe_push_point	15	2000	128	25.0	52.49	33.40	7.86	1.34
diag_6285174_4294967294.log	6285174	diag	2026-08-10	1	5988	models/diag_safe_push_point_L15_p3o_budget_nosink_by_const_lr1e3ent_d5_s902/anchor	safe_push_point	15	2000	128	15.0	52.79	14.23	4.86	0.95
diag_6285174_4294967294.log	6285174	diag	2026-08-10	1	5989	models/diag_safe_push_point_L15_p3o_budget_nosink_by_const_lr1e3ent_d5_s902/anchor	safe_push_point	15	2000	128	10.0	52.26	7.75	5.39	0.78
diag_6285174_4294967294.log	6285174	diag	2026-08-10	1	5990	models/diag_safe_push_point_L15_p3o_budget_nosink_by_const_lr1e3ent_d5_s902/anchor	safe_push_point	15	2000	128	5.0	50.63	4.15	3.66	0.83
diag_6285175_4294967294.log	6285175	diag	2026-08-10	1	5987	models/diag_safe_push_point_L15_p3o_budget_nosink_by_const_lr1e3ent_d25_s902/anchor	safe_push_point	15	2000	128	25.0	51.71	30.01	10.74	1.20
diag_6285175_4294967294.log	6285175	diag	2026-08-10	1	5988	models/diag_safe_push_point_L15_p3o_budget_nosink_by_const_lr1e3ent_d25_s902/anchor	safe_push_point	15	2000	128	15.0	46.87	19.81	9.07	1.32
diag_6285175_4294967294.log	6285175	diag	2026-08-10	1	5989	models/diag_safe_push_point_L15_p3o_budget_nosink_by_const_lr1e3ent_d25_s902/anchor	safe_push_point	15	2000	128	10.0	43.86	18.31	9.34	1.83
diag_6285175_4294967294.log	6285175	diag	2026-08-10	1	5990	models/diag_safe_push_point_L15_p3o_budget_nosink_by_const_lr1e3ent_d25_s902/anchor	safe_push_point	15	2000	128	5.0	40.09	16.14	8.60	3.23
diag_6285176_4294967294.log	6285176	diag	2026-08-10	1	5983	models/diag_safe_push_point_L15_p3o_budget_nosink_by_const_lr1e3ent_d5_s903/anchor	safe_push_point	15	2000	128	25.0	43.26	35.90	10.42	1.44
diag_6285176_4294967294.log	6285176	diag	2026-08-10	1	5984	models/diag_safe_push_point_L15_p3o_budget_nosink_by_const_lr1e3ent_d5_s903/anchor	safe_push_point	15	2000	128	15.0	47.92	14.39	6.08	0.96
diag_6285176_4294967294.log	6285176	diag	2026-08-10	1	5985	models/diag_safe_push_point_L15_p3o_budget_nosink_by_const_lr1e3ent_d5_s903/anchor	safe_push_point	15	2000	128	10.0	48.08	8.37	5.48	0.84
diag_6285176_4294967294.log	6285176	diag	2026-08-10	1	5986	models/diag_safe_push_point_L15_p3o_budget_nosink_by_const_lr1e3ent_d5_s903/anchor	safe_push_point	15	2000	128	5.0	46.10	5.33	5.79	1.07
diag_6285177_4294967294.log	6285177	diag	2026-08-10	1	5987	models/diag_safe_push_point_L15_p3o_budget_nosink_by_const_lr1e3ent_d25_s903/anchor	safe_push_point	15	2000	128	25.0	64.96	27.11	9.68	1.08
diag_6285177_4294967294.log	6285177	diag	2026-08-10	1	5988	models/diag_safe_push_point_L15_p3o_budget_nosink_by_const_lr1e3ent_d25_s903/anchor	safe_push_point	15	2000	128	15.0	62.10	21.49	10.08	1.43
diag_6285177_4294967294.log	6285177	diag	2026-08-10	1	5989	models/diag_safe_push_point_L15_p3o_budget_nosink_by_const_lr1e3ent_d25_s903/anchor	safe_push_point	15	2000	128	10.0	59.76	20.39	9.45	2.04
diag_6285177_4294967294.log	6285177	diag	2026-08-10	1	5990	models/diag_safe_push_point_L15_p3o_budget_nosink_by_const_lr1e3ent_d25_s903/anchor	safe_push_point	15	2000	128	5.0	56.73	19.20	9.49	3.84
diag_6285178_4294967294.log	6285178	diag	2026-08-10	1	5987	models/diag_safe_push_point_L15_p3o_budget_nosink_by_const_lr1e3ent_d15_s901/anchor	safe_push_point	15	2000	128	25.0	55.40	27.44	9.61	1.10
diag_6285178_4294967294.log	6285178	diag	2026-08-10	1	5988	models/diag_safe_push_point_L15_p3o_budget_nosink_by_const_lr1e3ent_d15_s901/anchor	safe_push_point	15	2000	128	15.0	54.79	13.29	6.69	0.89
diag_6285178_4294967294.log	6285178	diag	2026-08-10	1	5989	models/diag_safe_push_point_L15_p3o_budget_nosink_by_const_lr1e3ent_d15_s901/anchor	safe_push_point	15	2000	128	10.0	52.09	11.63	7.40	1.16
diag_6285178_4294967294.log	6285178	diag	2026-08-10	1	5990	models/diag_safe_push_point_L15_p3o_budget_nosink_by_const_lr1e3ent_d15_s901/anchor	safe_push_point	15	2000	128	5.0	47.80	9.65	6.61	1.93
diag_6285179_4294967294.log	6285179	diag	2026-08-10	1	5984	models/diag_safe_push_point_L15_p3o_budget_nosink_by_const_lr1e3ent_d15_s902/anchor	safe_push_point	15	2000	128	25.0	55.63	27.10	8.97	1.08
diag_6285179_4294967294.log	6285179	diag	2026-08-10	1	5985	models/diag_safe_push_point_L15_p3o_budget_nosink_by_const_lr1e3ent_d15_s902/anchor	safe_push_point	15	2000	128	15.0	54.60	13.02	8.23	0.87
diag_6285179_4294967294.log	6285179	diag	2026-08-10	1	5986	models/diag_safe_push_point_L15_p3o_budget_nosink_by_const_lr1e3ent_d15_s902/anchor	safe_push_point	15	2000	128	10.0	52.00	10.21	6.47	1.02
diag_6285179_4294967294.log	6285179	diag	2026-08-10	1	5987	models/diag_safe_push_point_L15_p3o_budget_nosink_by_const_lr1e3ent_d15_s902/anchor	safe_push_point	15	2000	128	5.0	48.94	9.06	6.91	1.81
diag_6285180_4294967294.log	6285180	diag	2026-08-10	1	5987	models/diag_safe_push_point_L15_p3o_budget_nosink_by_const_lr1e3ent_d15_s903/anchor	safe_push_point	15	2000	128	25.0	64.19	33.63	9.76	1.35
diag_6285180_4294967294.log	6285180	diag	2026-08-10	1	5988	models/diag_safe_push_point_L15_p3o_budget_nosink_by_const_lr1e3ent_d15_s903/anchor	safe_push_point	15	2000	128	15.0	62.85	17.37	7.83	1.16
diag_6285180_4294967294.log	6285180	diag	2026-08-10	1	5989	models/diag_safe_push_point_L15_p3o_budget_nosink_by_const_lr1e3ent_d15_s903/anchor	safe_push_point	15	2000	128	10.0	61.02	14.11	9.07	1.41
diag_6285180_4294967294.log	6285180	diag	2026-08-10	1	5990	models/diag_safe_push_point_L15_p3o_budget_nosink_by_const_lr1e3ent_d15_s903/anchor	safe_push_point	15	2000	128	5.0	58.11	11.03	6.21	2.21
diag_6287469_4294967294.log	6287469	diag	2026-08-10	1	5983	models/diag_safe_push_point_L1_p3o_budget_nosink_by_const_lr1e3ent_d5_s901/anchor	safe_push_point	1	2000	128	25.0	41.52	82.10	91.27	3.28
diag_6287469_4294967294.log	6287469	diag	2026-08-10	1	5984	models/diag_safe_push_point_L1_p3o_budget_nosink_by_const_lr1e3ent_d5_s901/anchor	safe_push_point	1	2000	128	15.0	56.62	30.95	17.63	2.06
diag_6287469_4294967294.log	6287469	diag	2026-08-10	1	5985	models/diag_safe_push_point_L1_p3o_budget_nosink_by_const_lr1e3ent_d5_s901/anchor	safe_push_point	1	2000	128	10.0	67.84	11.38	6.93	1.14
diag_6287469_4294967294.log	6287469	diag	2026-08-10	1	5986	models/diag_safe_push_point_L1_p3o_budget_nosink_by_const_lr1e3ent_d5_s901/anchor	safe_push_point	1	2000	128	5.0	69.06	4.80	4.68	0.96
diag_6287470_4294967294.log	6287470	diag	2026-08-10	1	5987	models/diag_safe_push_point_L1_p3o_budget_nosink_by_const_lr1e3ent_d15_s901/anchor	safe_push_point	1	2000	128	25.0	73.57	28.32	19.02	1.13
diag_6287470_4294967294.log	6287470	diag	2026-08-10	1	5988	models/diag_safe_push_point_L1_p3o_budget_nosink_by_const_lr1e3ent_d15_s901/anchor	safe_push_point	1	2000	128	15.0	74.94	15.80	10.60	1.05
diag_6287470_4294967294.log	6287470	diag	2026-08-10	1	5989	models/diag_safe_push_point_L1_p3o_budget_nosink_by_const_lr1e3ent_d15_s901/anchor	safe_push_point	1	2000	128	10.0	74.24	12.53	10.26	1.25
diag_6287470_4294967294.log	6287470	diag	2026-08-10	1	5990	models/diag_safe_push_point_L1_p3o_budget_nosink_by_const_lr1e3ent_d15_s901/anchor	safe_push_point	1	2000	128	5.0	72.24	10.49	11.27	2.10
diag_6287471_4294967294.log	6287471	diag	2026-08-10	1	5987	models/diag_safe_push_point_L1_p3o_budget_nosink_by_const_lr1e3ent_d25_s901/anchor	safe_push_point	1	2000	128	25.0	75.11	26.27	17.08	1.05
diag_6287471_4294967294.log	6287471	diag	2026-08-10	1	5988	models/diag_safe_push_point_L1_p3o_budget_nosink_by_const_lr1e3ent_d25_s901/anchor	safe_push_point	1	2000	128	15.0	73.08	20.50	13.05	1.37
diag_6287471_4294967294.log	6287471	diag	2026-08-10	1	5989	models/diag_safe_push_point_L1_p3o_budget_nosink_by_const_lr1e3ent_d25_s901/anchor	safe_push_point	1	2000	128	10.0	71.31	22.65	14.44	2.26
diag_6287471_4294967294.log	6287471	diag	2026-08-10	1	5990	models/diag_safe_push_point_L1_p3o_budget_nosink_by_const_lr1e3ent_d25_s901/anchor	safe_push_point	1	2000	128	5.0	67.89	21.03	13.18	4.21
diag_6287472_4294967294.log	6287472	diag	2026-08-10	1	5987	models/diag_safe_push_point_L1_p3o_budget_nosink_by_const_lr1e3ent_d5_s902/anchor	safe_push_point	1	2000	128	25.0	82.53	24.89	10.25	1.00
diag_6287472_4294967294.log	6287472	diag	2026-08-10	1	5988	models/diag_safe_push_point_L1_p3o_budget_nosink_by_const_lr1e3ent_d5_s902/anchor	safe_push_point	1	2000	128	15.0	84.89	10.36	6.61	0.69
diag_6287472_4294967294.log	6287472	diag	2026-08-10	1	5989	models/diag_safe_push_point_L1_p3o_budget_nosink_by_const_lr1e3ent_d5_s902/anchor	safe_push_point	1	2000	128	10.0	85.27	6.33	6.20	0.63
diag_6287472_4294967294.log	6287472	diag	2026-08-10	1	5990	models/diag_safe_push_point_L1_p3o_budget_nosink_by_const_lr1e3ent_d5_s902/anchor	safe_push_point	1	2000	128	5.0	84.85	3.35	3.83	0.67
diag_6287473_4294967294.log	6287473	diag	2026-08-11	1	5983	models/diag_safe_push_point_L1_p3o_budget_nosink_by_const_lr1e3ent_d15_s902/anchor	safe_push_point	1	2000	128	25.0	87.38	18.13	9.99	0.73
diag_6287473_4294967294.log	6287473	diag	2026-08-11	1	5984	models/diag_safe_push_point_L1_p3o_budget_nosink_by_const_lr1e3ent_d15_s902/anchor	safe_push_point	1	2000	128	15.0	87.30	12.22	7.60	0.81
diag_6287473_4294967294.log	6287473	diag	2026-08-11	1	5985	models/diag_safe_push_point_L1_p3o_budget_nosink_by_const_lr1e3ent_d15_s902/anchor	safe_push_point	1	2000	128	10.0	87.19	14.54	11.38	1.45
diag_6287473_4294967294.log	6287473	diag	2026-08-11	1	5986	models/diag_safe_push_point_L1_p3o_budget_nosink_by_const_lr1e3ent_d15_s902/anchor	safe_push_point	1	2000	128	5.0	87.10	11.42	8.21	2.28
diag_6287474_4294967294.log	6287474	diag	2026-08-10	1	5987	models/diag_safe_push_point_L1_p3o_budget_nosink_by_const_lr1e3ent_d25_s902/anchor	safe_push_point	1	2000	128	25.0	84.83	23.94	11.89	0.96
diag_6287474_4294967294.log	6287474	diag	2026-08-10	1	5988	models/diag_safe_push_point_L1_p3o_budget_nosink_by_const_lr1e3ent_d25_s902/anchor	safe_push_point	1	2000	128	15.0	84.14	25.06	16.27	1.67
diag_6287474_4294967294.log	6287474	diag	2026-08-10	1	5989	models/diag_safe_push_point_L1_p3o_budget_nosink_by_const_lr1e3ent_d25_s902/anchor	safe_push_point	1	2000	128	10.0	84.13	24.02	13.59	2.40
diag_6287474_4294967294.log	6287474	diag	2026-08-10	1	5990	models/diag_safe_push_point_L1_p3o_budget_nosink_by_const_lr1e3ent_d25_s902/anchor	safe_push_point	1	2000	128	5.0	83.71	23.27	13.86	4.65
diag_6287475_4294967294.log	6287475	diag	2026-08-10	1	5987	models/diag_safe_push_point_L1_p3o_budget_nosink_by_const_lr1e3ent_d5_s903/anchor	safe_push_point	1	2000	128	25.0	82.75	26.77	12.09	1.07
diag_6287475_4294967294.log	6287475	diag	2026-08-10	1	5988	models/diag_safe_push_point_L1_p3o_budget_nosink_by_const_lr1e3ent_d5_s903/anchor	safe_push_point	1	2000	128	15.0	86.03	12.64	7.23	0.84
diag_6287475_4294967294.log	6287475	diag	2026-08-10	1	5989	models/diag_safe_push_point_L1_p3o_budget_nosink_by_const_lr1e3ent_d5_s903/anchor	safe_push_point	1	2000	128	10.0	86.81	7.74	5.53	0.77
diag_6287475_4294967294.log	6287475	diag	2026-08-10	1	5990	models/diag_safe_push_point_L1_p3o_budget_nosink_by_const_lr1e3ent_d5_s903/anchor	safe_push_point	1	2000	128	5.0	87.55	4.42	4.42	0.88
diag_6287476_4294967294.log	6287476	diag	2026-08-10	1	5983	models/diag_safe_push_point_L1_p3o_budget_nosink_by_const_lr1e3ent_d15_s903/anchor	safe_push_point	1	2000	128	25.0	85.37	19.18	11.36	0.77
diag_6287476_4294967294.log	6287476	diag	2026-08-10	1	5984	models/diag_safe_push_point_L1_p3o_budget_nosink_by_const_lr1e3ent_d15_s903/anchor	safe_push_point	1	2000	128	15.0	85.73	16.37	12.59	1.09
diag_6287476_4294967294.log	6287476	diag	2026-08-10	1	5985	models/diag_safe_push_point_L1_p3o_budget_nosink_by_const_lr1e3ent_d15_s903/anchor	safe_push_point	1	2000	128	10.0	85.86	13.26	9.27	1.33
diag_6287476_4294967294.log	6287476	diag	2026-08-10	1	5986	models/diag_safe_push_point_L1_p3o_budget_nosink_by_const_lr1e3ent_d15_s903/anchor	safe_push_point	1	2000	128	5.0	85.70	13.21	9.65	2.64
diag_6287477_4294967294.log	6287477	diag	2026-08-10	1	5987	models/diag_safe_push_point_L1_p3o_budget_nosink_by_const_lr1e3ent_d25_s903/anchor	safe_push_point	1	2000	128	25.0	85.20	24.05	13.06	0.96
diag_6287477_4294967294.log	6287477	diag	2026-08-10	1	5988	models/diag_safe_push_point_L1_p3o_budget_nosink_by_const_lr1e3ent_d25_s903/anchor	safe_push_point	1	2000	128	15.0	85.73	21.76	12.40	1.45
diag_6287477_4294967294.log	6287477	diag	2026-08-10	1	5989	models/diag_safe_push_point_L1_p3o_budget_nosink_by_const_lr1e3ent_d25_s903/anchor	safe_push_point	1	2000	128	10.0	84.64	21.47	11.57	2.15
diag_6287477_4294967294.log	6287477	diag	2026-08-10	1	5990	models/diag_safe_push_point_L1_p3o_budget_nosink_by_const_lr1e3ent_d25_s903/anchor	safe_push_point	1	2000	128	5.0	84.35	20.78	12.46	4.16
diag_6290438_4294967294.log	6290438	diag	2026-08-11	1	6471	models/diag_safe_goal_point_L1_p3o_budget_nosink_by_const_lr1e3ent_d25_s901/anchor	safe_goal_point	1	1000	128	25.0	35.15	23.34	9.47	0.93
diag_6290438_4294967294.log	6290438	diag	2026-08-11	1	6472	models/diag_safe_goal_point_L1_p3o_budget_nosink_by_const_lr1e3ent_d25_s901/anchor	safe_goal_point	1	1000	128	15.0	35.03	25.14	9.61	1.68
diag_6290438_4294967294.log	6290438	diag	2026-08-11	1	6473	models/diag_safe_goal_point_L1_p3o_budget_nosink_by_const_lr1e3ent_d25_s901/anchor	safe_goal_point	1	1000	128	10.0	34.73	25.38	7.93	2.54
diag_6290438_4294967294.log	6290438	diag	2026-08-11	1	6474	models/diag_safe_goal_point_L1_p3o_budget_nosink_by_const_lr1e3ent_d25_s901/anchor	safe_goal_point	1	1000	128	5.0	34.09	24.78	9.54	4.96
diag_6294293_4294967294.log	6294293	diag	2026-08-12	1	253	models/diag_safe_push_point_L14_p3o_budget_nosink_by_const_cvtest_d5_s996/anchor	safe_push_point	14	2000	128	25.0	1.46	288.98	464.25	11.56
diag_6294293_4294967294.log	6294293	diag	2026-08-12	1	254	models/diag_safe_push_point_L14_p3o_budget_nosink_by_const_cvtest_d5_s996/anchor	safe_push_point	14	2000	128	15.0	1.29	332.85	502.24	22.19
diag_6294293_4294967294.log	6294293	diag	2026-08-12	1	255	models/diag_safe_push_point_L14_p3o_budget_nosink_by_const_cvtest_d5_s996/anchor	safe_push_point	14	2000	128	10.0	1.46	297.61	427.41	29.76
diag_6294293_4294967294.log	6294293	diag	2026-08-12	1	256	models/diag_safe_push_point_L14_p3o_budget_nosink_by_const_cvtest_d5_s996/anchor	safe_push_point	14	2000	128	5.0	1.35	248.20	412.86	49.64
diag_6294305_4294967294.log	6294305	diag	2026-08-12	1	5983	models/diag_safe_push_point_L14_p3o_budget_nosink_by_const_cv_d5_s901/anchor	safe_push_point	14	2000	128	25.0	25.23	46.76	22.81	1.87
diag_6294305_4294967294.log	6294305	diag	2026-08-12	1	5984	models/diag_safe_push_point_L14_p3o_budget_nosink_by_const_cv_d5_s901/anchor	safe_push_point	14	2000	128	15.0	30.96	18.81	15.12	1.25
diag_6294305_4294967294.log	6294305	diag	2026-08-12	1	5985	models/diag_safe_push_point_L14_p3o_budget_nosink_by_const_cv_d5_s901/anchor	safe_push_point	14	2000	128	10.0	32.21	8.59	3.72	0.86
diag_6294305_4294967294.log	6294305	diag	2026-08-12	1	5986	models/diag_safe_push_point_L14_p3o_budget_nosink_by_const_cv_d5_s901/anchor	safe_push_point	14	2000	128	5.0	28.04	3.91	3.35	0.78
diag_6297513_4294967294.log	6297513	diag	2026-08-13	1	5986	models/diag_safe_push_point_L14_p3o_budget_nosink_by_const_lr1e3ent_d5_s904/anchor	safe_push_point	14	2000	128	25.0	35.03	56.11	18.05	2.24
diag_6297513_4294967294.log	6297513	diag	2026-08-13	1	5987	models/diag_safe_push_point_L14_p3o_budget_nosink_by_const_lr1e3ent_d5_s904/anchor	safe_push_point	14	2000	128	15.0	39.76	18.47	7.52	1.23
diag_6297513_4294967294.log	6297513	diag	2026-08-13	1	5988	models/diag_safe_push_point_L14_p3o_budget_nosink_by_const_lr1e3ent_d5_s904/anchor	safe_push_point	14	2000	128	10.0	37.97	9.18	4.93	0.92
diag_6297513_4294967294.log	6297513	diag	2026-08-13	1	5989	models/diag_safe_push_point_L14_p3o_budget_nosink_by_const_lr1e3ent_d5_s904/anchor	safe_push_point	14	2000	128	5.0	31.66	4.09	4.04	0.82
diag_6297514_4294967294.log	6297514	diag	2026-08-13	1	5983	models/diag_safe_push_point_L14_p3o_budget_nosink_by_const_lr1e3ent_d15_s904/anchor	safe_push_point	14	2000	128	25.0	50.56	23.46	8.23	0.94
diag_6297514_4294967294.log	6297514	diag	2026-08-13	1	5984	models/diag_safe_push_point_L14_p3o_budget_nosink_by_const_lr1e3ent_d15_s904/anchor	safe_push_point	14	2000	128	15.0	49.56	12.71	6.96	0.85
diag_6297514_4294967294.log	6297514	diag	2026-08-13	1	5985	models/diag_safe_push_point_L14_p3o_budget_nosink_by_const_lr1e3ent_d15_s904/anchor	safe_push_point	14	2000	128	10.0	47.00	9.84	6.95	0.98
diag_6297514_4294967294.log	6297514	diag	2026-08-13	1	5986	models/diag_safe_push_point_L14_p3o_budget_nosink_by_const_lr1e3ent_d15_s904/anchor	safe_push_point	14	2000	128	5.0	42.83	9.95	8.86	1.99
diag_6297515_4294967294.log	6297515	diag	2026-08-13	1	5988	models/diag_safe_push_point_L14_p3o_budget_nosink_by_const_lr1e3ent_d25_s904/anchor	safe_push_point	14	2000	128	25.0	52.92	27.23	25.31	1.09
diag_6297515_4294967294.log	6297515	diag	2026-08-13	1	5989	models/diag_safe_push_point_L14_p3o_budget_nosink_by_const_lr1e3ent_d25_s904/anchor	safe_push_point	14	2000	128	15.0	50.31	19.82	9.70	1.32
diag_6297515_4294967294.log	6297515	diag	2026-08-13	1	5990	models/diag_safe_push_point_L14_p3o_budget_nosink_by_const_lr1e3ent_d25_s904/anchor	safe_push_point	14	2000	128	10.0	47.67	16.77	7.06	1.68
diag_6297515_4294967294.log	6297515	diag	2026-08-13	1	5991	models/diag_safe_push_point_L14_p3o_budget_nosink_by_const_lr1e3ent_d25_s904/anchor	safe_push_point	14	2000	128	5.0	44.88	17.37	9.46	3.47
diag_6297516_4294967294.log	6297516	diag	2026-08-13	1	5987	models/diag_safe_push_point_L16_p3o_budget_nosink_by_const_lr1e3ent_d25_s904/anchor	safe_push_point	16	2000	128	25.0	54.93	26.88	10.08	1.08
diag_6297516_4294967294.log	6297516	diag	2026-08-13	1	5988	models/diag_safe_push_point_L16_p3o_budget_nosink_by_const_lr1e3ent_d25_s904/anchor	safe_push_point	16	2000	128	15.0	51.56	20.56	10.03	1.37
diag_6297516_4294967294.log	6297516	diag	2026-08-13	1	5989	models/diag_safe_push_point_L16_p3o_budget_nosink_by_const_lr1e3ent_d25_s904/anchor	safe_push_point	16	2000	128	10.0	48.75	18.18	9.76	1.82
diag_6297516_4294967294.log	6297516	diag	2026-08-13	1	5990	models/diag_safe_push_point_L16_p3o_budget_nosink_by_const_lr1e3ent_d25_s904/anchor	safe_push_point	16	2000	128	5.0	45.67	17.32	9.11	3.46
diag_6297517_4294967294.log	6297517	diag	2026-08-13	1	5987	models/diag_safe_push_point_L1_p3o_budget_nosink_by_const_lr1e3ent_d25_s904/anchor	safe_push_point	1	2000	128	25.0	76.15	23.27	12.04	0.93
diag_6297517_4294967294.log	6297517	diag	2026-08-13	1	5988	models/diag_safe_push_point_L1_p3o_budget_nosink_by_const_lr1e3ent_d25_s904/anchor	safe_push_point	1	2000	128	15.0	75.96	18.96	13.47	1.26
diag_6297517_4294967294.log	6297517	diag	2026-08-13	1	5989	models/diag_safe_push_point_L1_p3o_budget_nosink_by_const_lr1e3ent_d25_s904/anchor	safe_push_point	1	2000	128	10.0	74.06	17.39	12.86	1.74
diag_6297517_4294967294.log	6297517	diag	2026-08-13	1	5990	models/diag_safe_push_point_L1_p3o_budget_nosink_by_const_lr1e3ent_d25_s904/anchor	safe_push_point	1	2000	128	5.0	71.38	19.96	13.39	3.99
diag_6297518_4294967294.log	6297518	diag	2026-08-13	1	6473	models/diag_safe_goal_point_L1_p3o_budget_nosink_by_const_padtest_d25_s904/anchor	safe_goal_point	1	1000	128	25.0	35.79	24.22	8.77	0.97
diag_6297518_4294967294.log	6297518	diag	2026-08-13	1	6474	models/diag_safe_goal_point_L1_p3o_budget_nosink_by_const_padtest_d25_s904/anchor	safe_goal_point	1	1000	128	15.0	35.20	24.25	9.02	1.62
diag_6297518_4294967294.log	6297518	diag	2026-08-13	1	6475	models/diag_safe_goal_point_L1_p3o_budget_nosink_by_const_padtest_d25_s904/anchor	safe_goal_point	1	1000	128	10.0	34.95	24.04	9.14	2.40
diag_6297518_4294967294.log	6297518	diag	2026-08-13	1	6476	models/diag_safe_goal_point_L1_p3o_budget_nosink_by_const_padtest_d25_s904/anchor	safe_goal_point	1	1000	128	5.0	35.45	26.09	10.36	5.22
diag_6297519_4294967294.log	6297519	diag	2026-08-13	1	5983	models/diag_safe_push_point_L14_p3o_budget_nosink_by_const_lr1e3ent_d5_s905/anchor	safe_push_point	14	2000	128	25.0	39.69	32.52	10.27	1.30
diag_6297519_4294967294.log	6297519	diag	2026-08-13	1	5984	models/diag_safe_push_point_L14_p3o_budget_nosink_by_const_lr1e3ent_d5_s905/anchor	safe_push_point	14	2000	128	15.0	41.58	14.81	5.26	0.99
diag_6297519_4294967294.log	6297519	diag	2026-08-13	1	5985	models/diag_safe_push_point_L14_p3o_budget_nosink_by_const_lr1e3ent_d5_s905/anchor	safe_push_point	14	2000	128	10.0	39.85	8.61	5.71	0.86
diag_6297519_4294967294.log	6297519	diag	2026-08-13	1	5986	models/diag_safe_push_point_L14_p3o_budget_nosink_by_const_lr1e3ent_d5_s905/anchor	safe_push_point	14	2000	128	5.0	34.36	4.22	4.49	0.84
diag_6297520_4294967294.log	6297520	diag	2026-08-13	1	5983	models/diag_safe_push_point_L14_p3o_budget_nosink_by_const_lr1e3ent_d15_s905/anchor	safe_push_point	14	2000	128	25.0	63.58	23.20	8.06	0.93
diag_6297520_4294967294.log	6297520	diag	2026-08-13	1	5984	models/diag_safe_push_point_L14_p3o_budget_nosink_by_const_lr1e3ent_d15_s905/anchor	safe_push_point	14	2000	128	15.0	61.33	12.62	7.58	0.84
diag_6297520_4294967294.log	6297520	diag	2026-08-13	1	5985	models/diag_safe_push_point_L14_p3o_budget_nosink_by_const_lr1e3ent_d15_s905/anchor	safe_push_point	14	2000	128	10.0	58.50	11.29	7.82	1.13
diag_6297520_4294967294.log	6297520	diag	2026-08-13	1	5986	models/diag_safe_push_point_L14_p3o_budget_nosink_by_const_lr1e3ent_d15_s905/anchor	safe_push_point	14	2000	128	5.0	54.00	9.71	8.55	1.94
diag_6297521_4294967294.log	6297521	diag	2026-08-13	1	5983	models/diag_safe_push_point_L14_p3o_budget_nosink_by_const_lr1e3ent_d25_s905/anchor	safe_push_point	14	2000	128	25.0	62.84	25.33	12.59	1.01
diag_6297521_4294967294.log	6297521	diag	2026-08-13	1	5984	models/diag_safe_push_point_L14_p3o_budget_nosink_by_const_lr1e3ent_d25_s905/anchor	safe_push_point	14	2000	128	15.0	58.71	19.67	10.03	1.31
diag_6297521_4294967294.log	6297521	diag	2026-08-13	1	5985	models/diag_safe_push_point_L14_p3o_budget_nosink_by_const_lr1e3ent_d25_s905/anchor	safe_push_point	14	2000	128	10.0	56.36	18.86	11.38	1.89
diag_6297521_4294967294.log	6297521	diag	2026-08-13	1	5986	models/diag_safe_push_point_L14_p3o_budget_nosink_by_const_lr1e3ent_d25_s905/anchor	safe_push_point	14	2000	128	5.0	52.09	16.08	9.24	3.22
diag_6297522_4294967294.log	6297522	diag	2026-08-13	1	5982	models/diag_safe_push_point_L16_p3o_budget_nosink_by_const_lr1e3ent_d25_s905/anchor	safe_push_point	16	2000	128	25.0	59.71	24.66	9.89	0.99
diag_6297522_4294967294.log	6297522	diag	2026-08-13	1	5983	models/diag_safe_push_point_L16_p3o_budget_nosink_by_const_lr1e3ent_d25_s905/anchor	safe_push_point	16	2000	128	15.0	56.41	16.91	8.45	1.13
diag_6297522_4294967294.log	6297522	diag	2026-08-13	1	5984	models/diag_safe_push_point_L16_p3o_budget_nosink_by_const_lr1e3ent_d25_s905/anchor	safe_push_point	16	2000	128	10.0	52.83	16.30	9.51	1.63
diag_6297522_4294967294.log	6297522	diag	2026-08-13	1	5985	models/diag_safe_push_point_L16_p3o_budget_nosink_by_const_lr1e3ent_d25_s905/anchor	safe_push_point	16	2000	128	5.0	46.99	15.18	13.04	3.04
diag_6297523_4294967294.log	6297523	diag	2026-08-13	1	5986	models/diag_safe_push_point_L1_p3o_budget_nosink_by_const_lr1e3ent_d25_s905/anchor	safe_push_point	1	2000	128	25.0	76.13	22.01	15.56	0.88
diag_6297523_4294967294.log	6297523	diag	2026-08-13	1	5987	models/diag_safe_push_point_L1_p3o_budget_nosink_by_const_lr1e3ent_d25_s905/anchor	safe_push_point	1	2000	128	15.0	73.53	17.88	13.02	1.19
diag_6297523_4294967294.log	6297523	diag	2026-08-13	1	5988	models/diag_safe_push_point_L1_p3o_budget_nosink_by_const_lr1e3ent_d25_s905/anchor	safe_push_point	1	2000	128	10.0	71.62	16.87	13.85	1.69
diag_6297523_4294967294.log	6297523	diag	2026-08-13	1	5989	models/diag_safe_push_point_L1_p3o_budget_nosink_by_const_lr1e3ent_d25_s905/anchor	safe_push_point	1	2000	128	5.0	68.43	18.43	14.72	3.69
diag_6297524_4294967294.log	6297524	diag	2026-08-13	1	6477	models/diag_safe_goal_point_L1_p3o_budget_nosink_by_const_padtest_d25_s905/anchor	safe_goal_point	1	1000	128	25.0	35.55	25.83	9.35	1.03
diag_6297524_4294967294.log	6297524	diag	2026-08-13	1	6478	models/diag_safe_goal_point_L1_p3o_budget_nosink_by_const_padtest_d25_s905/anchor	safe_goal_point	1	1000	128	15.0	35.30	25.74	10.21	1.72
diag_6297524_4294967294.log	6297524	diag	2026-08-13	1	6479	models/diag_safe_goal_point_L1_p3o_budget_nosink_by_const_padtest_d25_s905/anchor	safe_goal_point	1	1000	128	10.0	35.38	28.43	10.33	2.84
diag_6297524_4294967294.log	6297524	diag	2026-08-13	1	6480	models/diag_safe_goal_point_L1_p3o_budget_nosink_by_const_padtest_d25_s905/anchor	safe_goal_point	1	1000	128	5.0	35.43	30.46	9.98	6.09
diag_6299027_4294967294.log	6299027	diag	2026-08-13	1	5983	models/diag_safe_push_point_L14_p3o_budget_nosink_by_const_lr1e3ent_d5_s901/anchor	safe_push_point	14	2000	128	25.0	30.45	23.99	5.94	0.96
diag_6299027_4294967294.log	6299027	diag	2026-08-13	1	5984	models/diag_safe_push_point_L14_p3o_budget_nosink_by_const_lr1e3ent_d5_s901/anchor	safe_push_point	14	2000	128	15.0	34.41	11.58	5.00	0.77
diag_6299027_4294967294.log	6299027	diag	2026-08-13	1	5985	models/diag_safe_push_point_L14_p3o_budget_nosink_by_const_lr1e3ent_d5_s901/anchor	safe_push_point	14	2000	128	10.0	32.38	7.48	5.37	0.75
diag_6299027_4294967294.log	6299027	diag	2026-08-13	1	5986	models/diag_safe_push_point_L14_p3o_budget_nosink_by_const_lr1e3ent_d5_s901/anchor	safe_push_point	14	2000	128	5.0	28.61	4.38	3.78	0.88
diag_6299028_4294967294.log	6299028	diag	2026-08-13	1	5982	models/diag_safe_push_point_L14_p3o_budget_nosink_by_const_lr1e3ent_d15_s901/anchor	safe_push_point	14	2000	128	25.0	49.89	22.18	9.94	0.89
diag_6299028_4294967294.log	6299028	diag	2026-08-13	1	5983	models/diag_safe_push_point_L14_p3o_budget_nosink_by_const_lr1e3ent_d15_s901/anchor	safe_push_point	14	2000	128	15.0	50.31	12.81	7.03	0.85
diag_6299028_4294967294.log	6299028	diag	2026-08-13	1	5984	models/diag_safe_push_point_L14_p3o_budget_nosink_by_const_lr1e3ent_d15_s901/anchor	safe_push_point	14	2000	128	10.0	47.80	12.73	9.16	1.27
diag_6299028_4294967294.log	6299028	diag	2026-08-13	1	5985	models/diag_safe_push_point_L14_p3o_budget_nosink_by_const_lr1e3ent_d15_s901/anchor	safe_push_point	14	2000	128	5.0	43.58	9.60	5.88	1.92
diag_6299029_4294967294.log	6299029	diag	2026-08-13	1	5983	models/diag_safe_push_point_L14_p3o_budget_nosink_by_const_lr1e3ent_d25_s901/anchor	safe_push_point	14	2000	128	25.0	52.83	22.70	10.26	0.91
diag_6299029_4294967294.log	6299029	diag	2026-08-13	1	5984	models/diag_safe_push_point_L14_p3o_budget_nosink_by_const_lr1e3ent_d25_s901/anchor	safe_push_point	14	2000	128	15.0	48.46	17.59	10.36	1.17
diag_6299029_4294967294.log	6299029	diag	2026-08-13	1	5985	models/diag_safe_push_point_L14_p3o_budget_nosink_by_const_lr1e3ent_d25_s901/anchor	safe_push_point	14	2000	128	10.0	44.68	19.31	12.86	1.93
diag_6299029_4294967294.log	6299029	diag	2026-08-13	1	5986	models/diag_safe_push_point_L14_p3o_budget_nosink_by_const_lr1e3ent_d25_s901/anchor	safe_push_point	14	2000	128	5.0	41.53	16.13	9.76	3.23
diag_6299030_4294967294.log	6299030	diag	2026-08-13	1	5987	models/diag_safe_push_point_L16_p3o_budget_nosink_by_const_lr1e3ent_d25_s901/anchor	safe_push_point	16	2000	128	25.0	52.00	23.20	8.94	0.93
diag_6299030_4294967294.log	6299030	diag	2026-08-13	1	5988	models/diag_safe_push_point_L16_p3o_budget_nosink_by_const_lr1e3ent_d25_s901/anchor	safe_push_point	16	2000	128	15.0	47.78	17.15	8.48	1.14
diag_6299030_4294967294.log	6299030	diag	2026-08-13	1	5989	models/diag_safe_push_point_L16_p3o_budget_nosink_by_const_lr1e3ent_d25_s901/anchor	safe_push_point	16	2000	128	10.0	44.13	13.45	6.89	1.34
diag_6299030_4294967294.log	6299030	diag	2026-08-13	1	5990	models/diag_safe_push_point_L16_p3o_budget_nosink_by_const_lr1e3ent_d25_s901/anchor	safe_push_point	16	2000	128	5.0	38.67	13.72	7.74	2.74
diag_6299031_4294967294.log	6299031	diag	2026-08-13	1	5986	models/diag_safe_push_point_L1_p3o_budget_nosink_by_const_lr1e3ent_d25_s901/anchor	safe_push_point	1	2000	128	25.0	75.11	26.27	17.08	1.05
diag_6299031_4294967294.log	6299031	diag	2026-08-13	1	5987	models/diag_safe_push_point_L1_p3o_budget_nosink_by_const_lr1e3ent_d25_s901/anchor	safe_push_point	1	2000	128	15.0	73.08	20.50	13.05	1.37
diag_6299031_4294967294.log	6299031	diag	2026-08-13	1	5988	models/diag_safe_push_point_L1_p3o_budget_nosink_by_const_lr1e3ent_d25_s901/anchor	safe_push_point	1	2000	128	10.0	71.31	22.65	14.44	2.26
diag_6299031_4294967294.log	6299031	diag	2026-08-13	1	5989	models/diag_safe_push_point_L1_p3o_budget_nosink_by_const_lr1e3ent_d25_s901/anchor	safe_push_point	1	2000	128	5.0	67.89	21.03	13.18	4.21
diag_6299032_4294967294.log	6299032	diag	2026-08-13	1	6477	models/diag_safe_goal_point_L1_p3o_budget_nosink_by_const_padtest_d25_s901/anchor	safe_goal_point	1	1000	128	25.0	35.30	22.42	8.43	0.90
diag_6299032_4294967294.log	6299032	diag	2026-08-13	1	6478	models/diag_safe_goal_point_L1_p3o_budget_nosink_by_const_padtest_d25_s901/anchor	safe_goal_point	1	1000	128	15.0	35.16	22.43	8.65	1.50
diag_6299032_4294967294.log	6299032	diag	2026-08-13	1	6479	models/diag_safe_goal_point_L1_p3o_budget_nosink_by_const_padtest_d25_s901/anchor	safe_goal_point	1	1000	128	10.0	34.90	23.75	9.91	2.37
diag_6299032_4294967294.log	6299032	diag	2026-08-13	1	6480	models/diag_safe_goal_point_L1_p3o_budget_nosink_by_const_padtest_d25_s901/anchor	safe_goal_point	1	1000	128	5.0	34.93	25.93	9.63	5.19
diag_6299033_4294967294.log	6299033	diag	2026-08-13	1	5986	models/diag_safe_push_point_L14_p3o_budget_nosink_by_const_lr1e3ent_d5_s902/anchor	safe_push_point	14	2000	128	25.0	27.63	21.53	6.88	0.86
diag_6299033_4294967294.log	6299033	diag	2026-08-13	1	5987	models/diag_safe_push_point_L14_p3o_budget_nosink_by_const_lr1e3ent_d5_s902/anchor	safe_push_point	14	2000	128	15.0	37.68	10.41	6.56	0.69
diag_6299033_4294967294.log	6299033	diag	2026-08-13	1	5988	models/diag_safe_push_point_L14_p3o_budget_nosink_by_const_lr1e3ent_d5_s902/anchor	safe_push_point	14	2000	128	10.0	37.85	6.06	4.94	0.61
diag_6299033_4294967294.log	6299033	diag	2026-08-13	1	5989	models/diag_safe_push_point_L14_p3o_budget_nosink_by_const_lr1e3ent_d5_s902/anchor	safe_push_point	14	2000	128	5.0	32.22	3.59	5.48	0.72
diag_6299034_4294967294.log	6299034	diag	2026-08-13	1	5986	models/diag_safe_push_point_L14_p3o_budget_nosink_by_const_lr1e3ent_d15_s902/anchor	safe_push_point	14	2000	128	25.0	59.22	25.44	9.40	1.02
diag_6299034_4294967294.log	6299034	diag	2026-08-13	1	5987	models/diag_safe_push_point_L14_p3o_budget_nosink_by_const_lr1e3ent_d15_s902/anchor	safe_push_point	14	2000	128	15.0	57.68	15.23	8.38	1.02
diag_6299034_4294967294.log	6299034	diag	2026-08-13	1	5988	models/diag_safe_push_point_L14_p3o_budget_nosink_by_const_lr1e3ent_d15_s902/anchor	safe_push_point	14	2000	128	10.0	54.95	12.35	9.43	1.24
diag_6299034_4294967294.log	6299034	diag	2026-08-13	1	5989	models/diag_safe_push_point_L14_p3o_budget_nosink_by_const_lr1e3ent_d15_s902/anchor	safe_push_point	14	2000	128	5.0	51.00	10.58	8.57	2.12
diag_6299035_4294967294.log	6299035	diag	2026-08-13	1	5987	models/diag_safe_push_point_L14_p3o_budget_nosink_by_const_lr1e3ent_d25_s902/anchor	safe_push_point	14	2000	128	25.0	62.74	21.19	9.90	0.85
diag_6299035_4294967294.log	6299035	diag	2026-08-13	1	5988	models/diag_safe_push_point_L14_p3o_budget_nosink_by_const_lr1e3ent_d25_s902/anchor	safe_push_point	14	2000	128	15.0	56.98	17.74	10.32	1.18
diag_6299035_4294967294.log	6299035	diag	2026-08-13	1	5989	models/diag_safe_push_point_L14_p3o_budget_nosink_by_const_lr1e3ent_d25_s902/anchor	safe_push_point	14	2000	128	10.0	51.42	14.13	9.56	1.41
diag_6299035_4294967294.log	6299035	diag	2026-08-13	1	5990	models/diag_safe_push_point_L14_p3o_budget_nosink_by_const_lr1e3ent_d25_s902/anchor	safe_push_point	14	2000	128	5.0	46.22	14.27	8.16	2.85
diag_6299036_4294967294.log	6299036	diag	2026-08-13	1	5987	models/diag_safe_push_point_L16_p3o_budget_nosink_by_const_lr1e3ent_d25_s902/anchor	safe_push_point	16	2000	128	25.0	50.51	22.23	8.57	0.89
diag_6299036_4294967294.log	6299036	diag	2026-08-13	1	5988	models/diag_safe_push_point_L16_p3o_budget_nosink_by_const_lr1e3ent_d25_s902/anchor	safe_push_point	16	2000	128	15.0	47.06	17.28	8.70	1.15
diag_6299036_4294967294.log	6299036	diag	2026-08-13	1	5989	models/diag_safe_push_point_L16_p3o_budget_nosink_by_const_lr1e3ent_d25_s902/anchor	safe_push_point	16	2000	128	10.0	44.85	19.58	11.11	1.96
diag_6299036_4294967294.log	6299036	diag	2026-08-13	1	5990	models/diag_safe_push_point_L16_p3o_budget_nosink_by_const_lr1e3ent_d25_s902/anchor	safe_push_point	16	2000	128	5.0	42.30	16.66	8.72	3.33
diag_6299037_4294967294.log	6299037	diag	2026-08-13	1	5987	models/diag_safe_push_point_L1_p3o_budget_nosink_by_const_lr1e3ent_d25_s902/anchor	safe_push_point	1	2000	128	25.0	86.09	25.36	14.31	1.01
diag_6299037_4294967294.log	6299037	diag	2026-08-13	1	5988	models/diag_safe_push_point_L1_p3o_budget_nosink_by_const_lr1e3ent_d25_s902/anchor	safe_push_point	1	2000	128	15.0	85.82	23.05	12.76	1.54
diag_6299037_4294967294.log	6299037	diag	2026-08-13	1	5989	models/diag_safe_push_point_L1_p3o_budget_nosink_by_const_lr1e3ent_d25_s902/anchor	safe_push_point	1	2000	128	10.0	86.10	24.46	13.61	2.45
diag_6299037_4294967294.log	6299037	diag	2026-08-13	1	5990	models/diag_safe_push_point_L1_p3o_budget_nosink_by_const_lr1e3ent_d25_s902/anchor	safe_push_point	1	2000	128	5.0	84.86	24.48	14.11	4.90
diag_6299038_4294967294.log	6299038	diag	2026-08-13	1	6473	models/diag_safe_goal_point_L1_p3o_budget_nosink_by_const_padtest_d25_s902/anchor	safe_goal_point	1	1000	128	25.0	35.16	22.31	10.22	0.89
diag_6299038_4294967294.log	6299038	diag	2026-08-13	1	6474	models/diag_safe_goal_point_L1_p3o_budget_nosink_by_const_padtest_d25_s902/anchor	safe_goal_point	1	1000	128	15.0	34.97	21.94	8.87	1.46
diag_6299038_4294967294.log	6299038	diag	2026-08-13	1	6475	models/diag_safe_goal_point_L1_p3o_budget_nosink_by_const_padtest_d25_s902/anchor	safe_goal_point	1	1000	128	10.0	34.59	22.29	9.83	2.23
diag_6299038_4294967294.log	6299038	diag	2026-08-13	1	6476	models/diag_safe_goal_point_L1_p3o_budget_nosink_by_const_padtest_d25_s902/anchor	safe_goal_point	1	1000	128	5.0	34.88	22.98	9.63	4.60
diag_6299039_4294967294.log	6299039	diag	2026-08-13	1	5987	models/diag_safe_push_point_L14_p3o_budget_nosink_by_const_lr1e3ent_d5_s903/anchor	safe_push_point	14	2000	128	25.0	32.56	63.34	36.92	2.53
diag_6299039_4294967294.log	6299039	diag	2026-08-13	1	5988	models/diag_safe_push_point_L14_p3o_budget_nosink_by_const_lr1e3ent_d5_s903/anchor	safe_push_point	14	2000	128	15.0	35.30	23.27	9.15	1.55
diag_6299039_4294967294.log	6299039	diag	2026-08-13	1	5989	models/diag_safe_push_point_L14_p3o_budget_nosink_by_const_lr1e3ent_d5_s903/anchor	safe_push_point	14	2000	128	10.0	34.39	13.07	9.13	1.31
diag_6299039_4294967294.log	6299039	diag	2026-08-13	1	5990	models/diag_safe_push_point_L14_p3o_budget_nosink_by_const_lr1e3ent_d5_s903/anchor	safe_push_point	14	2000	128	5.0	31.81	5.22	5.98	1.04
diag_6299040_4294967294.log	6299040	diag	2026-08-13	1	5987	models/diag_safe_push_point_L14_p3o_budget_nosink_by_const_lr1e3ent_d15_s903/anchor	safe_push_point	14	2000	128	25.0	59.32	19.69	8.71	0.79
diag_6299040_4294967294.log	6299040	diag	2026-08-13	1	5988	models/diag_safe_push_point_L14_p3o_budget_nosink_by_const_lr1e3ent_d15_s903/anchor	safe_push_point	14	2000	128	15.0	57.21	13.43	7.92	0.90
diag_6299040_4294967294.log	6299040	diag	2026-08-13	1	5989	models/diag_safe_push_point_L14_p3o_budget_nosink_by_const_lr1e3ent_d15_s903/anchor	safe_push_point	14	2000	128	10.0	56.55	13.15	9.92	1.32
diag_6299040_4294967294.log	6299040	diag	2026-08-13	1	5990	models/diag_safe_push_point_L14_p3o_budget_nosink_by_const_lr1e3ent_d15_s903/anchor	safe_push_point	14	2000	128	5.0	53.78	10.49	7.10	2.10
diag_6299041_4294967294.log	6299041	diag	2026-08-13	1	5987	models/diag_safe_push_point_L14_p3o_budget_nosink_by_const_lr1e3ent_d25_s903/anchor	safe_push_point	14	2000	128	25.0	64.18	27.05	10.81	1.08
diag_6299041_4294967294.log	6299041	diag	2026-08-13	1	5988	models/diag_safe_push_point_L14_p3o_budget_nosink_by_const_lr1e3ent_d25_s903/anchor	safe_push_point	14	2000	128	15.0	59.81	22.37	11.42	1.49
diag_6299041_4294967294.log	6299041	diag	2026-08-13	1	5989	models/diag_safe_push_point_L14_p3o_budget_nosink_by_const_lr1e3ent_d25_s903/anchor	safe_push_point	14	2000	128	10.0	57.04	20.47	11.16	2.05
diag_6299041_4294967294.log	6299041	diag	2026-08-13	1	5990	models/diag_safe_push_point_L14_p3o_budget_nosink_by_const_lr1e3ent_d25_s903/anchor	safe_push_point	14	2000	128	5.0	51.16	21.92	13.08	4.38
diag_6299042_4294967294.log	6299042	diag	2026-08-13	1	5986	models/diag_safe_push_point_L16_p3o_budget_nosink_by_const_lr1e3ent_d25_s903/anchor	safe_push_point	16	2000	128	25.0	64.45	23.76	8.47	0.95
diag_6299042_4294967294.log	6299042	diag	2026-08-13	1	5987	models/diag_safe_push_point_L16_p3o_budget_nosink_by_const_lr1e3ent_d25_s903/anchor	safe_push_point	16	2000	128	15.0	60.85	18.44	8.55	1.23
diag_6299042_4294967294.log	6299042	diag	2026-08-13	1	5988	models/diag_safe_push_point_L16_p3o_budget_nosink_by_const_lr1e3ent_d25_s903/anchor	safe_push_point	16	2000	128	10.0	57.70	18.74	11.19	1.87
diag_6299042_4294967294.log	6299042	diag	2026-08-13	1	5989	models/diag_safe_push_point_L16_p3o_budget_nosink_by_const_lr1e3ent_d25_s903/anchor	safe_push_point	16	2000	128	5.0	53.46	17.20	9.96	3.44
diag_6299043_4294967294.log	6299043	diag	2026-08-14	1	5983	models/diag_safe_push_point_L1_p3o_budget_nosink_by_const_lr1e3ent_d25_s903/anchor	safe_push_point	1	2000	128	25.0	86.50	25.25	12.49	1.01
diag_6299043_4294967294.log	6299043	diag	2026-08-14	1	5984	models/diag_safe_push_point_L1_p3o_budget_nosink_by_const_lr1e3ent_d25_s903/anchor	safe_push_point	1	2000	128	15.0	86.18	23.10	13.08	1.54
diag_6299043_4294967294.log	6299043	diag	2026-08-14	1	5985	models/diag_safe_push_point_L1_p3o_budget_nosink_by_const_lr1e3ent_d25_s903/anchor	safe_push_point	1	2000	128	10.0	85.46	24.76	12.77	2.48
diag_6299043_4294967294.log	6299043	diag	2026-08-14	1	5986	models/diag_safe_push_point_L1_p3o_budget_nosink_by_const_lr1e3ent_d25_s903/anchor	safe_push_point	1	2000	128	5.0	84.66	24.14	14.05	4.83
diag_6299044_4294967294.log	6299044	diag	2026-08-13	1	6473	models/diag_safe_goal_point_L1_p3o_budget_nosink_by_const_padtest_d25_s903/anchor	safe_goal_point	1	1000	128	25.0	35.39	24.83	9.56	0.99
diag_6299044_4294967294.log	6299044	diag	2026-08-13	1	6474	models/diag_safe_goal_point_L1_p3o_budget_nosink_by_const_padtest_d25_s903/anchor	safe_goal_point	1	1000	128	15.0	35.38	26.21	8.96	1.75
diag_6299044_4294967294.log	6299044	diag	2026-08-13	1	6475	models/diag_safe_goal_point_L1_p3o_budget_nosink_by_const_padtest_d25_s903/anchor	safe_goal_point	1	1000	128	10.0	35.65	28.23	10.29	2.82
diag_6299044_4294967294.log	6299044	diag	2026-08-13	1	6476	models/diag_safe_goal_point_L1_p3o_budget_nosink_by_const_padtest_d25_s903/anchor	safe_goal_point	1	1000	128	5.0	35.27	28.06	10.95	5.61
diag_6304536_4294967294.log	6304536	diag	2026-08-15	1	5983	models/diag_safe_push_point_L14_p3o_budget_nosink_by_threshold_bt_d5_s901/anchor	safe_push_point	14	2000	128	25.0	30.37	16.07	7.73	0.64
diag_6304536_4294967294.log	6304536	diag	2026-08-15	1	5984	models/diag_safe_push_point_L14_p3o_budget_nosink_by_threshold_bt_d5_s901/anchor	safe_push_point	14	2000	128	15.0	31.69	9.71	7.80	0.65
diag_6304536_4294967294.log	6304536	diag	2026-08-15	1	5985	models/diag_safe_push_point_L14_p3o_budget_nosink_by_threshold_bt_d5_s901/anchor	safe_push_point	14	2000	128	10.0	31.49	11.46	52.78	1.15
diag_6304536_4294967294.log	6304536	diag	2026-08-15	1	5986	models/diag_safe_push_point_L14_p3o_budget_nosink_by_threshold_bt_d5_s901/anchor	safe_push_point	14	2000	128	5.0	30.81	4.39	4.36	0.88
diag_6304537_4294967294.log	6304537	diag	2026-08-15	1	5983	models/diag_safe_push_point_L14_p3o_budget_nosink_by_threshold_bt_d25_s901/anchor	safe_push_point	14	2000	128	25.0	53.32	25.50	8.30	1.02
diag_6304537_4294967294.log	6304537	diag	2026-08-15	1	5984	models/diag_safe_push_point_L14_p3o_budget_nosink_by_threshold_bt_d25_s901/anchor	safe_push_point	14	2000	128	15.0	50.44	21.91	9.91	1.46
diag_6304537_4294967294.log	6304537	diag	2026-08-15	1	5985	models/diag_safe_push_point_L14_p3o_budget_nosink_by_threshold_bt_d25_s901/anchor	safe_push_point	14	2000	128	10.0	47.81	21.16	11.67	2.12
diag_6304537_4294967294.log	6304537	diag	2026-08-15	1	5986	models/diag_safe_push_point_L14_p3o_budget_nosink_by_threshold_bt_d25_s901/anchor	safe_push_point	14	2000	128	5.0	44.56	19.82	8.75	3.96
diag_6304538_4294967294.log	6304538	diag	2026-08-15	1	5983	models/diag_safe_push_point_L14_p3o_budget_nosink_by_threshold_bt_d5_s903/anchor	safe_push_point	14	2000	128	25.0	23.21	20.30	52.48	0.81
diag_6304538_4294967294.log	6304538	diag	2026-08-15	1	5984	models/diag_safe_push_point_L14_p3o_budget_nosink_by_threshold_bt_d5_s903/anchor	safe_push_point	14	2000	128	15.0	27.70	11.16	27.88	0.74
diag_6304538_4294967294.log	6304538	diag	2026-08-15	1	5985	models/diag_safe_push_point_L14_p3o_budget_nosink_by_threshold_bt_d5_s903/anchor	safe_push_point	14	2000	128	10.0	27.70	5.19	5.51	0.52
diag_6304538_4294967294.log	6304538	diag	2026-08-15	1	5986	models/diag_safe_push_point_L14_p3o_budget_nosink_by_threshold_bt_d5_s903/anchor	safe_push_point	14	2000	128	5.0	28.16	3.04	3.57	0.61
diag_6304539_4294967294.log	6304539	diag	2026-08-15	1	5983	models/diag_safe_push_point_L14_p3o_budget_nosink_by_threshold_bt_d25_s903/anchor	safe_push_point	14	2000	128	25.0	53.37	20.43	9.07	0.82
diag_6304539_4294967294.log	6304539	diag	2026-08-15	1	5984	models/diag_safe_push_point_L14_p3o_budget_nosink_by_threshold_bt_d25_s903/anchor	safe_push_point	14	2000	128	15.0	47.90	17.99	9.32	1.20
diag_6304539_4294967294.log	6304539	diag	2026-08-15	1	5985	models/diag_safe_push_point_L14_p3o_budget_nosink_by_threshold_bt_d25_s903/anchor	safe_push_point	14	2000	128	10.0	43.06	16.91	10.60	1.69
diag_6304539_4294967294.log	6304539	diag	2026-08-15	1	5986	models/diag_safe_push_point_L14_p3o_budget_nosink_by_threshold_bt_d25_s903/anchor	safe_push_point	14	2000	128	5.0	38.43	14.90	10.09	2.98
diag_6310250_4294967294.log	6310250	diag	2026-08-17	1	5983	models/diag_safe_push_point_L14_p3o_budget_nosink_by_const_lr1e3ent_d10_s901/anchor	safe_push_point	14	2000	128	25.0	45.66	27.76	8.39	1.11
diag_6310250_4294967294.log	6310250	diag	2026-08-17	1	5984	models/diag_safe_push_point_L14_p3o_budget_nosink_by_const_lr1e3ent_d10_s901/anchor	safe_push_point	14	2000	128	15.0	47.44	12.59	6.15	0.84
diag_6310250_4294967294.log	6310250	diag	2026-08-17	1	5985	models/diag_safe_push_point_L14_p3o_budget_nosink_by_const_lr1e3ent_d10_s901/anchor	safe_push_point	14	2000	128	10.0	46.60	9.32	6.62	0.93
diag_6310250_4294967294.log	6310250	diag	2026-08-17	1	5986	models/diag_safe_push_point_L14_p3o_budget_nosink_by_const_lr1e3ent_d10_s901/anchor	safe_push_point	14	2000	128	5.0	43.26	7.32	5.59	1.46
diag_6310251_4294967294.log	6310251	diag	2026-08-17	1	5987	models/diag_safe_push_point_L14_p3o_budget_nosink_by_const_lr1e3ent_d10_s903/anchor	safe_push_point	14	2000	128	25.0	53.03	28.85	9.16	1.15
diag_6310251_4294967294.log	6310251	diag	2026-08-17	1	5988	models/diag_safe_push_point_L14_p3o_budget_nosink_by_const_lr1e3ent_d10_s903/anchor	safe_push_point	14	2000	128	15.0	51.77	12.44	7.41	0.83
diag_6310251_4294967294.log	6310251	diag	2026-08-17	1	5989	models/diag_safe_push_point_L14_p3o_budget_nosink_by_const_lr1e3ent_d10_s903/anchor	safe_push_point	14	2000	128	10.0	49.71	9.05	7.17	0.90
diag_6310251_4294967294.log	6310251	diag	2026-08-17	1	5990	models/diag_safe_push_point_L14_p3o_budget_nosink_by_const_lr1e3ent_d10_s903/anchor	safe_push_point	14	2000	128	5.0	46.01	6.91	6.53	1.38
diag_6310252_4294967294.log	6310252	diag	2026-08-17	1	5983	models/diag_safe_push_point_L14_p3o_budget_nosink_by_const_lr1e3ent_d10_s904/anchor	safe_push_point	14	2000	128	25.0	46.33	30.83	10.39	1.23
diag_6310252_4294967294.log	6310252	diag	2026-08-17	1	5984	models/diag_safe_push_point_L14_p3o_budget_nosink_by_const_lr1e3ent_d10_s904/anchor	safe_push_point	14	2000	128	15.0	47.20	11.17	5.57	0.74
diag_6310252_4294967294.log	6310252	diag	2026-08-17	1	5985	models/diag_safe_push_point_L14_p3o_budget_nosink_by_const_lr1e3ent_d10_s904/anchor	safe_push_point	14	2000	128	10.0	45.17	9.19	6.84	0.92
diag_6310252_4294967294.log	6310252	diag	2026-08-17	1	5986	models/diag_safe_push_point_L14_p3o_budget_nosink_by_const_lr1e3ent_d10_s904/anchor	safe_push_point	14	2000	128	5.0	42.66	6.28	6.86	1.26
diag_6314467_4294967294.log	6314467	diag	2026-08-18	1	5982	models/diag_safe_push_point_L14_p3o_budget_nosink_by_const_lr1e3ent_d10_s902/anchor	safe_push_point	14	2000	128	25.0	49.58	22.05	7.78	0.88
diag_6314467_4294967294.log	6314467	diag	2026-08-18	1	5983	models/diag_safe_push_point_L14_p3o_budget_nosink_by_const_lr1e3ent_d10_s902/anchor	safe_push_point	14	2000	128	15.0	51.18	12.37	6.81	0.82
diag_6314467_4294967294.log	6314467	diag	2026-08-18	1	5984	models/diag_safe_push_point_L14_p3o_budget_nosink_by_const_lr1e3ent_d10_s902/anchor	safe_push_point	14	2000	128	10.0	50.20	10.41	8.11	1.04
diag_6314467_4294967294.log	6314467	diag	2026-08-18	1	5985	models/diag_safe_push_point_L14_p3o_budget_nosink_by_const_lr1e3ent_d10_s902/anchor	safe_push_point	14	2000	128	5.0	49.09	9.29	6.37	1.86
diag_6314468_4294967294.log	6314468	diag	2026-08-18	1	5987	models/diag_safe_push_point_L14_p3o_budget_nosink_by_const_lr1e3ent_d10_s905/anchor	safe_push_point	14	2000	128	25.0	55.79	21.01	9.57	0.84
diag_6314468_4294967294.log	6314468	diag	2026-08-18	1	5988	models/diag_safe_push_point_L14_p3o_budget_nosink_by_const_lr1e3ent_d10_s905/anchor	safe_push_point	14	2000	128	15.0	54.68	10.49	5.95	0.70
diag_6314468_4294967294.log	6314468	diag	2026-08-18	1	5989	models/diag_safe_push_point_L14_p3o_budget_nosink_by_const_lr1e3ent_d10_s905/anchor	safe_push_point	14	2000	128	10.0	52.49	10.51	7.18	1.05
diag_6314468_4294967294.log	6314468	diag	2026-08-18	1	5990	models/diag_safe_push_point_L14_p3o_budget_nosink_by_const_lr1e3ent_d10_s905/anchor	safe_push_point	14	2000	128	5.0	49.61	7.46	6.02	1.49
evtest_6293500.log	6293500	evtest	2026-08-11	1	13	models/diag_safe_push_point_L14_p3o_budget_nosink_by_const_lr1e3ent_d5_s901/anchor	safe_goal_point	1	1000	128	25.0	0.03	32.92	105.35	1.32
evtest_6293500.log	6293500	evtest	2026-08-11	1	14	models/diag_safe_push_point_L14_p3o_budget_nosink_by_const_lr1e3ent_d5_s901/anchor	safe_goal_point	1	1000	128	5.0	0.01	27.52	75.34	5.50
evtest_6293505.log	6293505	evtest	2026-08-11	1	13	models/diag_safe_goal_point_L1_p3o_budget_nosink_by_const_padtest_d5_s901/anchor	safe_goal_point	1	1000	128	25.0	32.25	14.24	5.64	0.57
evtest_6293505.log	6293505	evtest	2026-08-11	1	14	models/diag_safe_goal_point_L1_p3o_budget_nosink_by_const_padtest_d5_s901/anchor	safe_goal_point	1	1000	128	5.0	33.73	5.63	4.65	1.13
phase2_6244745.log	6244745	phase2	2026-07-31	1	5984	models/cl_safe_push_point_L1_by_threshold_d5to25_naive_s901/final	safe_push_point	1	2000	128	25.0	71.11	25.09	13.98	1.00
phase2_6244745.log	6244745	phase2	2026-07-31	1	5985	models/cl_safe_push_point_L1_by_threshold_d5to25_naive_s901/final	safe_push_point	1	2000	128	15.0	69.09	21.55	14.83	1.44
phase2_6244745.log	6244745	phase2	2026-07-31	1	5986	models/cl_safe_push_point_L1_by_threshold_d5to25_naive_s901/final	safe_push_point	1	2000	128	10.0	67.24	22.49	13.45	2.25
phase2_6244745.log	6244745	phase2	2026-07-31	1	5987	models/cl_safe_push_point_L1_by_threshold_d5to25_naive_s901/final	safe_push_point	1	2000	128	5.0	65.21	20.11	12.79	4.02
phase2_6244746.log	6244746	phase2	2026-07-31	1	5985	models/cl_safe_push_point_L1_by_threshold_d5to25_dual_s901/final	safe_push_point	1	2000	128	25.0	13.76	56.24	76.35	2.25
phase2_6244746.log	6244746	phase2	2026-07-31	1	5986	models/cl_safe_push_point_L1_by_threshold_d5to25_dual_s901/final	safe_push_point	1	2000	128	15.0	17.80	32.13	60.69	2.14
phase2_6244746.log	6244746	phase2	2026-07-31	1	5987	models/cl_safe_push_point_L1_by_threshold_d5to25_dual_s901/final	safe_push_point	1	2000	128	10.0	20.02	21.78	39.49	2.18
phase2_6244746.log	6244746	phase2	2026-07-31	1	5988	models/cl_safe_push_point_L1_by_threshold_d5to25_dual_s901/final	safe_push_point	1	2000	128	5.0	26.85	10.17	13.61	2.03
phase2_6244747.log	6244747	phase2	2026-07-31	1	5984	models/cl_safe_push_point_L1_by_threshold_d5to25_naive_s902/final	safe_push_point	1	2000	128	25.0	61.95	27.19	19.47	1.09
phase2_6244747.log	6244747	phase2	2026-07-31	1	5985	models/cl_safe_push_point_L1_by_threshold_d5to25_naive_s902/final	safe_push_point	1	2000	128	15.0	62.14	25.13	17.86	1.68
phase2_6244747.log	6244747	phase2	2026-07-31	1	5986	models/cl_safe_push_point_L1_by_threshold_d5to25_naive_s902/final	safe_push_point	1	2000	128	10.0	62.33	24.72	15.17	2.47
phase2_6244747.log	6244747	phase2	2026-07-31	1	5987	models/cl_safe_push_point_L1_by_threshold_d5to25_naive_s902/final	safe_push_point	1	2000	128	5.0	62.61	22.07	15.40	4.41
phase2_6244748.log	6244748	phase2	2026-07-31	1	5984	models/cl_safe_push_point_L1_by_threshold_d5to25_dual_s902/final	safe_push_point	1	2000	128	25.0	28.24	4.38	6.19	0.18
phase2_6244748.log	6244748	phase2	2026-07-31	1	5985	models/cl_safe_push_point_L1_by_threshold_d5to25_dual_s902/final	safe_push_point	1	2000	128	15.0	28.99	3.12	4.02	0.21
phase2_6244748.log	6244748	phase2	2026-07-31	1	5986	models/cl_safe_push_point_L1_by_threshold_d5to25_dual_s902/final	safe_push_point	1	2000	128	10.0	30.98	4.26	6.49	0.43
phase2_6244748.log	6244748	phase2	2026-07-31	1	5987	models/cl_safe_push_point_L1_by_threshold_d5to25_dual_s902/final	safe_push_point	1	2000	128	5.0	29.75	6.57	32.84	1.31
phase2_6244749.log	6244749	phase2	2026-07-31	1	5986	models/cl_safe_push_point_L1_by_threshold_d5to25_naive_s903/final	safe_push_point	1	2000	128	25.0	80.07	24.32	14.81	0.97
phase2_6244749.log	6244749	phase2	2026-07-31	1	5987	models/cl_safe_push_point_L1_by_threshold_d5to25_naive_s903/final	safe_push_point	1	2000	128	15.0	79.20	18.53	11.60	1.24
phase2_6244749.log	6244749	phase2	2026-07-31	1	5988	models/cl_safe_push_point_L1_by_threshold_d5to25_naive_s903/final	safe_push_point	1	2000	128	10.0	78.45	22.62	13.63	2.26
phase2_6244749.log	6244749	phase2	2026-07-31	1	5989	models/cl_safe_push_point_L1_by_threshold_d5to25_naive_s903/final	safe_push_point	1	2000	128	5.0	77.59	18.26	11.78	3.65
phase2_6244750.log	6244750	phase2	2026-07-31	1	5984	models/cl_safe_push_point_L1_by_threshold_d5to25_dual_s903/final	safe_push_point	1	2000	128	25.0	53.28	8.82	23.00	0.35
phase2_6244750.log	6244750	phase2	2026-07-31	1	5985	models/cl_safe_push_point_L1_by_threshold_d5to25_dual_s903/final	safe_push_point	1	2000	128	15.0	54.44	6.05	9.12	0.40
phase2_6244750.log	6244750	phase2	2026-07-31	1	5986	models/cl_safe_push_point_L1_by_threshold_d5to25_dual_s903/final	safe_push_point	1	2000	128	10.0	55.60	3.39	4.11	0.34
phase2_6244750.log	6244750	phase2	2026-07-31	1	5987	models/cl_safe_push_point_L1_by_threshold_d5to25_dual_s903/final	safe_push_point	1	2000	128	5.0	57.12	3.71	5.55	0.74
phase2_6259228.log	6259228	phase2	2026-08-01	1	5984	models/cl_safe_push_point_L1_by_threshold_d5to25_dual_s901/final	safe_push_point	1	2000	128	25.0	14.31	55.00	75.87	2.20
phase2_6259228.log	6259228	phase2	2026-08-01	1	5985	models/cl_safe_push_point_L1_by_threshold_d5to25_dual_s901/final	safe_push_point	1	2000	128	15.0	18.64	29.23	43.66	1.95
phase2_6259228.log	6259228	phase2	2026-08-01	1	5986	models/cl_safe_push_point_L1_by_threshold_d5to25_dual_s901/final	safe_push_point	1	2000	128	10.0	21.36	16.71	38.75	1.67
phase2_6259228.log	6259228	phase2	2026-08-01	1	5987	models/cl_safe_push_point_L1_by_threshold_d5to25_dual_s901/final	safe_push_point	1	2000	128	5.0	27.53	14.50	35.52	2.90
phase2_6259229.log	6259229	phase2	2026-08-01	1	5984	models/cl_safe_push_point_L1_by_threshold_d5to25_dual_s901/final	safe_push_point	1	2000	128	25.0	14.31	60.06	85.01	2.40
phase2_6259229.log	6259229	phase2	2026-08-01	1	5985	models/cl_safe_push_point_L1_by_threshold_d5to25_dual_s901/final	safe_push_point	1	2000	128	15.0	18.48	33.84	114.28	2.26
phase2_6259229.log	6259229	phase2	2026-08-01	1	5986	models/cl_safe_push_point_L1_by_threshold_d5to25_dual_s901/final	safe_push_point	1	2000	128	10.0	22.23	22.77	50.63	2.28
phase2_6259229.log	6259229	phase2	2026-08-01	1	5987	models/cl_safe_push_point_L1_by_threshold_d5to25_dual_s901/final	safe_push_point	1	2000	128	5.0	27.92	15.45	45.69	3.09
phase2_6259237.log	6259237	phase2	2026-08-01	1	5985	models/cl_safe_push_point_L1_by_const_d5to25_naive_s901/final	safe_push_point	1	2000	128	25.0	64.57	24.84	14.19	0.99
phase2_6259237.log	6259237	phase2	2026-08-01	1	5986	models/cl_safe_push_point_L1_by_const_d5to25_naive_s901/final	safe_push_point	1	2000	128	15.0	63.99	19.80	12.45	1.32
phase2_6259237.log	6259237	phase2	2026-08-01	1	5987	models/cl_safe_push_point_L1_by_const_d5to25_naive_s901/final	safe_push_point	1	2000	128	10.0	63.05	17.62	12.40	1.76
phase2_6259237.log	6259237	phase2	2026-08-01	1	5988	models/cl_safe_push_point_L1_by_const_d5to25_naive_s901/final	safe_push_point	1	2000	128	5.0	61.91	14.06	9.03	2.81
phase2_6259238.log	6259238	phase2	2026-08-01	1	5984	models/cl_safe_push_point_L1_by_const_d5to25_dual_s901/final	safe_push_point	1	2000	128	25.0	47.74	13.35	9.54	0.53
phase2_6259238.log	6259238	phase2	2026-08-01	1	5985	models/cl_safe_push_point_L1_by_const_d5to25_dual_s901/final	safe_push_point	1	2000	128	15.0	47.45	8.86	6.57	0.59
phase2_6259238.log	6259238	phase2	2026-08-01	1	5986	models/cl_safe_push_point_L1_by_const_d5to25_dual_s901/final	safe_push_point	1	2000	128	10.0	44.43	7.02	6.98	0.70
phase2_6259238.log	6259238	phase2	2026-08-01	1	5987	models/cl_safe_push_point_L1_by_const_d5to25_dual_s901/final	safe_push_point	1	2000	128	5.0	43.81	4.28	4.42	0.86
phase2_6259239.log	6259239	phase2	2026-08-01	1	5984	models/cl_safe_push_point_L1_by_const_d5to25_naive_s902/final	safe_push_point	1	2000	128	25.0	47.99	21.25	12.99	0.85
phase2_6259239.log	6259239	phase2	2026-08-01	1	5985	models/cl_safe_push_point_L1_by_const_d5to25_naive_s902/final	safe_push_point	1	2000	128	15.0	47.47	20.64	15.24	1.38
phase2_6259239.log	6259239	phase2	2026-08-01	1	5986	models/cl_safe_push_point_L1_by_const_d5to25_naive_s902/final	safe_push_point	1	2000	128	10.0	46.87	20.81	15.29	2.08
phase2_6259239.log	6259239	phase2	2026-08-01	1	5987	models/cl_safe_push_point_L1_by_const_d5to25_naive_s902/final	safe_push_point	1	2000	128	5.0	46.96	19.65	18.00	3.93
phase2_6259240.log	6259240	phase2	2026-08-01	1	5983	models/cl_safe_push_point_L1_by_const_d5to25_dual_s902/final	safe_push_point	1	2000	128	25.0	33.14	19.87	75.69	0.79
phase2_6259240.log	6259240	phase2	2026-08-01	1	5984	models/cl_safe_push_point_L1_by_const_d5to25_dual_s902/final	safe_push_point	1	2000	128	15.0	33.54	8.14	6.90	0.54
phase2_6259240.log	6259240	phase2	2026-08-01	1	5985	models/cl_safe_push_point_L1_by_const_d5to25_dual_s902/final	safe_push_point	1	2000	128	10.0	31.66	8.96	31.48	0.90
phase2_6259240.log	6259240	phase2	2026-08-01	1	5986	models/cl_safe_push_point_L1_by_const_d5to25_dual_s902/final	safe_push_point	1	2000	128	5.0	30.30	4.97	17.02	0.99
phase2_6259241.log	6259241	phase2	2026-08-01	1	5984	models/cl_safe_push_point_L1_by_const_d5to25_naive_s903/final	safe_push_point	1	2000	128	25.0	85.20	27.05	14.79	1.08
phase2_6259241.log	6259241	phase2	2026-08-01	1	5985	models/cl_safe_push_point_L1_by_const_d5to25_naive_s903/final	safe_push_point	1	2000	128	15.0	83.17	23.67	14.82	1.58
phase2_6259241.log	6259241	phase2	2026-08-01	1	5986	models/cl_safe_push_point_L1_by_const_d5to25_naive_s903/final	safe_push_point	1	2000	128	10.0	82.87	21.00	12.67	2.10
phase2_6259241.log	6259241	phase2	2026-08-01	1	5987	models/cl_safe_push_point_L1_by_const_d5to25_naive_s903/final	safe_push_point	1	2000	128	5.0	81.00	21.93	13.26	4.39
phase2_6259242.log	6259242	phase2	2026-08-01	1	5985	models/cl_safe_push_point_L1_by_const_d5to25_dual_s903/final	safe_push_point	1	2000	128	25.0	53.97	27.28	12.58	1.09
phase2_6259242.log	6259242	phase2	2026-08-01	1	5986	models/cl_safe_push_point_L1_by_const_d5to25_dual_s903/final	safe_push_point	1	2000	128	15.0	63.09	12.24	7.63	0.82
phase2_6259242.log	6259242	phase2	2026-08-01	1	5987	models/cl_safe_push_point_L1_by_const_d5to25_dual_s903/final	safe_push_point	1	2000	128	10.0	64.14	8.01	6.29	0.80
phase2_6259242.log	6259242	phase2	2026-08-01	1	5988	models/cl_safe_push_point_L1_by_const_d5to25_dual_s903/final	safe_push_point	1	2000	128	5.0	65.21	5.11	5.00	1.02
phase2_6264403.log	6264403	phase2	2026-08-03	1	5983	models/cl_safe_push_point_L1_by_const_d5to25_naive_s801/final	safe_push_point	1	2000	128	25.0	74.66	26.99	14.10	1.08
phase2_6264403.log	6264403	phase2	2026-08-03	1	5984	models/cl_safe_push_point_L1_by_const_d5to25_naive_s801/final	safe_push_point	1	2000	128	5.0	71.89	18.66	13.85	3.73
phase2_6264404.log	6264404	phase2	2026-08-03	1	5984	models/cl_safe_push_point_L1_by_const_d5to25_dual_s801/final	safe_push_point	1	2000	128	25.0	38.52	15.43	8.64	0.62
phase2_6264404.log	6264404	phase2	2026-08-03	1	5985	models/cl_safe_push_point_L1_by_const_d5to25_dual_s801/final	safe_push_point	1	2000	128	5.0	39.61	3.61	3.41	0.72
phase2_6264405.log	6264405	phase2	2026-08-03	1	5985	models/cl_safe_push_point_L1_by_const_d5to25_naive_s802/final	safe_push_point	1	2000	128	25.0	71.07	28.64	17.43	1.15
phase2_6264405.log	6264405	phase2	2026-08-03	1	5986	models/cl_safe_push_point_L1_by_const_d5to25_naive_s802/final	safe_push_point	1	2000	128	5.0	61.97	25.16	17.46	5.03
phase2_6264406.log	6264406	phase2	2026-08-03	1	5984	models/cl_safe_push_point_L1_by_const_d5to25_dual_s802/final	safe_push_point	1	2000	128	25.0	3.79	17.44	32.47	0.70
phase2_6264406.log	6264406	phase2	2026-08-03	1	5985	models/cl_safe_push_point_L1_by_const_d5to25_dual_s802/final	safe_push_point	1	2000	128	5.0	9.79	5.30	25.02	1.06
phase2_6264449.log	6264449	phase2	2026-08-03	1	5987	models/cl_safe_push_point_L1_by_const_d25to25_naive_s801/final	safe_push_point	1	2000	128	25.0	35.90	19.13	13.29	0.77
phase2_6264449.log	6264449	phase2	2026-08-03	2	6006	models/cl_safe_push_point_L1_by_const_d25to25_naive_s801/final	safe_push_point	2	2000	128	25.0	32.31	39.57	18.01	1.58
phase2_6264451.log	6264451	phase2	2026-08-03	1	5985	models/cl_safe_push_point_L1_by_const_d25to25_naive_s802/final	safe_push_point	1	2000	128	25.0	59.13	25.09	14.52	1.00
phase2_6264451.log	6264451	phase2	2026-08-03	2	6004	models/cl_safe_push_point_L1_by_const_d25to25_naive_s802/final	safe_push_point	2	2000	128	25.0	52.73	36.51	17.24	1.46
phase2_6264453.log	6264453	phase2	2026-08-03	1	5985	models/cl_safe_push_point_L1_by_const_d25to25_naive_s901/final	safe_push_point	1	2000	128	25.0	37.42	18.21	12.50	0.73
phase2_6264453.log	6264453	phase2	2026-08-03	2	6004	models/cl_safe_push_point_L1_by_const_d25to25_naive_s901/final	safe_push_point	2	2000	128	25.0	38.39	30.44	15.87	1.22
phase2_6264455.log	6264455	phase2	2026-08-03	1	5984	models/cl_safe_push_point_L1_by_const_d25to25_naive_s902/final	safe_push_point	1	2000	128	25.0	34.49	24.29	19.59	0.97
phase2_6264455.log	6264455	phase2	2026-08-03	2	6003	models/cl_safe_push_point_L1_by_const_d25to25_naive_s902/final	safe_push_point	2	2000	128	25.0	31.27	39.89	26.98	1.60
phase2_6264462.log	6264462	phase2	2026-08-03	1	5984	models/cl_safe_push_point_L1_by_const_d25to25_dual_s801/final	safe_push_point	1	2000	128	25.0	19.01	12.46	14.73	0.50
phase2_6264462.log	6264462	phase2	2026-08-03	2	6003	models/cl_safe_push_point_L1_by_const_d25to25_dual_s801/final	safe_push_point	2	2000	128	25.0	21.76	28.70	18.90	1.15
phase2_6264463.log	6264463	phase2	2026-08-03	1	5983	models/cl_safe_push_point_L1_by_const_d25to25_dual_s802/final	safe_push_point	1	2000	128	25.0	15.38	13.85	15.34	0.55
phase2_6264463.log	6264463	phase2	2026-08-03	2	6002	models/cl_safe_push_point_L1_by_const_d25to25_dual_s802/final	safe_push_point	2	2000	128	25.0	24.45	28.43	14.42	1.14
phase2_6264464.log	6264464	phase2	2026-08-03	1	5984	models/cl_safe_push_point_L1_by_const_d25to25_dual_s901/final	safe_push_point	1	2000	128	25.0	9.14	12.36	17.99	0.49
phase2_6264464.log	6264464	phase2	2026-08-03	2	6003	models/cl_safe_push_point_L1_by_const_d25to25_dual_s901/final	safe_push_point	2	2000	128	25.0	16.06	25.57	14.76	1.02
phase2_6264465.log	6264465	phase2	2026-08-03	1	5984	models/cl_safe_push_point_L1_by_const_d25to25_dual_s902/final	safe_push_point	1	2000	128	25.0	20.04	13.68	16.95	0.55
phase2_6264465.log	6264465	phase2	2026-08-03	2	6003	models/cl_safe_push_point_L1_by_const_d25to25_dual_s902/final	safe_push_point	2	2000	128	25.0	23.83	24.10	16.10	0.96
phase2_6266179.log	6266179	phase2	2026-08-03	1	5984	models/cl_safe_push_point_L1_by_const_d25to25_naive_s903/final	safe_push_point	1	2000	128	25.0	53.36	32.49	58.20	1.30
phase2_6266179.log	6266179	phase2	2026-08-03	2	6003	models/cl_safe_push_point_L1_by_const_d25to25_naive_s903/final	safe_push_point	2	2000	128	25.0	44.05	41.18	21.59	1.65
phase2_6266193.log	6266193	phase2	2026-08-03	1	5983	models/cl_safe_push_point_L1_by_const_d25to25_dual_s903/final	safe_push_point	1	2000	128	25.0	18.12	8.13	11.14	0.33
phase2_6266193.log	6266193	phase2	2026-08-03	2	6002	models/cl_safe_push_point_L1_by_const_d25to25_dual_s903/final	safe_push_point	2	2000	128	25.0	21.34	20.16	13.88	0.81
phase2_6267402.log	6267402	phase2	2026-08-04	1	5985	models/cl_safe_push_point_L1_by_const_d5to5_naive_s801/final	safe_push_point	1	2000	128	25.0	75.95	21.85	11.12	0.87
phase2_6267402.log	6267402	phase2	2026-08-04	1	5986	models/cl_safe_push_point_L1_by_const_d5to5_naive_s801/final	safe_push_point	1	2000	128	5.0	81.37	5.92	5.49	1.18
phase2_6267403.log	6267403	phase2	2026-08-04	1	5984	models/cl_safe_push_point_L1_by_const_d5to5_dual_s801/final	safe_push_point	1	2000	128	25.0	40.90	12.50	6.96	0.50
phase2_6267403.log	6267403	phase2	2026-08-04	1	5985	models/cl_safe_push_point_L1_by_const_d5to5_dual_s801/final	safe_push_point	1	2000	128	5.0	39.42	3.38	3.76	0.68
phase2_6267404.log	6267404	phase2	2026-08-04	1	5984	models/cl_safe_push_point_L1_by_const_d5to5_naive_s802/final	safe_push_point	1	2000	128	25.0	42.55	120.84	218.49	4.83
phase2_6267404.log	6267404	phase2	2026-08-04	1	5985	models/cl_safe_push_point_L1_by_const_d5to5_naive_s802/final	safe_push_point	1	2000	128	5.0	62.15	4.63	4.30	0.93
phase2_6267405.log	6267405	phase2	2026-08-04	1	5984	models/cl_safe_push_point_L1_by_const_d5to5_dual_s802/final	safe_push_point	1	2000	128	25.0	7.91	39.93	109.69	1.60
phase2_6267405.log	6267405	phase2	2026-08-04	1	5985	models/cl_safe_push_point_L1_by_const_d5to5_dual_s802/final	safe_push_point	1	2000	128	5.0	15.51	2.92	3.95	0.58
phase2_6267406.log	6267406	phase2	2026-08-04	1	5984	models/cl_safe_push_point_L1_by_const_d5to5_naive_s901/final	safe_push_point	1	2000	128	25.0	62.12	21.60	11.04	0.86
phase2_6267406.log	6267406	phase2	2026-08-04	1	5985	models/cl_safe_push_point_L1_by_const_d5to5_naive_s901/final	safe_push_point	1	2000	128	5.0	59.73	4.16	4.17	0.83
phase2_6267407.log	6267407	phase2	2026-08-04	1	5985	models/cl_safe_push_point_L1_by_const_d5to5_dual_s901/final	safe_push_point	1	2000	128	25.0	49.76	16.68	41.91	0.67
phase2_6267407.log	6267407	phase2	2026-08-04	1	5986	models/cl_safe_push_point_L1_by_const_d5to5_dual_s901/final	safe_push_point	1	2000	128	5.0	43.34	3.83	5.30	0.77
phase2_6267408.log	6267408	phase2	2026-08-04	1	5984	models/cl_safe_push_point_L1_by_const_d5to5_naive_s902/final	safe_push_point	1	2000	128	25.0	64.51	15.47	10.22	0.62
phase2_6267408.log	6267408	phase2	2026-08-04	1	5985	models/cl_safe_push_point_L1_by_const_d5to5_naive_s902/final	safe_push_point	1	2000	128	5.0	62.04	5.93	6.40	1.19
phase2_6267409.log	6267409	phase2	2026-08-04	1	5984	models/cl_safe_push_point_L1_by_const_d5to5_dual_s902/final	safe_push_point	1	2000	128	25.0	34.75	13.13	7.07	0.53
phase2_6267409.log	6267409	phase2	2026-08-04	1	5985	models/cl_safe_push_point_L1_by_const_d5to5_dual_s902/final	safe_push_point	1	2000	128	5.0	30.75	3.90	3.95	0.78
phase2_6267410.log	6267410	phase2	2026-08-04	1	5984	models/cl_safe_push_point_L1_by_const_d5to5_naive_s903/final	safe_push_point	1	2000	128	25.0	80.23	25.05	13.71	1.00
phase2_6267410.log	6267410	phase2	2026-08-04	1	5985	models/cl_safe_push_point_L1_by_const_d5to5_naive_s903/final	safe_push_point	1	2000	128	5.0	83.65	5.32	5.54	1.06
phase2_6267411.log	6267411	phase2	2026-08-04	1	5983	models/cl_safe_push_point_L1_by_const_d5to5_dual_s903/final	safe_push_point	1	2000	128	25.0	59.67	26.48	61.31	1.06
phase2_6267411.log	6267411	phase2	2026-08-04	1	5984	models/cl_safe_push_point_L1_by_const_d5to5_dual_s903/final	safe_push_point	1	2000	128	5.0	62.63	4.43	4.65	0.89
phase2_6271082.log	6271082	phase2	2026-08-04	1	5984	models/cl_safe_push_point_L1_by_const_d5to25_vanilla_s801/final	safe_push_point	1	2000	128	25.0	37.08	14.73	8.83	0.59
phase2_6271082.log	6271082	phase2	2026-08-04	1	5985	models/cl_safe_push_point_L1_by_const_d5to25_vanilla_s801/final	safe_push_point	1	2000	128	5.0	37.14	3.28	4.15	0.66
phase2_6271083.log	6271083	phase2	2026-08-04	1	5984	models/cl_safe_push_point_L1_by_const_d5to25_vanilla_s802/final	safe_push_point	1	2000	128	25.0	3.15	89.56	239.20	3.58
phase2_6271083.log	6271083	phase2	2026-08-04	1	5985	models/cl_safe_push_point_L1_by_const_d5to25_vanilla_s802/final	safe_push_point	1	2000	128	5.0	7.78	2.29	4.63	0.46
phase2_6271084.log	6271084	phase2	2026-08-04	1	5984	models/cl_safe_push_point_L1_by_const_d5to25_vanilla_s901/final	safe_push_point	1	2000	128	25.0	45.59	16.10	8.77	0.64
phase2_6271084.log	6271084	phase2	2026-08-04	1	5985	models/cl_safe_push_point_L1_by_const_d5to25_vanilla_s901/final	safe_push_point	1	2000	128	5.0	45.69	4.75	4.90	0.95
phase2_6271085.log	6271085	phase2	2026-08-04	1	5984	models/cl_safe_push_point_L1_by_const_d5to25_vanilla_s902/final	safe_push_point	1	2000	128	25.0	32.14	13.28	7.26	0.53
phase2_6271085.log	6271085	phase2	2026-08-04	1	5985	models/cl_safe_push_point_L1_by_const_d5to25_vanilla_s902/final	safe_push_point	1	2000	128	5.0	28.96	3.80	4.85	0.76
phase2_6271086.log	6271086	phase2	2026-08-05	1	5984	models/cl_safe_push_point_L1_by_const_d5to25_vanilla_s903/final	safe_push_point	1	2000	128	25.0	53.50	38.64	154.50	1.55
phase2_6271086.log	6271086	phase2	2026-08-05	1	5985	models/cl_safe_push_point_L1_by_const_d5to25_vanilla_s903/final	safe_push_point	1	2000	128	5.0	65.34	5.51	7.60	1.10
phase2_6271087.log	6271087	phase2	2026-08-04	1	5984	models/cl_safe_push_point_L1_by_const_d5to25_coursey_s901/final	safe_push_point	1	2000	128	25.0	46.32	14.01	8.34	0.56
phase2_6271087.log	6271087	phase2	2026-08-04	1	5985	models/cl_safe_push_point_L1_by_const_d5to25_coursey_s901/final	safe_push_point	1	2000	128	5.0	43.86	4.45	4.59	0.89
phase2_6271088.log	6271088	phase2	2026-08-05	1	5984	models/cl_safe_push_point_L1_by_const_d5to25_coursey_s903/final	safe_push_point	1	2000	128	25.0	53.81	24.16	10.65	0.97
phase2_6271088.log	6271088	phase2	2026-08-05	1	5985	models/cl_safe_push_point_L1_by_const_d5to25_coursey_s903/final	safe_push_point	1	2000	128	5.0	64.55	5.30	4.99	1.06
phase2_6272075.log	6272075	phase2	2026-08-05	1	5984	models/cl_safe_push_point_L1_by_const_d5to25_dual_s901/final	safe_push_point	1	2000	128	25.0	46.14	13.15	7.84	0.53
phase2_6272075.log	6272075	phase2	2026-08-05	1	5985	models/cl_safe_push_point_L1_by_const_d5to25_dual_s901/final	safe_push_point	1	2000	128	5.0	43.49	4.90	6.99	0.98
phase2_6272076.log	6272076	phase2	2026-08-05	1	5984	models/cl_safe_push_point_L1_by_const_d5to25_dual_s901/final	safe_push_point	1	2000	128	25.0	48.19	13.90	8.19	0.56
phase2_6272076.log	6272076	phase2	2026-08-05	1	5985	models/cl_safe_push_point_L1_by_const_d5to25_dual_s901/final	safe_push_point	1	2000	128	5.0	43.82	5.26	4.56	1.05
phase2_6272077.log	6272077	phase2	2026-08-05	1	5984	models/cl_safe_push_point_L1_by_const_d5to25_dual_s902/final	safe_push_point	1	2000	128	25.0	34.55	13.64	7.94	0.55
phase2_6272077.log	6272077	phase2	2026-08-05	1	5985	models/cl_safe_push_point_L1_by_const_d5to25_dual_s902/final	safe_push_point	1	2000	128	5.0	28.51	4.40	6.20	0.88
phase2_6272078.log	6272078	phase2	2026-08-05	1	5984	models/cl_safe_push_point_L1_by_const_d5to25_dual_s902/final	safe_push_point	1	2000	128	25.0	33.54	12.05	6.63	0.48
phase2_6272078.log	6272078	phase2	2026-08-05	1	5985	models/cl_safe_push_point_L1_by_const_d5to25_dual_s902/final	safe_push_point	1	2000	128	5.0	30.03	3.49	3.95	0.70
phase2_6272079.log	6272079	phase2	2026-08-05	1	5983	models/cl_safe_push_point_L1_by_const_d5to25_dual_s903/final	safe_push_point	1	2000	128	25.0	55.76	38.77	123.08	1.55
phase2_6272079.log	6272079	phase2	2026-08-05	1	5984	models/cl_safe_push_point_L1_by_const_d5to25_dual_s903/final	safe_push_point	1	2000	128	5.0	63.72	4.23	4.48	0.85
phase2_6272080.log	6272080	phase2	2026-08-05	1	5985	models/cl_safe_push_point_L1_by_const_d5to25_dual_s903/final	safe_push_point	1	2000	128	25.0	54.60	23.24	9.77	0.93
phase2_6272080.log	6272080	phase2	2026-08-05	1	5986	models/cl_safe_push_point_L1_by_const_d5to25_dual_s903/final	safe_push_point	1	2000	128	5.0	63.48	4.96	5.32	0.99
phase2_6301364.log	6301364	phase2	2026-08-14	1	5984	models/cl_safe_push_point_L14_by_const_d5to25_naive_s901/final	safe_push_point	14	2000	128	25.0	51.90	24.09	9.91	0.96
phase2_6301364.log	6301364	phase2	2026-08-14	1	5985	models/cl_safe_push_point_L14_by_const_d5to25_naive_s901/final	safe_push_point	14	2000	128	5.0	39.23	18.98	9.10	3.80
phase2_6301365.log	6301365	phase2	2026-08-14	1	5985	models/cl_safe_push_point_L14_by_const_d5to25_vanilla_s901/final	safe_push_point	14	2000	128	25.0	18.60	27.33	10.41	1.09
phase2_6301365.log	6301365	phase2	2026-08-14	1	5986	models/cl_safe_push_point_L14_by_const_d5to25_vanilla_s901/final	safe_push_point	14	2000	128	5.0	22.93	5.35	3.99	1.07
phase2_6301366.log	6301366	phase2	2026-08-14	1	5984	models/cl_safe_push_point_L14_by_const_d5to25_realvb_s901/final	safe_push_point	14	2000	128	25.0	18.25	26.57	8.88	1.06
phase2_6301366.log	6301366	phase2	2026-08-14	1	5985	models/cl_safe_push_point_L14_by_const_d5to25_realvb_s901/final	safe_push_point	14	2000	128	5.0	23.42	5.24	3.97	1.05
phase2_6301367.log	6301367	phase2	2026-08-14	1	5984	models/cl_safe_push_point_L14_by_const_d25to5_naive_s901/final	safe_push_point	14	2000	128	25.0	29.54	97.68	41.03	3.91
phase2_6301367.log	6301367	phase2	2026-08-14	1	5985	models/cl_safe_push_point_L14_by_const_d25to5_naive_s901/final	safe_push_point	14	2000	128	5.0	30.20	3.85	5.07	0.77
phase2_6301368.log	6301368	phase2	2026-08-14	1	5984	models/cl_safe_push_point_L14_by_const_d25to5_vanilla_s901/final	safe_push_point	14	2000	128	25.0	50.78	23.11	9.40	0.92
phase2_6301368.log	6301368	phase2	2026-08-14	1	5985	models/cl_safe_push_point_L14_by_const_d25to5_vanilla_s901/final	safe_push_point	14	2000	128	5.0	36.41	14.54	9.34	2.91
phase2_6301369.log	6301369	phase2	2026-08-14	1	5984	models/cl_safe_push_point_L14_by_const_d25to5_realvb_s901/final	safe_push_point	14	2000	128	25.0	51.12	24.41	12.46	0.98
phase2_6301369.log	6301369	phase2	2026-08-14	1	5985	models/cl_safe_push_point_L14_by_const_d25to5_realvb_s901/final	safe_push_point	14	2000	128	5.0	37.35	13.39	7.31	2.68
phase2_6301370.log	6301370	phase2	2026-08-14	1	5983	models/cl_safe_push_point_L14_by_const_d5to25_naive_s902/final	safe_push_point	14	2000	128	25.0	66.47	23.21	11.35	0.93
phase2_6301370.log	6301370	phase2	2026-08-14	1	5984	models/cl_safe_push_point_L14_by_const_d5to25_naive_s902/final	safe_push_point	14	2000	128	5.0	45.66	13.01	9.81	2.60
phase2_6301371.log	6301371	phase2	2026-08-14	1	5984	models/cl_safe_push_point_L14_by_const_d5to25_vanilla_s902/final	safe_push_point	14	2000	128	25.0	8.46	42.57	17.03	1.70
phase2_6301371.log	6301371	phase2	2026-08-14	1	5985	models/cl_safe_push_point_L14_by_const_d5to25_vanilla_s902/final	safe_push_point	14	2000	128	5.0	22.61	9.96	12.04	1.99
phase2_6301372.log	6301372	phase2	2026-08-14	1	5984	models/cl_safe_push_point_L14_by_const_d5to25_realvb_s902/final	safe_push_point	14	2000	128	25.0	8.15	40.58	23.64	1.62
phase2_6301372.log	6301372	phase2	2026-08-14	1	5985	models/cl_safe_push_point_L14_by_const_d5to25_realvb_s902/final	safe_push_point	14	2000	128	5.0	23.77	12.99	17.79	2.60
phase2_6301373.log	6301373	phase2	2026-08-14	1	5984	models/cl_safe_push_point_L14_by_const_d25to5_naive_s902/final	safe_push_point	14	2000	128	25.0	48.66	95.28	30.74	3.81
phase2_6301373.log	6301373	phase2	2026-08-14	1	5985	models/cl_safe_push_point_L14_by_const_d25to5_naive_s902/final	safe_push_point	14	2000	128	5.0	36.48	5.32	14.05	1.06
phase2_6301374.log	6301374	phase2	2026-08-14	1	5984	models/cl_safe_push_point_L14_by_const_d25to5_vanilla_s902/final	safe_push_point	14	2000	128	25.0	60.60	28.14	11.09	1.13
phase2_6301374.log	6301374	phase2	2026-08-14	1	5985	models/cl_safe_push_point_L14_by_const_d25to5_vanilla_s902/final	safe_push_point	14	2000	128	5.0	41.61	15.94	10.28	3.19
phase2_6301375.log	6301375	phase2	2026-08-14	1	5984	models/cl_safe_push_point_L14_by_const_d25to5_realvb_s902/final	safe_push_point	14	2000	128	25.0	60.25	25.68	9.57	1.03
phase2_6301375.log	6301375	phase2	2026-08-14	1	5985	models/cl_safe_push_point_L14_by_const_d25to5_realvb_s902/final	safe_push_point	14	2000	128	5.0	41.71	15.18	9.64	3.04
phase2_6301376.log	6301376	phase2	2026-08-14	1	5984	models/cl_safe_push_point_L14_by_const_d5to25_naive_s903/final	safe_push_point	14	2000	128	25.0	67.20	25.23	9.19	1.01
phase2_6301376.log	6301376	phase2	2026-08-14	1	5985	models/cl_safe_push_point_L14_by_const_d5to25_naive_s903/final	safe_push_point	14	2000	128	5.0	49.11	12.74	9.20	2.55
phase2_6301377.log	6301377	phase2	2026-08-14	1	5983	models/cl_safe_push_point_L14_by_const_d5to25_vanilla_s903/final	safe_push_point	14	2000	128	25.0	16.59	80.09	27.23	3.20
phase2_6301377.log	6301377	phase2	2026-08-14	1	5984	models/cl_safe_push_point_L14_by_const_d5to25_vanilla_s903/final	safe_push_point	14	2000	128	5.0	27.38	8.50	5.70	1.70
phase2_6301378.log	6301378	phase2	2026-08-14	1	5984	models/cl_safe_push_point_L14_by_const_d5to25_realvb_s903/final	safe_push_point	14	2000	128	25.0	17.34	85.49	42.63	3.42
phase2_6301378.log	6301378	phase2	2026-08-14	1	5985	models/cl_safe_push_point_L14_by_const_d5to25_realvb_s903/final	safe_push_point	14	2000	128	5.0	27.20	8.68	9.28	1.74
phase2_6301379.log	6301379	phase2	2026-08-14	1	5984	models/cl_safe_push_point_L14_by_const_d25to5_naive_s903/final	safe_push_point	14	2000	128	25.0	52.04	58.55	14.52	2.34
phase2_6301379.log	6301379	phase2	2026-08-14	1	5985	models/cl_safe_push_point_L14_by_const_d25to5_naive_s903/final	safe_push_point	14	2000	128	5.0	36.34	4.51	4.20	0.90
phase2_6301380.log	6301380	phase2	2026-08-14	1	5984	models/cl_safe_push_point_L14_by_const_d25to5_vanilla_s903/final	safe_push_point	14	2000	128	25.0	61.47	30.57	10.36	1.22
phase2_6301380.log	6301380	phase2	2026-08-14	1	5985	models/cl_safe_push_point_L14_by_const_d25to5_vanilla_s903/final	safe_push_point	14	2000	128	5.0	44.47	21.89	17.69	4.38
phase2_6302475.log	6302475	phase2	2026-08-14	1	5988	models/cl_safe_push_point_L14_by_const_d25to5_realvb_s903/final	safe_push_point	14	2000	128	25.0	62.28	29.82	9.62	1.19
phase2_6302475.log	6302475	phase2	2026-08-14	1	5989	models/cl_safe_push_point_L14_by_const_d25to5_realvb_s903/final	safe_push_point	14	2000	128	5.0	44.36	20.85	13.46	4.17
phase2_6302476.log	6302476	phase2	2026-08-14	1	5988	models/cl_safe_push_point_L14_by_const_d5to25_naive_s904/final	safe_push_point	14	2000	128	25.0	56.00	24.96	10.65	1.00
phase2_6302476.log	6302476	phase2	2026-08-14	1	5989	models/cl_safe_push_point_L14_by_const_d5to25_naive_s904/final	safe_push_point	14	2000	128	5.0	38.59	11.27	8.25	2.25
phase2_6302477.log	6302477	phase2	2026-08-14	1	5987	models/cl_safe_push_point_L14_by_const_d25to5_naive_s904/final	safe_push_point	14	2000	128	25.0	36.44	41.57	10.19	1.66
phase2_6302477.log	6302477	phase2	2026-08-14	1	5988	models/cl_safe_push_point_L14_by_const_d25to5_naive_s904/final	safe_push_point	14	2000	128	5.0	34.50	5.45	6.92	1.09
phase2_6302478.log	6302478	phase2	2026-08-14	1	5988	models/cl_safe_push_point_L14_by_const_d5to25_vanilla_s904/final	safe_push_point	14	2000	128	25.0	12.95	92.97	26.37	3.72
phase2_6302478.log	6302478	phase2	2026-08-14	1	5989	models/cl_safe_push_point_L14_by_const_d5to25_vanilla_s904/final	safe_push_point	14	2000	128	5.0	28.14	8.77	5.51	1.75
phase2_6302479.log	6302479	phase2	2026-08-14	1	5987	models/cl_safe_push_point_L14_by_const_d25to5_vanilla_s904/final	safe_push_point	14	2000	128	25.0	51.35	27.19	9.15	1.09
phase2_6302479.log	6302479	phase2	2026-08-14	1	5988	models/cl_safe_push_point_L14_by_const_d25to5_vanilla_s904/final	safe_push_point	14	2000	128	5.0	44.29	16.24	9.44	3.25
phase2_6302480.log	6302480	phase2	2026-08-14	1	5984	models/cl_safe_push_point_L14_by_const_d5to25_realvb_s904/final	safe_push_point	14	2000	128	25.0	13.27	97.45	28.00	3.90
phase2_6302480.log	6302480	phase2	2026-08-14	1	5985	models/cl_safe_push_point_L14_by_const_d5to25_realvb_s904/final	safe_push_point	14	2000	128	5.0	27.73	11.18	18.49	2.24
phase2_6302481.log	6302481	phase2	2026-08-14	1	5989	models/cl_safe_push_point_L14_by_const_d25to5_realvb_s904/final	safe_push_point	14	2000	128	25.0	51.45	25.53	10.23	1.02
phase2_6302481.log	6302481	phase2	2026-08-14	1	5990	models/cl_safe_push_point_L14_by_const_d25to5_realvb_s904/final	safe_push_point	14	2000	128	5.0	44.58	17.15	9.76	3.43
phase2_6302482.log	6302482	phase2	2026-08-14	1	5984	models/cl_safe_push_point_L14_by_const_d5to25_naive_s905/final	safe_push_point	14	2000	128	25.0	68.00	23.29	8.15	0.93
phase2_6302482.log	6302482	phase2	2026-08-14	1	5985	models/cl_safe_push_point_L14_by_const_d5to25_naive_s905/final	safe_push_point	14	2000	128	5.0	52.53	14.12	10.38	2.82
phase2_6302483.log	6302483	phase2	2026-08-14	1	5988	models/cl_safe_push_point_L14_by_const_d25to5_naive_s905/final	safe_push_point	14	2000	128	25.0	54.77	95.86	22.36	3.83
phase2_6302483.log	6302483	phase2	2026-08-14	1	5989	models/cl_safe_push_point_L14_by_const_d25to5_naive_s905/final	safe_push_point	14	2000	128	5.0	38.82	5.03	5.71	1.01
phase2_6302484.log	6302484	phase2	2026-08-14	1	5988	models/cl_safe_push_point_L14_by_const_d5to25_vanilla_s905/final	safe_push_point	14	2000	128	25.0	27.96	56.31	21.71	2.25
phase2_6302484.log	6302484	phase2	2026-08-14	1	5989	models/cl_safe_push_point_L14_by_const_d5to25_vanilla_s905/final	safe_push_point	14	2000	128	5.0	29.00	15.89	15.26	3.18
phase2_6302485.log	6302485	phase2	2026-08-14	1	5988	models/cl_safe_push_point_L14_by_const_d25to5_vanilla_s905/final	safe_push_point	14	2000	128	25.0	61.81	29.05	11.28	1.16
phase2_6302485.log	6302485	phase2	2026-08-14	1	5989	models/cl_safe_push_point_L14_by_const_d25to5_vanilla_s905/final	safe_push_point	14	2000	128	5.0	48.96	16.60	9.76	3.32
phase2_6302486.log	6302486	phase2	2026-08-14	1	5988	models/cl_safe_push_point_L14_by_const_d5to25_realvb_s905/final	safe_push_point	14	2000	128	25.0	28.90	59.26	33.96	2.37
phase2_6302486.log	6302486	phase2	2026-08-14	1	5989	models/cl_safe_push_point_L14_by_const_d5to25_realvb_s905/final	safe_push_point	14	2000	128	5.0	29.94	19.74	27.14	3.95
phase2_6302487.log	6302487	phase2	2026-08-14	1	5984	models/cl_safe_push_point_L14_by_const_d25to5_realvb_s905/final	safe_push_point	14	2000	128	25.0	62.12	28.37	10.13	1.13
phase2_6302487.log	6302487	phase2	2026-08-14	1	5985	models/cl_safe_push_point_L14_by_const_d25to5_realvb_s905/final	safe_push_point	14	2000	128	5.0	48.54	17.07	10.70	3.41
phase2_6304508.log	6304508	phase2	2026-08-15	1	5988	models/cl_safe_push_point_L14_by_const_d5to25_vanilla_s903/final	safe_push_point	14	2000	128	25.0	19.42	30.78	27.05	1.23
phase2_6304508.log	6304508	phase2	2026-08-15	1	5989	models/cl_safe_push_point_L14_by_const_d5to25_vanilla_s903/final	safe_push_point	14	2000	128	5.0	20.69	3.34	9.56	0.67
phase2_6304509.log	6304509	phase2	2026-08-15	1	5989	models/cl_safe_push_point_L14_by_const_d5to25_vanilla_s903/final	safe_push_point	14	2000	128	25.0	16.93	73.84	27.72	2.95
phase2_6304509.log	6304509	phase2	2026-08-15	1	5990	models/cl_safe_push_point_L14_by_const_d5to25_vanilla_s903/final	safe_push_point	14	2000	128	5.0	26.43	9.64	10.80	1.93
phase2_6304510.log	6304510	phase2	2026-08-15	1	5988	models/cl_safe_push_point_L14_by_const_d5to25_vanilla_s903/final	safe_push_point	14	2000	128	25.0	17.49	83.06	32.15	3.32
phase2_6304510.log	6304510	phase2	2026-08-15	1	5989	models/cl_safe_push_point_L14_by_const_d5to25_vanilla_s903/final	safe_push_point	14	2000	128	5.0	26.16	8.39	7.08	1.68
phase2_6304511.log	6304511	phase2	2026-08-15	1	5988	models/cl_safe_push_point_L14_by_const_d5to25_vanilla_s904/final	safe_push_point	14	2000	128	25.0	20.27	28.66	7.55	1.15
phase2_6304511.log	6304511	phase2	2026-08-15	1	5989	models/cl_safe_push_point_L14_by_const_d5to25_vanilla_s904/final	safe_push_point	14	2000	128	5.0	27.55	3.48	3.11	0.70
phase2_6304512.log	6304512	phase2	2026-08-15	1	5988	models/cl_safe_push_point_L14_by_const_d5to25_vanilla_s904/final	safe_push_point	14	2000	128	25.0	11.40	84.91	25.17	3.40
phase2_6304512.log	6304512	phase2	2026-08-15	1	5989	models/cl_safe_push_point_L14_by_const_d5to25_vanilla_s904/final	safe_push_point	14	2000	128	5.0	27.90	6.88	4.21	1.38
phase2_6304513.log	6304513	phase2	2026-08-15	1	5988	models/cl_safe_push_point_L14_by_const_d5to25_vanilla_s904/final	safe_push_point	14	2000	128	25.0	12.55	90.75	30.93	3.63
phase2_6304513.log	6304513	phase2	2026-08-15	1	5989	models/cl_safe_push_point_L14_by_const_d5to25_vanilla_s904/final	safe_push_point	14	2000	128	5.0	29.23	8.90	5.39	1.78
phase2_6306469.log	6306469	phase2	2026-08-15	1	5984	models/cl_safe_push_point_L14_by_const_d25to5_vanilla_s903/final	safe_push_point	14	2000	128	25.0	51.48	21.34	7.87	0.85
phase2_6306469.log	6306469	phase2	2026-08-15	1	5985	models/cl_safe_push_point_L14_by_const_d25to5_vanilla_s903/final	safe_push_point	14	2000	128	5.0	28.81	4.61	6.24	0.92
phase2_6306470.log	6306470	phase2	2026-08-15	1	5988	models/cl_safe_push_point_L14_by_const_d25to5_vanilla_s903/final	safe_push_point	14	2000	128	25.0	50.27	19.61	9.25	0.78
phase2_6306470.log	6306470	phase2	2026-08-15	1	5989	models/cl_safe_push_point_L14_by_const_d25to5_vanilla_s903/final	safe_push_point	14	2000	128	5.0	25.86	5.00	4.90	1.00
phase2_6306471.log	6306471	phase2	2026-08-15	1	5984	models/cl_safe_push_point_L14_by_const_d25to5_vanilla_s903/final	safe_push_point	14	2000	128	25.0	58.45	24.38	9.26	0.98
phase2_6306471.log	6306471	phase2	2026-08-15	1	5985	models/cl_safe_push_point_L14_by_const_d25to5_vanilla_s903/final	safe_push_point	14	2000	128	5.0	41.63	12.75	9.61	2.55
phase2_6306473.log	6306473	phase2	2026-08-15	1	5984	models/cl_safe_push_point_L14_by_const_d25to5_vanilla_s903/final	safe_push_point	14	2000	128	25.0	61.20	26.83	9.93	1.07
phase2_6306473.log	6306473	phase2	2026-08-15	1	5985	models/cl_safe_push_point_L14_by_const_d25to5_vanilla_s903/final	safe_push_point	14	2000	128	5.0	43.10	17.58	10.67	3.52
phase2_6306474.log	6306474	phase2	2026-08-15	1	5984	models/cl_safe_push_point_L14_by_const_d25to5_vanilla_s903/final	safe_push_point	14	2000	128	25.0	61.58	31.43	11.54	1.26
phase2_6306474.log	6306474	phase2	2026-08-15	1	5985	models/cl_safe_push_point_L14_by_const_d25to5_vanilla_s903/final	safe_push_point	14	2000	128	5.0	43.27	22.47	14.03	4.49
phase2_6306475.log	6306475	phase2	2026-08-15	1	5984	models/cl_safe_push_point_L14_by_const_d25to5_vanilla_s904/final	safe_push_point	14	2000	128	25.0	43.12	13.62	9.06	0.54
phase2_6306475.log	6306475	phase2	2026-08-15	1	5985	models/cl_safe_push_point_L14_by_const_d25to5_vanilla_s904/final	safe_push_point	14	2000	128	5.0	34.72	5.56	6.22	1.11
phase2_6306476.log	6306476	phase2	2026-08-15	1	5988	models/cl_safe_push_point_L14_by_const_d25to5_vanilla_s904/final	safe_push_point	14	2000	128	25.0	48.67	21.89	8.01	0.88
phase2_6306476.log	6306476	phase2	2026-08-15	1	5989	models/cl_safe_push_point_L14_by_const_d25to5_vanilla_s904/final	safe_push_point	14	2000	128	5.0	42.62	13.17	6.60	2.63
phase2_6306477.log	6306477	phase2	2026-08-15	1	5984	models/cl_safe_push_point_L14_by_const_d25to5_vanilla_s904/final	safe_push_point	14	2000	128	25.0	50.23	19.34	8.55	0.77
phase2_6306477.log	6306477	phase2	2026-08-15	1	5985	models/cl_safe_push_point_L14_by_const_d25to5_vanilla_s904/final	safe_push_point	14	2000	128	5.0	41.24	10.59	7.32	2.12
phase2_6306478.log	6306478	phase2	2026-08-15	1	5984	models/cl_safe_push_point_L14_by_const_d25to5_vanilla_s904/final	safe_push_point	14	2000	128	25.0	50.83	24.68	10.06	0.99
phase2_6306478.log	6306478	phase2	2026-08-15	1	5985	models/cl_safe_push_point_L14_by_const_d25to5_vanilla_s904/final	safe_push_point	14	2000	128	5.0	44.18	14.70	7.95	2.94
phase2_6306479.log	6306479	phase2	2026-08-15	1	5987	models/cl_safe_push_point_L14_by_const_d25to5_vanilla_s904/final	safe_push_point	14	2000	128	25.0	51.45	28.23	9.54	1.13
phase2_6306479.log	6306479	phase2	2026-08-15	1	5988	models/cl_safe_push_point_L14_by_const_d25to5_vanilla_s904/final	safe_push_point	14	2000	128	5.0	44.37	15.96	8.81	3.19
phase2_6306765.log	6306765	phase2	2026-08-15	1	5984	models/cl_safe_push_point_L14_by_threshold_d5to25_naive_s901/final	safe_push_point	14	2000	128	25.0	55.93	26.73	14.98	1.07
phase2_6306765.log	6306765	phase2	2026-08-15	1	5985	models/cl_safe_push_point_L14_by_threshold_d5to25_naive_s901/final	safe_push_point	14	2000	128	5.0	35.19	15.15	8.48	3.03
phase2_6306766.log	6306766	phase2	2026-08-15	1	5984	models/cl_safe_push_point_L14_by_threshold_d5to25_vanilla_s901/final	safe_push_point	14	2000	128	25.0	28.23	22.13	10.08	0.89
phase2_6306766.log	6306766	phase2	2026-08-15	1	5985	models/cl_safe_push_point_L14_by_threshold_d5to25_vanilla_s901/final	safe_push_point	14	2000	128	5.0	27.92	5.91	4.55	1.18
phase2_6306767.log	6306767	phase2	2026-08-15	1	5984	models/cl_safe_push_point_L14_by_threshold_d25to5_naive_s901/final	safe_push_point	14	2000	128	25.0	30.03	24.26	16.91	0.97
phase2_6306767.log	6306767	phase2	2026-08-15	1	5985	models/cl_safe_push_point_L14_by_threshold_d25to5_naive_s901/final	safe_push_point	14	2000	128	5.0	34.45	4.71	4.81	0.94
phase2_6306768.log	6306768	phase2	2026-08-15	1	5988	models/cl_safe_push_point_L14_by_threshold_d25to5_vanilla_s901/final	safe_push_point	14	2000	128	25.0	49.43	17.70	9.90	0.71
phase2_6306768.log	6306768	phase2	2026-08-15	1	5989	models/cl_safe_push_point_L14_by_threshold_d25to5_vanilla_s901/final	safe_push_point	14	2000	128	5.0	40.88	11.35	7.70	2.27
phase2_6306769.log	6306769	phase2	2026-08-15	1	5985	models/cl_safe_push_point_L14_by_threshold_d5to25_naive_s903/final	safe_push_point	14	2000	128	25.0	66.48	22.34	10.64	0.89
phase2_6306769.log	6306769	phase2	2026-08-15	1	5986	models/cl_safe_push_point_L14_by_threshold_d5to25_naive_s903/final	safe_push_point	14	2000	128	5.0	52.07	14.80	9.50	2.96
phase2_6306770.log	6306770	phase2	2026-08-15	1	5984	models/cl_safe_push_point_L14_by_threshold_d5to25_vanilla_s903/final	safe_push_point	14	2000	128	25.0	26.73	28.68	66.64	1.15
phase2_6306770.log	6306770	phase2	2026-08-15	1	5985	models/cl_safe_push_point_L14_by_threshold_d5to25_vanilla_s903/final	safe_push_point	14	2000	128	5.0	29.03	4.72	4.04	0.94
phase2_6306771.log	6306771	phase2	2026-08-16	1	5984	models/cl_safe_push_point_L14_by_threshold_d25to5_naive_s903/final	safe_push_point	14	2000	128	25.0	41.99	33.70	11.19	1.35
phase2_6306771.log	6306771	phase2	2026-08-16	1	5985	models/cl_safe_push_point_L14_by_threshold_d25to5_naive_s903/final	safe_push_point	14	2000	128	5.0	33.99	3.88	3.86	0.78
phase2_6306772.log	6306772	phase2	2026-08-16	1	5984	models/cl_safe_push_point_L14_by_threshold_d25to5_vanilla_s903/final	safe_push_point	14	2000	128	25.0	49.85	20.38	8.76	0.82
phase2_6306772.log	6306772	phase2	2026-08-16	1	5985	models/cl_safe_push_point_L14_by_threshold_d25to5_vanilla_s903/final	safe_push_point	14	2000	128	5.0	31.16	9.26	6.73	1.85
phase2_6308428.log	6308428	phase2	2026-08-16	1	5984	models/cl_safe_push_point_L14_by_const_d5to25_vanilla_s901/final	safe_push_point	14	2000	128	25.0	33.38	29.04	7.96	1.16
phase2_6308428.log	6308428	phase2	2026-08-16	1	5985	models/cl_safe_push_point_L14_by_const_d5to25_vanilla_s901/final	safe_push_point	14	2000	128	5.0	27.98	7.12	4.67	1.42
phase2_6308429.log	6308429	phase2	2026-08-16	1	5983	models/cl_safe_push_point_L14_by_const_d5to25_vanilla_s903/final	safe_push_point	14	2000	128	25.0	41.04	30.04	6.74	1.20
phase2_6308429.log	6308429	phase2	2026-08-16	1	5984	models/cl_safe_push_point_L14_by_const_d5to25_vanilla_s903/final	safe_push_point	14	2000	128	5.0	28.85	3.09	4.82	0.62
phase2_6308430.log	6308430	phase2	2026-08-16	1	5983	models/cl_safe_push_point_L14_by_const_d5to25_vanilla_s904/final	safe_push_point	14	2000	128	25.0	33.81	25.33	6.69	1.01
phase2_6308430.log	6308430	phase2	2026-08-16	1	5984	models/cl_safe_push_point_L14_by_const_d5to25_vanilla_s904/final	safe_push_point	14	2000	128	5.0	27.38	4.14	4.06	0.83
phase2_6308431.log	6308431	phase2	2026-08-16	1	5985	models/cl_safe_push_point_L14_by_const_d5to25_vanilla_s901/final	safe_push_point	14	2000	128	25.0	22.09	27.92	8.38	1.12
phase2_6308431.log	6308431	phase2	2026-08-16	1	5986	models/cl_safe_push_point_L14_by_const_d5to25_vanilla_s901/final	safe_push_point	14	2000	128	5.0	23.49	7.18	15.57	1.44
phase2_6308432.log	6308432	phase2	2026-08-16	1	5984	models/cl_safe_push_point_L14_by_const_d5to25_vanilla_s901/final	safe_push_point	14	2000	128	25.0	17.85	24.52	7.22	0.98
phase2_6308432.log	6308432	phase2	2026-08-16	1	5985	models/cl_safe_push_point_L14_by_const_d5to25_vanilla_s901/final	safe_push_point	14	2000	128	5.0	23.44	5.71	5.39	1.14
phase2_6308433.log	6308433	phase2	2026-08-16	1	5985	models/cl_safe_push_point_L14_by_const_d25to5_vanilla_s901/final	safe_push_point	14	2000	128	25.0	39.95	30.48	12.58	1.22
phase2_6308433.log	6308433	phase2	2026-08-16	1	5986	models/cl_safe_push_point_L14_by_const_d25to5_vanilla_s901/final	safe_push_point	14	2000	128	5.0	31.15	5.91	15.42	1.18
phase2_6308434.log	6308434	phase2	2026-08-16	1	5984	models/cl_safe_push_point_L14_by_const_d25to5_vanilla_s901/final	safe_push_point	14	2000	128	25.0	38.74	18.01	10.93	0.72
phase2_6308434.log	6308434	phase2	2026-08-16	1	5985	models/cl_safe_push_point_L14_by_const_d25to5_vanilla_s901/final	safe_push_point	14	2000	128	5.0	30.55	5.02	6.01	1.00
phase2_6308435.log	6308435	phase2	2026-08-16	1	5984	models/cl_safe_push_point_L14_by_const_d25to5_vanilla_s901/final	safe_push_point	14	2000	128	25.0	47.97	15.71	8.00	0.63
phase2_6308435.log	6308435	phase2	2026-08-16	1	5985	models/cl_safe_push_point_L14_by_const_d25to5_vanilla_s901/final	safe_push_point	14	2000	128	5.0	37.27	8.22	7.54	1.64
phase2_6308436.log	6308436	phase2	2026-08-16	1	5988	models/cl_safe_push_point_L14_by_const_d25to5_vanilla_s903/final	safe_push_point	14	2000	128	25.0	50.25	27.93	8.44	1.12
phase2_6308436.log	6308436	phase2	2026-08-16	1	5989	models/cl_safe_push_point_L14_by_const_d25to5_vanilla_s903/final	safe_push_point	14	2000	128	5.0	33.20	5.07	8.08	1.01
phase2_6308437.log	6308437	phase2	2026-08-16	1	5984	models/cl_safe_push_point_L14_by_const_d25to5_vanilla_s904/final	safe_push_point	14	2000	128	25.0	36.99	12.76	8.39	0.51
phase2_6308437.log	6308437	phase2	2026-08-16	1	5985	models/cl_safe_push_point_L14_by_const_d25to5_vanilla_s904/final	safe_push_point	14	2000	128	5.0	33.80	4.32	4.48	0.86
phase2_6308952.log	6308952	phase2	2026-08-16	1	5984	models/cl_safe_push_point_L14_by_const_d5to25_vanilla_s902/final	safe_push_point	14	2000	128	25.0	43.74	24.61	6.41	0.98
phase2_6308952.log	6308952	phase2	2026-08-16	1	5985	models/cl_safe_push_point_L14_by_const_d5to25_vanilla_s902/final	safe_push_point	14	2000	128	5.0	30.02	5.43	5.54	1.09
phase2_6308953.log	6308953	phase2	2026-08-16	1	5984	models/cl_safe_push_point_L14_by_const_d5to25_vanilla_s905/final	safe_push_point	14	2000	128	25.0	17.84	18.13	24.89	0.73
phase2_6308953.log	6308953	phase2	2026-08-16	1	5985	models/cl_safe_push_point_L14_by_const_d5to25_vanilla_s905/final	safe_push_point	14	2000	128	5.0	19.02	6.50	37.61	1.30
phase2_6308954.log	6308954	phase2	2026-08-16	1	5984	models/cl_safe_push_point_L14_by_const_d5to25_realvb_s901/final	safe_push_point	14	2000	128	25.0	33.11	27.86	7.76	1.11
phase2_6308954.log	6308954	phase2	2026-08-16	1	5985	models/cl_safe_push_point_L14_by_const_d5to25_realvb_s901/final	safe_push_point	14	2000	128	5.0	27.89	6.71	4.49	1.34
phase2_6308955.log	6308955	phase2	2026-08-16	1	5983	models/cl_safe_push_point_L14_by_const_d5to25_realvb_s902/final	safe_push_point	14	2000	128	25.0	41.63	26.63	8.07	1.07
phase2_6308955.log	6308955	phase2	2026-08-16	1	5984	models/cl_safe_push_point_L14_by_const_d5to25_realvb_s902/final	safe_push_point	14	2000	128	5.0	31.69	5.45	4.39	1.09
phase2_6308956.log	6308956	phase2	2026-08-16	1	5984	models/cl_safe_push_point_L14_by_const_d5to25_realvb_s903/final	safe_push_point	14	2000	128	25.0	14.54	31.24	54.99	1.25
phase2_6308956.log	6308956	phase2	2026-08-16	1	5985	models/cl_safe_push_point_L14_by_const_d5to25_realvb_s903/final	safe_push_point	14	2000	128	5.0	13.32	2.89	6.97	0.58
phase2_6308957.log	6308957	phase2	2026-08-16	1	5984	models/cl_safe_push_point_L14_by_const_d5to25_realvb_s904/final	safe_push_point	14	2000	128	25.0	37.40	28.01	24.46	1.12
phase2_6308957.log	6308957	phase2	2026-08-16	1	5985	models/cl_safe_push_point_L14_by_const_d5to25_realvb_s904/final	safe_push_point	14	2000	128	5.0	28.66	4.24	6.10	0.85
phase2_6308958.log	6308958	phase2	2026-08-16	1	5984	models/cl_safe_push_point_L14_by_const_d5to25_realvb_s905/final	safe_push_point	14	2000	128	25.0	12.01	21.50	16.09	0.86
phase2_6308958.log	6308958	phase2	2026-08-16	1	5985	models/cl_safe_push_point_L14_by_const_d5to25_realvb_s905/final	safe_push_point	14	2000	128	5.0	14.26	5.74	9.44	1.15
phase2_6308959.log	6308959	phase2	2026-08-16	1	5984	models/cl_safe_push_point_L14_by_const_d25to5_vanilla_s901/final	safe_push_point	14	2000	128	25.0	38.48	16.80	8.88	0.67
phase2_6308959.log	6308959	phase2	2026-08-16	1	5985	models/cl_safe_push_point_L14_by_const_d25to5_vanilla_s901/final	safe_push_point	14	2000	128	5.0	32.35	5.36	7.62	1.07
phase2_6308960.log	6308960	phase2	2026-08-16	1	5988	models/cl_safe_push_point_L14_by_const_d25to5_vanilla_s902/final	safe_push_point	14	2000	128	25.0	52.23	19.49	9.23	0.78
phase2_6308960.log	6308960	phase2	2026-08-16	1	5989	models/cl_safe_push_point_L14_by_const_d25to5_vanilla_s902/final	safe_push_point	14	2000	128	5.0	37.77	5.26	8.00	1.05
phase2_6308961.log	6308961	phase2	2026-08-16	1	5987	models/cl_safe_push_point_L14_by_const_d25to5_vanilla_s905/final	safe_push_point	14	2000	128	25.0	47.39	16.46	17.85	0.66
phase2_6308961.log	6308961	phase2	2026-08-16	1	5988	models/cl_safe_push_point_L14_by_const_d25to5_vanilla_s905/final	safe_push_point	14	2000	128	5.0	35.40	4.98	4.97	1.00
phase2_6308962.log	6308962	phase2	2026-08-16	1	5984	models/cl_safe_push_point_L14_by_const_d25to5_realvb_s901/final	safe_push_point	14	2000	128	25.0	43.70	17.86	15.35	0.71
phase2_6308962.log	6308962	phase2	2026-08-16	1	5985	models/cl_safe_push_point_L14_by_const_d25to5_realvb_s901/final	safe_push_point	14	2000	128	5.0	32.38	4.24	4.35	0.85
phase2_6308963.log	6308963	phase2	2026-08-16	1	5984	models/cl_safe_push_point_L14_by_const_d25to5_realvb_s902/final	safe_push_point	14	2000	128	25.0	55.44	19.16	8.57	0.77
phase2_6308963.log	6308963	phase2	2026-08-16	1	5985	models/cl_safe_push_point_L14_by_const_d25to5_realvb_s902/final	safe_push_point	14	2000	128	5.0	31.78	4.02	4.92	0.80
phase2_6308964.log	6308964	phase2	2026-08-16	1	5984	models/cl_safe_push_point_L14_by_const_d25to5_realvb_s903/final	safe_push_point	14	2000	128	25.0	47.58	18.81	7.56	0.75
phase2_6308964.log	6308964	phase2	2026-08-16	1	5985	models/cl_safe_push_point_L14_by_const_d25to5_realvb_s903/final	safe_push_point	14	2000	128	5.0	27.66	4.42	5.74	0.88
phase2_6308965.log	6308965	phase2	2026-08-16	1	5983	models/cl_safe_push_point_L14_by_const_d25to5_realvb_s904/final	safe_push_point	14	2000	128	25.0	42.87	13.81	7.82	0.55
phase2_6308965.log	6308965	phase2	2026-08-16	1	5984	models/cl_safe_push_point_L14_by_const_d25to5_realvb_s904/final	safe_push_point	14	2000	128	5.0	39.51	6.14	6.09	1.23
phase2_6308966.log	6308966	phase2	2026-08-16	1	5983	models/cl_safe_push_point_L14_by_const_d25to5_realvb_s905/final	safe_push_point	14	2000	128	25.0	43.06	11.91	7.48	0.48
phase2_6308966.log	6308966	phase2	2026-08-16	1	5984	models/cl_safe_push_point_L14_by_const_d25to5_realvb_s905/final	safe_push_point	14	2000	128	5.0	28.30	4.58	5.51	0.92
phase2_6310203.log	6310203	phase2	2026-08-17	1	5985	models/cl_safe_goal_pointL1tosafe_push_pointL1_by_const_d25to25_vanilla_s901/final	safe_push_point	1	2000	128	25.0	35.90	13.37	12.88	0.53
phase2_6310203.log	6310203	phase2	2026-08-17	1	5986	models/cl_safe_goal_pointL1tosafe_push_pointL1_by_const_d25to25_vanilla_s901/final	safe_push_point	1	2000	128	5.0	31.25	10.55	10.21	2.11
phase2_6310203.log	6310203	phase2	2026-08-17	2	6005	models/cl_safe_goal_pointL1tosafe_push_pointL1_by_const_d25to25_vanilla_s901/final	safe_goal_point	1	1000	128	25.0	6.52	129.92	118.69	5.20
phase2_6310203.log	6310203	phase2	2026-08-17	2	6006	models/cl_safe_goal_pointL1tosafe_push_pointL1_by_const_d25to25_vanilla_s901/final	safe_goal_point	1	1000	128	5.0	4.95	119.50	98.49	23.90
phase2_6310204.log	6310204	phase2	2026-08-17	1	6474	models/cl_safe_push_pointL1tosafe_goal_pointL1_by_const_d25to25_vanilla_s901/final	safe_goal_point	1	1000	128	25.0	33.73	24.10	9.36	0.96
phase2_6310204.log	6310204	phase2	2026-08-17	1	6475	models/cl_safe_push_pointL1tosafe_goal_pointL1_by_const_d25to25_vanilla_s901/final	safe_goal_point	1	1000	128	5.0	31.84	21.01	8.91	4.20
phase2_6310204.log	6310204	phase2	2026-08-17	2	6494	models/cl_safe_push_pointL1tosafe_goal_pointL1_by_const_d25to25_vanilla_s901/final	safe_push_point	1	2000	128	25.0	9.37	102.26	138.50	4.09
phase2_6310204.log	6310204	phase2	2026-08-17	2	6495	models/cl_safe_push_pointL1tosafe_goal_pointL1_by_const_d25to25_vanilla_s901/final	safe_push_point	1	2000	128	5.0	6.42	58.64	52.61	11.73
phase2_6310205.log	6310205	phase2	2026-08-17	1	5986	models/cl_safe_goal_pointL1tosafe_push_pointL1_by_const_d25to25_vanilla_s901/final	safe_push_point	1	2000	128	25.0	24.30	19.31	18.13	0.77
phase2_6310205.log	6310205	phase2	2026-08-17	1	5987	models/cl_safe_goal_pointL1tosafe_push_pointL1_by_const_d25to25_vanilla_s901/final	safe_push_point	1	2000	128	5.0	17.21	12.28	14.06	2.46
phase2_6310205.log	6310205	phase2	2026-08-17	2	6006	models/cl_safe_goal_pointL1tosafe_push_pointL1_by_const_d25to25_vanilla_s901/final	safe_goal_point	1	1000	128	25.0	9.38	52.17	43.80	2.09
phase2_6310205.log	6310205	phase2	2026-08-17	2	6007	models/cl_safe_goal_pointL1tosafe_push_pointL1_by_const_d25to25_vanilla_s901/final	safe_goal_point	1	1000	128	5.0	8.32	51.48	25.15	10.30
phase2_6310206.log	6310206	phase2	2026-08-17	1	6474	models/cl_safe_push_pointL1tosafe_goal_pointL1_by_const_d25to25_vanilla_s901/final	safe_goal_point	1	1000	128	25.0	31.88	25.94	9.39	1.04
phase2_6310206.log	6310206	phase2	2026-08-17	1	6475	models/cl_safe_push_pointL1tosafe_goal_pointL1_by_const_d25to25_vanilla_s901/final	safe_goal_point	1	1000	128	5.0	31.23	24.02	10.00	4.80
phase2_6310206.log	6310206	phase2	2026-08-17	2	6494	models/cl_safe_push_pointL1tosafe_goal_pointL1_by_const_d25to25_vanilla_s901/final	safe_push_point	1	2000	128	25.0	12.24	101.78	144.51	4.07
phase2_6310206.log	6310206	phase2	2026-08-17	2	6495	models/cl_safe_push_pointL1tosafe_goal_pointL1_by_const_d25to25_vanilla_s901/final	safe_push_point	1	2000	128	5.0	13.76	93.59	131.70	18.72
phase2_6310207.log	6310207	phase2	2026-08-17	1	5990	models/cl_safe_goal_pointL1tosafe_push_pointL1_by_const_d25to25_vanilla_s901/final	safe_push_point	1	2000	128	25.0	4.42	11.76	19.39	0.47
phase2_6310207.log	6310207	phase2	2026-08-17	1	5991	models/cl_safe_goal_pointL1tosafe_push_pointL1_by_const_d25to25_vanilla_s901/final	safe_push_point	1	2000	128	5.0	5.22	11.99	18.82	2.40
phase2_6310207.log	6310207	phase2	2026-08-17	2	6012	models/cl_safe_goal_pointL1tosafe_push_pointL1_by_const_d25to25_vanilla_s901/final	safe_goal_point	1	1000	128	25.0	15.69	82.70	37.37	3.31
phase2_6310207.log	6310207	phase2	2026-08-17	2	6013	models/cl_safe_goal_pointL1tosafe_push_pointL1_by_const_d25to25_vanilla_s901/final	safe_goal_point	1	1000	128	5.0	17.37	98.23	92.75	19.65
phase2_6310208.log	6310208	phase2	2026-08-17	1	6478	models/cl_safe_push_pointL1tosafe_goal_pointL1_by_const_d25to25_vanilla_s901/final	safe_goal_point	1	1000	128	25.0	27.55	24.91	9.99	1.00
phase2_6310208.log	6310208	phase2	2026-08-17	1	6479	models/cl_safe_push_pointL1tosafe_goal_pointL1_by_const_d25to25_vanilla_s901/final	safe_goal_point	1	1000	128	5.0	25.48	20.44	11.31	4.09
phase2_6310208.log	6310208	phase2	2026-08-17	2	6500	models/cl_safe_push_pointL1tosafe_goal_pointL1_by_const_d25to25_vanilla_s901/final	safe_push_point	1	2000	128	25.0	21.81	113.44	37.36	4.54
phase2_6310208.log	6310208	phase2	2026-08-17	2	6501	models/cl_safe_push_pointL1tosafe_goal_pointL1_by_const_d25to25_vanilla_s901/final	safe_push_point	1	2000	128	5.0	21.57	102.78	59.18	20.56
phase2_6310209.log	6310209	phase2	2026-08-17	1	5989	models/cl_safe_goal_pointL1tosafe_push_pointL1_by_const_d25to25_vanilla_s901/final	safe_push_point	1	2000	128	25.0	0.14	11.86	127.68	0.47
phase2_6310209.log	6310209	phase2	2026-08-17	1	5990	models/cl_safe_goal_pointL1tosafe_push_pointL1_by_const_d25to25_vanilla_s901/final	safe_push_point	1	2000	128	5.0	0.12	0.51	3.19	0.10
phase2_6310209.log	6310209	phase2	2026-08-17	2	6011	models/cl_safe_goal_pointL1tosafe_push_pointL1_by_const_d25to25_vanilla_s901/final	safe_goal_point	1	1000	128	25.0	27.84	60.43	19.54	2.42
phase2_6310209.log	6310209	phase2	2026-08-17	2	6012	models/cl_safe_goal_pointL1tosafe_push_pointL1_by_const_d25to25_vanilla_s901/final	safe_goal_point	1	1000	128	5.0	26.99	62.30	19.64	12.46
phase2_6310210.log	6310210	phase2	2026-08-17	1	6474	models/cl_safe_push_pointL1tosafe_goal_pointL1_by_const_d25to25_vanilla_s901/final	safe_goal_point	1	1000	128	25.0	0.12	17.67	33.81	0.71
phase2_6310210.log	6310210	phase2	2026-08-17	1	6475	models/cl_safe_push_pointL1tosafe_goal_pointL1_by_const_d25to25_vanilla_s901/final	safe_goal_point	1	1000	128	5.0	0.23	61.75	72.94	12.35
phase2_6310210.log	6310210	phase2	2026-08-17	2	6494	models/cl_safe_push_pointL1tosafe_goal_pointL1_by_const_d25to25_vanilla_s901/final	safe_push_point	1	2000	128	25.0	21.50	116.73	66.10	4.67
phase2_6310210.log	6310210	phase2	2026-08-17	2	6495	models/cl_safe_push_pointL1tosafe_goal_pointL1_by_const_d25to25_vanilla_s901/final	safe_push_point	1	2000	128	5.0	24.96	101.35	60.30	20.27
phase2_6310211.log	6310211	phase2	2026-08-17	1	5990	models/cl_safe_goal_pointL1tosafe_push_pointL1_by_const_d25to25_vanilla_s901/final	safe_push_point	1	2000	128	25.0	1.55	11.32	12.51	0.45
phase2_6310211.log	6310211	phase2	2026-08-17	1	5991	models/cl_safe_goal_pointL1tosafe_push_pointL1_by_const_d25to25_vanilla_s901/final	safe_push_point	1	2000	128	5.0	1.41	11.02	17.48	2.20
phase2_6310211.log	6310211	phase2	2026-08-17	2	6012	models/cl_safe_goal_pointL1tosafe_push_pointL1_by_const_d25to25_vanilla_s901/final	safe_goal_point	1	1000	128	25.0	18.08	45.49	31.74	1.82
phase2_6310211.log	6310211	phase2	2026-08-17	2	6013	models/cl_safe_goal_pointL1tosafe_push_pointL1_by_const_d25to25_vanilla_s901/final	safe_goal_point	1	1000	128	5.0	16.07	43.87	40.89	8.77
phase2_6310212.log	6310212	phase2	2026-08-17	1	6474	models/cl_safe_push_pointL1tosafe_goal_pointL1_by_const_d25to25_vanilla_s901/final	safe_goal_point	1	1000	128	25.0	0.11	23.23	56.72	0.93
phase2_6310212.log	6310212	phase2	2026-08-17	1	6475	models/cl_safe_push_pointL1tosafe_goal_pointL1_by_const_d25to25_vanilla_s901/final	safe_goal_point	1	1000	128	5.0	0.21	43.84	56.32	8.77
phase2_6310212.log	6310212	phase2	2026-08-17	2	6494	models/cl_safe_push_pointL1tosafe_goal_pointL1_by_const_d25to25_vanilla_s901/final	safe_push_point	1	2000	128	25.0	16.94	125.75	69.17	5.03
phase2_6310212.log	6310212	phase2	2026-08-17	2	6495	models/cl_safe_push_pointL1tosafe_goal_pointL1_by_const_d25to25_vanilla_s901/final	safe_push_point	1	2000	128	5.0	18.89	111.26	56.47	22.25
phase2_6310213.log	6310213	phase2	2026-08-17	1	5986	models/cl_safe_goal_pointL1tosafe_push_pointL1_by_const_d25to25_naive_s901/final	safe_push_point	1	2000	128	25.0	71.39	22.97	15.84	0.92
phase2_6310213.log	6310213	phase2	2026-08-17	1	5987	models/cl_safe_goal_pointL1tosafe_push_pointL1_by_const_d25to25_naive_s901/final	safe_push_point	1	2000	128	5.0	69.03	23.74	15.84	4.75
phase2_6310213.log	6310213	phase2	2026-08-17	2	6006	models/cl_safe_goal_pointL1tosafe_push_pointL1_by_const_d25to25_naive_s901/final	safe_goal_point	1	1000	128	25.0	2.72	65.29	59.63	2.61
phase2_6310213.log	6310213	phase2	2026-08-17	2	6007	models/cl_safe_goal_pointL1tosafe_push_pointL1_by_const_d25to25_naive_s901/final	safe_goal_point	1	1000	128	5.0	1.33	76.30	59.75	15.26
phase2_6310214.log	6310214	phase2	2026-08-17	1	6477	models/cl_safe_push_pointL1tosafe_goal_pointL1_by_const_d25to25_naive_s901/final	safe_goal_point	1	1000	128	25.0	33.66	25.93	9.22	1.04
phase2_6310214.log	6310214	phase2	2026-08-17	1	6478	models/cl_safe_push_pointL1tosafe_goal_pointL1_by_const_d25to25_naive_s901/final	safe_goal_point	1	1000	128	5.0	32.34	23.43	9.35	4.69
phase2_6310214.log	6310214	phase2	2026-08-17	2	6499	models/cl_safe_push_pointL1tosafe_goal_pointL1_by_const_d25to25_naive_s901/final	safe_push_point	1	2000	128	25.0	-0.05	166.44	274.78	6.66
phase2_6310214.log	6310214	phase2	2026-08-17	2	6500	models/cl_safe_push_pointL1tosafe_goal_pointL1_by_const_d25to25_naive_s901/final	safe_push_point	1	2000	128	5.0	-0.10	136.83	204.04	27.37
phase2_6310216.log	6310216	phase2	2026-08-17	1	5984	models/cl_safe_push_pointL14tosafe_push_pointL14_by_const_d5to25_l2_s903/final	safe_push_point	14	2000	128	25.0	29.71	33.16	9.64	1.33
phase2_6310216.log	6310216	phase2	2026-08-17	1	5985	models/cl_safe_push_pointL14tosafe_push_pointL14_by_const_d5to25_l2_s903/final	safe_push_point	14	2000	128	5.0	21.26	2.79	4.97	0.56
phase2_6310217.log	6310217	phase2	2026-08-17	1	5988	models/cl_safe_push_pointL14tosafe_push_pointL14_by_const_d25to5_l2_s903/final	safe_push_point	14	2000	128	25.0	51.28	15.10	5.92	0.60
phase2_6310217.log	6310217	phase2	2026-08-17	1	5989	models/cl_safe_push_pointL14tosafe_push_pointL14_by_const_d25to5_l2_s903/final	safe_push_point	14	2000	128	5.0	38.99	6.64	6.74	1.33
phase2_6310218.log	6310218	phase2	2026-08-17	1	5988	models/cl_safe_push_pointL14tosafe_push_pointL14_by_const_d5to25_l2_s904/final	safe_push_point	14	2000	128	25.0	34.42	26.85	7.29	1.07
phase2_6310218.log	6310218	phase2	2026-08-17	1	5989	models/cl_safe_push_pointL14tosafe_push_pointL14_by_const_d5to25_l2_s904/final	safe_push_point	14	2000	128	5.0	28.97	3.74	4.32	0.75
phase2_6310219.log	6310219	phase2	2026-08-17	1	5988	models/cl_safe_push_pointL14tosafe_push_pointL14_by_const_d25to5_l2_s904/final	safe_push_point	14	2000	128	25.0	44.37	13.85	8.73	0.55
phase2_6310219.log	6310219	phase2	2026-08-17	1	5989	models/cl_safe_push_pointL14tosafe_push_pointL14_by_const_d25to5_l2_s904/final	safe_push_point	14	2000	128	5.0	38.07	7.14	6.38	1.43
phase2_6314461.log	6314461	phase2	2026-08-18	1	5988	models/cl_safe_push_pointL14tosafe_push_pointL14_by_const_d5to25_l2_s901/final	safe_push_point	14	2000	128	25.0	34.49	26.26	6.63	1.05
phase2_6314461.log	6314461	phase2	2026-08-18	1	5989	models/cl_safe_push_pointL14tosafe_push_pointL14_by_const_d5to25_l2_s901/final	safe_push_point	14	2000	128	5.0	28.93	7.37	5.68	1.47
phase2_6314462.log	6314462	phase2	2026-08-18	1	5984	models/cl_safe_push_pointL14tosafe_push_pointL14_by_const_d25to5_l2_s901/final	safe_push_point	14	2000	128	25.0	44.59	18.44	13.35	0.74
phase2_6314462.log	6314462	phase2	2026-08-18	1	5985	models/cl_safe_push_pointL14tosafe_push_pointL14_by_const_d25to5_l2_s901/final	safe_push_point	14	2000	128	5.0	36.69	8.06	6.97	1.61
phase2_6314463.log	6314463	phase2	2026-08-18	1	5983	models/cl_safe_push_pointL14tosafe_push_pointL14_by_const_d5to25_l2_s902/final	safe_push_point	14	2000	128	25.0	32.86	26.72	9.50	1.07
phase2_6314463.log	6314463	phase2	2026-08-18	1	5984	models/cl_safe_push_pointL14tosafe_push_pointL14_by_const_d5to25_l2_s902/final	safe_push_point	14	2000	128	5.0	25.35	7.04	10.56	1.41
phase2_6314464.log	6314464	phase2	2026-08-18	1	5984	models/cl_safe_push_pointL14tosafe_push_pointL14_by_const_d25to5_l2_s902/final	safe_push_point	14	2000	128	25.0	54.70	14.61	8.92	0.58
phase2_6314464.log	6314464	phase2	2026-08-18	1	5985	models/cl_safe_push_pointL14tosafe_push_pointL14_by_const_d25to5_l2_s902/final	safe_push_point	14	2000	128	5.0	41.47	6.62	6.80	1.32
phase2_6314465.log	6314465	phase2	2026-08-18	1	5984	models/cl_safe_push_pointL14tosafe_push_pointL14_by_const_d5to25_l2_s905/final	safe_push_point	14	2000	128	25.0	44.06	26.95	8.73	1.08
phase2_6314465.log	6314465	phase2	2026-08-18	1	5985	models/cl_safe_push_pointL14tosafe_push_pointL14_by_const_d5to25_l2_s905/final	safe_push_point	14	2000	128	5.0	32.58	5.07	5.82	1.01
phase2_6314466.log	6314466	phase2	2026-08-18	1	5985	models/cl_safe_push_pointL14tosafe_push_pointL14_by_const_d25to5_l2_s905/final	safe_push_point	14	2000	128	25.0	51.93	15.80	10.35	0.63
phase2_6314466.log	6314466	phase2	2026-08-18	1	5986	models/cl_safe_push_pointL14tosafe_push_pointL14_by_const_d25to5_l2_s905/final	safe_push_point	14	2000	128	5.0	39.60	8.21	8.39	1.64
phase2_6314469.log	6314469	phase2	2026-08-18	1	5989	models/cl_safe_goal_pointL1tosafe_push_pointL1_by_const_d25to25_vanilla_s903/final	safe_push_point	1	2000	128	25.0	79.30	26.69	14.16	1.07
phase2_6314469.log	6314469	phase2	2026-08-18	1	5990	models/cl_safe_goal_pointL1tosafe_push_pointL1_by_const_d25to25_vanilla_s903/final	safe_push_point	1	2000	128	5.0	77.27	38.72	15.25	7.74
phase2_6314469.log	6314469	phase2	2026-08-18	2	6011	models/cl_safe_goal_pointL1tosafe_push_pointL1_by_const_d25to25_vanilla_s903/final	safe_goal_point	1	1000	128	25.0	5.12	103.31	109.93	4.13
phase2_6314469.log	6314469	phase2	2026-08-18	2	6012	models/cl_safe_goal_pointL1tosafe_push_pointL1_by_const_d25to25_vanilla_s903/final	safe_goal_point	1	1000	128	5.0	6.56	91.50	140.80	18.30
phase2_6314470.log	6314470	phase2	2026-08-18	1	6477	models/cl_safe_push_pointL1tosafe_goal_pointL1_by_const_d25to25_vanilla_s903/final	safe_goal_point	1	1000	128	25.0	34.18	23.00	8.72	0.92
phase2_6314470.log	6314470	phase2	2026-08-18	1	6478	models/cl_safe_push_pointL1tosafe_goal_pointL1_by_const_d25to25_vanilla_s903/final	safe_goal_point	1	1000	128	5.0	32.91	20.47	9.51	4.09
phase2_6314470.log	6314470	phase2	2026-08-18	2	6499	models/cl_safe_push_pointL1tosafe_goal_pointL1_by_const_d25to25_vanilla_s903/final	safe_push_point	1	2000	128	25.0	10.31	61.29	49.03	2.45
phase2_6314470.log	6314470	phase2	2026-08-18	2	6500	models/cl_safe_push_pointL1tosafe_goal_pointL1_by_const_d25to25_vanilla_s903/final	safe_push_point	1	2000	128	5.0	12.16	87.31	117.12	17.46
phase2_6314471.log	6314471	phase2	2026-08-18	1	5989	models/cl_safe_goal_pointL1tosafe_push_pointL1_by_const_d25to25_vanilla_s903/final	safe_push_point	1	2000	128	25.0	32.98	22.26	52.27	0.89
phase2_6314471.log	6314471	phase2	2026-08-18	1	5990	models/cl_safe_goal_pointL1tosafe_push_pointL1_by_const_d25to25_vanilla_s903/final	safe_push_point	1	2000	128	5.0	42.70	33.55	56.83	6.71
phase2_6314471.log	6314471	phase2	2026-08-18	2	6011	models/cl_safe_goal_pointL1tosafe_push_pointL1_by_const_d25to25_vanilla_s903/final	safe_goal_point	1	1000	128	25.0	1.09	96.48	80.46	3.86
phase2_6314471.log	6314471	phase2	2026-08-18	2	6012	models/cl_safe_goal_pointL1tosafe_push_pointL1_by_const_d25to25_vanilla_s903/final	safe_goal_point	1	1000	128	5.0	2.69	65.25	54.04	13.05
phase2_6314472.log	6314472	phase2	2026-08-18	1	6478	models/cl_safe_push_pointL1tosafe_goal_pointL1_by_const_d25to25_vanilla_s903/final	safe_goal_point	1	1000	128	25.0	31.66	23.42	9.63	0.94
phase2_6314472.log	6314472	phase2	2026-08-18	1	6479	models/cl_safe_push_pointL1tosafe_goal_pointL1_by_const_d25to25_vanilla_s903/final	safe_goal_point	1	1000	128	5.0	30.62	22.99	10.87	4.60
phase2_6314472.log	6314472	phase2	2026-08-18	2	6500	models/cl_safe_push_pointL1tosafe_goal_pointL1_by_const_d25to25_vanilla_s903/final	safe_push_point	1	2000	128	25.0	21.51	84.48	39.35	3.38
phase2_6314472.log	6314472	phase2	2026-08-18	2	6501	models/cl_safe_push_pointL1tosafe_goal_pointL1_by_const_d25to25_vanilla_s903/final	safe_push_point	1	2000	128	5.0	19.71	84.68	39.31	16.94
phase2_6314473.log	6314473	phase2	2026-08-18	1	5986	models/cl_safe_goal_pointL1tosafe_push_pointL1_by_const_d25to25_vanilla_s903/final	safe_push_point	1	2000	128	25.0	10.25	16.88	27.88	0.68
phase2_6314473.log	6314473	phase2	2026-08-18	1	5987	models/cl_safe_goal_pointL1tosafe_push_pointL1_by_const_d25to25_vanilla_s903/final	safe_push_point	1	2000	128	5.0	11.23	18.50	60.19	3.70
phase2_6314473.log	6314473	phase2	2026-08-18	2	6006	models/cl_safe_goal_pointL1tosafe_push_pointL1_by_const_d25to25_vanilla_s903/final	safe_goal_point	1	1000	128	25.0	9.12	26.68	50.15	1.07
phase2_6314473.log	6314473	phase2	2026-08-18	2	6007	models/cl_safe_goal_pointL1tosafe_push_pointL1_by_const_d25to25_vanilla_s903/final	safe_goal_point	1	1000	128	5.0	13.29	46.47	122.15	9.29
phase2_6314474.log	6314474	phase2	2026-08-18	1	6478	models/cl_safe_push_pointL1tosafe_goal_pointL1_by_const_d25to25_vanilla_s903/final	safe_goal_point	1	1000	128	25.0	28.44	23.15	11.11	0.93
phase2_6314474.log	6314474	phase2	2026-08-18	1	6479	models/cl_safe_push_pointL1tosafe_goal_pointL1_by_const_d25to25_vanilla_s903/final	safe_goal_point	1	1000	128	5.0	26.60	26.37	11.79	5.27
phase2_6314474.log	6314474	phase2	2026-08-18	2	6500	models/cl_safe_push_pointL1tosafe_goal_pointL1_by_const_d25to25_vanilla_s903/final	safe_push_point	1	2000	128	25.0	26.52	105.19	45.29	4.21
phase2_6314474.log	6314474	phase2	2026-08-18	2	6501	models/cl_safe_push_pointL1tosafe_goal_pointL1_by_const_d25to25_vanilla_s903/final	safe_push_point	1	2000	128	5.0	25.64	103.22	43.71	20.64
phase2_6314475.log	6314475	phase2	2026-08-18	1	5989	models/cl_safe_goal_pointL1tosafe_push_pointL1_by_const_d25to25_naive_s903/final	safe_push_point	1	2000	128	25.0	82.70	26.13	20.90	1.05
phase2_6314475.log	6314475	phase2	2026-08-18	1	5990	models/cl_safe_goal_pointL1tosafe_push_pointL1_by_const_d25to25_naive_s903/final	safe_push_point	1	2000	128	5.0	79.65	26.90	14.70	5.38
phase2_6314475.log	6314475	phase2	2026-08-18	2	6011	models/cl_safe_goal_pointL1tosafe_push_pointL1_by_const_d25to25_naive_s903/final	safe_goal_point	1	1000	128	25.0	0.56	333.89	44.00	13.36
phase2_6314475.log	6314475	phase2	2026-08-18	2	6012	models/cl_safe_goal_pointL1tosafe_push_pointL1_by_const_d25to25_naive_s903/final	safe_goal_point	1	1000	128	5.0	0.96	306.48	67.91	61.30
phase2_6314476.log	6314476	phase2	2026-08-18	1	6479	models/cl_safe_push_pointL1tosafe_goal_pointL1_by_const_d25to25_naive_s903/final	safe_goal_point	1	1000	128	25.0	34.64	25.51	10.32	1.02
phase2_6314476.log	6314476	phase2	2026-08-18	1	6480	models/cl_safe_push_pointL1tosafe_goal_pointL1_by_const_d25to25_naive_s903/final	safe_goal_point	1	1000	128	5.0	33.83	24.15	9.28	4.83
phase2_6314476.log	6314476	phase2	2026-08-18	2	6501	models/cl_safe_push_pointL1tosafe_goal_pointL1_by_const_d25to25_naive_s903/final	safe_push_point	1	2000	128	25.0	-0.13	83.47	207.00	3.34
phase2_6314476.log	6314476	phase2	2026-08-18	2	6502	models/cl_safe_push_pointL1tosafe_goal_pointL1_by_const_d25to25_naive_s903/final	safe_push_point	1	2000	128	5.0	-0.16	56.37	159.53	11.27
phase2_6316917.log	6316917	phase2	2026-08-18	1	5986	models/cl_safe_goal_pointL1tosafe_push_pointL1_by_const_d25to25_vanilla_s904/final	safe_push_point	1	2000	128	25.0	59.02	21.67	14.87	0.87
phase2_6316917.log	6316917	phase2	2026-08-18	1	5987	models/cl_safe_goal_pointL1tosafe_push_pointL1_by_const_d25to25_vanilla_s904/final	safe_push_point	1	2000	128	5.0	48.56	25.43	77.49	5.09
phase2_6316917.log	6316917	phase2	2026-08-18	2	6006	models/cl_safe_goal_pointL1tosafe_push_pointL1_by_const_d25to25_vanilla_s904/final	safe_goal_point	1	1000	128	25.0	1.13	99.22	206.35	3.97
phase2_6316917.log	6316917	phase2	2026-08-18	2	6007	models/cl_safe_goal_pointL1tosafe_push_pointL1_by_const_d25to25_vanilla_s904/final	safe_goal_point	1	1000	128	5.0	1.77	91.47	137.62	18.29
phase2_6316918.log	6316918	phase2	2026-08-18	1	6474	models/cl_safe_push_pointL1tosafe_goal_pointL1_by_const_d25to25_vanilla_s904/final	safe_goal_point	1	1000	128	25.0	34.64	23.71	10.00	0.95
phase2_6316918.log	6316918	phase2	2026-08-18	1	6475	models/cl_safe_push_pointL1tosafe_goal_pointL1_by_const_d25to25_vanilla_s904/final	safe_goal_point	1	1000	128	5.0	33.06	23.54	9.87	4.71
phase2_6316918.log	6316918	phase2	2026-08-18	2	6494	models/cl_safe_push_pointL1tosafe_goal_pointL1_by_const_d25to25_vanilla_s904/final	safe_push_point	1	2000	128	25.0	2.28	168.07	340.69	6.72
phase2_6316918.log	6316918	phase2	2026-08-18	2	6495	models/cl_safe_push_pointL1tosafe_goal_pointL1_by_const_d25to25_vanilla_s904/final	safe_push_point	1	2000	128	5.0	1.83	119.81	211.42	23.96
phase2_6316919.log	6316919	phase2	2026-08-18	1	5990	models/cl_safe_goal_pointL1tosafe_push_pointL1_by_const_d25to25_vanilla_s904/final	safe_push_point	1	2000	128	25.0	25.38	18.41	15.70	0.74
phase2_6316919.log	6316919	phase2	2026-08-18	1	5991	models/cl_safe_goal_pointL1tosafe_push_pointL1_by_const_d25to25_vanilla_s904/final	safe_push_point	1	2000	128	5.0	21.17	15.20	11.66	3.04
phase2_6316919.log	6316919	phase2	2026-08-18	2	6012	models/cl_safe_goal_pointL1tosafe_push_pointL1_by_const_d25to25_vanilla_s904/final	safe_goal_point	1	1000	128	25.0	1.10	37.11	135.94	1.48
phase2_6316919.log	6316919	phase2	2026-08-18	2	6013	models/cl_safe_goal_pointL1tosafe_push_pointL1_by_const_d25to25_vanilla_s904/final	safe_goal_point	1	1000	128	5.0	0.51	58.02	210.36	11.60
phase2_6316920.log	6316920	phase2	2026-08-18	1	6474	models/cl_safe_push_pointL1tosafe_goal_pointL1_by_const_d25to25_vanilla_s904/final	safe_goal_point	1	1000	128	25.0	32.42	26.36	10.61	1.05
phase2_6316920.log	6316920	phase2	2026-08-18	1	6475	models/cl_safe_push_pointL1tosafe_goal_pointL1_by_const_d25to25_vanilla_s904/final	safe_goal_point	1	1000	128	5.0	31.57	23.05	10.71	4.61
phase2_6316920.log	6316920	phase2	2026-08-18	2	6494	models/cl_safe_push_pointL1tosafe_goal_pointL1_by_const_d25to25_vanilla_s904/final	safe_push_point	1	2000	128	25.0	28.28	92.03	43.63	3.68
phase2_6316920.log	6316920	phase2	2026-08-18	2	6495	models/cl_safe_push_pointL1tosafe_goal_pointL1_by_const_d25to25_vanilla_s904/final	safe_push_point	1	2000	128	5.0	29.97	89.68	38.49	17.94
phase2_6316921.log	6316921	phase2	2026-08-18	1	5986	models/cl_safe_goal_pointL1tosafe_push_pointL1_by_const_d25to25_vanilla_s904/final	safe_push_point	1	2000	128	25.0	0.67	2.38	4.66	0.10
phase2_6316921.log	6316921	phase2	2026-08-18	1	5987	models/cl_safe_goal_pointL1tosafe_push_pointL1_by_const_d25to25_vanilla_s904/final	safe_push_point	1	2000	128	5.0	0.74	15.13	98.62	3.03
phase2_6316921.log	6316921	phase2	2026-08-18	2	6006	models/cl_safe_goal_pointL1tosafe_push_pointL1_by_const_d25to25_vanilla_s904/final	safe_goal_point	1	1000	128	25.0	19.70	42.25	23.21	1.69
phase2_6316921.log	6316921	phase2	2026-08-18	2	6007	models/cl_safe_goal_pointL1tosafe_push_pointL1_by_const_d25to25_vanilla_s904/final	safe_goal_point	1	1000	128	5.0	17.68	51.91	73.97	10.38
phase2_6316922.log	6316922	phase2	2026-08-18	1	6474	models/cl_safe_push_pointL1tosafe_goal_pointL1_by_const_d25to25_vanilla_s904/final	safe_goal_point	1	1000	128	25.0	28.37	21.22	11.99	0.85
phase2_6316922.log	6316922	phase2	2026-08-18	1	6475	models/cl_safe_push_pointL1tosafe_goal_pointL1_by_const_d25to25_vanilla_s904/final	safe_goal_point	1	1000	128	5.0	27.45	18.30	8.98	3.66
phase2_6316922.log	6316922	phase2	2026-08-18	2	6494	models/cl_safe_push_pointL1tosafe_goal_pointL1_by_const_d25to25_vanilla_s904/final	safe_push_point	1	2000	128	25.0	32.55	91.93	28.40	3.68
phase2_6316922.log	6316922	phase2	2026-08-18	2	6495	models/cl_safe_push_pointL1tosafe_goal_pointL1_by_const_d25to25_vanilla_s904/final	safe_push_point	1	2000	128	5.0	34.74	94.02	29.52	18.80
phase2_6316923.log	6316923	phase2	2026-08-18	1	5986	models/cl_safe_goal_pointL1tosafe_push_pointL1_by_const_d25to25_naive_s904/final	safe_push_point	1	2000	128	25.0	54.18	23.60	18.30	0.94
phase2_6316923.log	6316923	phase2	2026-08-18	1	5987	models/cl_safe_goal_pointL1tosafe_push_pointL1_by_const_d25to25_naive_s904/final	safe_push_point	1	2000	128	5.0	52.36	26.19	46.50	5.24
phase2_6316923.log	6316923	phase2	2026-08-18	2	6006	models/cl_safe_goal_pointL1tosafe_push_pointL1_by_const_d25to25_naive_s904/final	safe_goal_point	1	1000	128	25.0	0.09	40.41	65.49	1.62
phase2_6316923.log	6316923	phase2	2026-08-18	2	6007	models/cl_safe_goal_pointL1tosafe_push_pointL1_by_const_d25to25_naive_s904/final	safe_goal_point	1	1000	128	5.0	0.02	46.45	59.34	9.29
phase2_6316936.log	6316936	phase2	2026-08-18	1	6474	models/cl_safe_push_pointL1tosafe_goal_pointL1_by_const_d25to25_naive_s904/final	safe_goal_point	1	1000	128	25.0	35.26	24.76	9.82	0.99
phase2_6316936.log	6316936	phase2	2026-08-18	1	6475	models/cl_safe_push_pointL1tosafe_goal_pointL1_by_const_d25to25_naive_s904/final	safe_goal_point	1	1000	128	5.0	33.76	21.17	8.36	4.23
phase2_6316936.log	6316936	phase2	2026-08-18	2	6494	models/cl_safe_push_pointL1tosafe_goal_pointL1_by_const_d25to25_naive_s904/final	safe_push_point	1	2000	128	25.0	-0.49	670.65	474.63	26.83
phase2_6316936.log	6316936	phase2	2026-08-18	2	6495	models/cl_safe_push_pointL1tosafe_goal_pointL1_by_const_d25to25_naive_s904/final	safe_push_point	1	2000	128	5.0	-0.54	830.32	410.36	166.06
phase2_6317032.log	6317032	phase2	2026-08-19	1	5983	models/cl_safe_push_pointL1tosafe_push_pointL14_by_const_d25to25_naive_s901/final	safe_push_point	14	2000	128	25.0	54.45	23.88	10.09	0.96
phase2_6317032.log	6317032	phase2	2026-08-19	2	6002	models/cl_safe_push_pointL1tosafe_push_pointL14_by_const_d25to25_naive_s901/final	safe_push_point	1	2000	128	25.0	62.85	27.66	14.76	1.11
phase2_6317033.log	6317033	phase2	2026-08-19	1	5988	models/cl_safe_push_pointL14tosafe_push_pointL1_by_const_d25to25_naive_s901/final	safe_push_point	1	2000	128	25.0	76.30	23.77	13.63	0.95
phase2_6317033.log	6317033	phase2	2026-08-19	2	6009	models/cl_safe_push_pointL14tosafe_push_pointL1_by_const_d25to25_naive_s901/final	safe_push_point	14	2000	128	25.0	48.85	259.61	38.07	10.38
phase2_6317034.log	6317034	phase2	2026-08-19	1	5983	models/cl_safe_push_pointL14tosafe_push_pointL16_by_const_d25to25_naive_s901/final	safe_push_point	16	2000	128	25.0	55.00	26.30	8.35	1.05
phase2_6317034.log	6317034	phase2	2026-08-19	2	6002	models/cl_safe_push_pointL14tosafe_push_pointL16_by_const_d25to25_naive_s901/final	safe_push_point	14	2000	128	25.0	54.68	28.05	12.17	1.12
phase2_6317035.log	6317035	phase2	2026-08-19	1	5985	models/cl_safe_push_pointL16tosafe_push_pointL14_by_const_d25to25_naive_s901/final	safe_push_point	14	2000	128	25.0	55.46	24.35	9.87	0.97
phase2_6317035.log	6317035	phase2	2026-08-19	2	6004	models/cl_safe_push_pointL16tosafe_push_pointL14_by_const_d25to25_naive_s901/final	safe_push_point	16	2000	128	25.0	55.10	22.68	8.90	0.91
phase2_6317036.log	6317036	phase2	2026-08-19	1	5984	models/cl_safe_push_pointL1tosafe_push_pointL14_by_const_d25to25_vanilla_s901/final	safe_push_point	14	2000	128	25.0	44.27	23.91	10.41	0.96
phase2_6317036.log	6317036	phase2	2026-08-19	2	6003	models/cl_safe_push_pointL1tosafe_push_pointL14_by_const_d25to25_vanilla_s901/final	safe_push_point	1	2000	128	25.0	58.61	21.90	12.88	0.88
phase2_6317037.log	6317037	phase2	2026-08-19	1	5987	models/cl_safe_push_pointL14tosafe_push_pointL1_by_const_d25to25_vanilla_s901/final	safe_push_point	1	2000	128	25.0	68.12	24.82	14.25	0.99
phase2_6317037.log	6317037	phase2	2026-08-19	2	6008	models/cl_safe_push_pointL14tosafe_push_pointL1_by_const_d25to25_vanilla_s901/final	safe_push_point	14	2000	128	25.0	47.65	74.23	21.09	2.97
phase2_6317038.log	6317038	phase2	2026-08-19	1	5986	models/cl_safe_push_pointL14tosafe_push_pointL16_by_const_d25to25_vanilla_s901/final	safe_push_point	16	2000	128	25.0	54.12	25.04	8.35	1.00
phase2_6317038.log	6317038	phase2	2026-08-19	2	6005	models/cl_safe_push_pointL14tosafe_push_pointL16_by_const_d25to25_vanilla_s901/final	safe_push_point	14	2000	128	25.0	53.58	28.67	12.11	1.15
phase2_6317039.log	6317039	phase2	2026-08-19	1	5984	models/cl_safe_push_pointL16tosafe_push_pointL14_by_const_d25to25_vanilla_s901/final	safe_push_point	14	2000	128	25.0	51.94	21.35	11.06	0.85
phase2_6317039.log	6317039	phase2	2026-08-19	2	6003	models/cl_safe_push_pointL16tosafe_push_pointL14_by_const_d25to25_vanilla_s901/final	safe_push_point	16	2000	128	25.0	50.99	20.66	10.15	0.83
phase2_6317040.log	6317040	phase2	2026-08-19	1	5983	models/cl_safe_push_pointL1tosafe_push_pointL14_by_const_d25to25_vanilla_s901/final	safe_push_point	14	2000	128	25.0	15.23	26.71	11.41	1.07
phase2_6317040.log	6317040	phase2	2026-08-19	2	6002	models/cl_safe_push_pointL1tosafe_push_pointL14_by_const_d25to25_vanilla_s901/final	safe_push_point	1	2000	128	25.0	54.67	40.07	47.84	1.60
phase2_6317041.log	6317041	phase2	2026-08-19	1	5983	models/cl_safe_push_pointL14tosafe_push_pointL1_by_const_d25to25_vanilla_s901/final	safe_push_point	1	2000	128	25.0	62.05	26.74	11.52	1.07
phase2_6317041.log	6317041	phase2	2026-08-19	2	6002	models/cl_safe_push_pointL14tosafe_push_pointL1_by_const_d25to25_vanilla_s901/final	safe_push_point	14	2000	128	25.0	42.18	21.19	10.18	0.85
phase2_6317042.log	6317042	phase2	2026-08-19	1	5984	models/cl_safe_push_pointL14tosafe_push_pointL16_by_const_d25to25_vanilla_s901/final	safe_push_point	16	2000	128	25.0	52.46	25.17	9.86	1.01
phase2_6317042.log	6317042	phase2	2026-08-19	2	6003	models/cl_safe_push_pointL14tosafe_push_pointL16_by_const_d25to25_vanilla_s901/final	safe_push_point	14	2000	128	25.0	53.06	27.85	10.77	1.11
phase2_6317043.log	6317043	phase2	2026-08-19	1	5988	models/cl_safe_push_pointL16tosafe_push_pointL14_by_const_d25to25_vanilla_s901/final	safe_push_point	14	2000	128	25.0	51.00	22.16	10.00	0.89
phase2_6317043.log	6317043	phase2	2026-08-19	2	6009	models/cl_safe_push_pointL16tosafe_push_pointL14_by_const_d25to25_vanilla_s901/final	safe_push_point	16	2000	128	25.0	50.65	20.83	8.43	0.83
phase2_6317044.log	6317044	phase2	2026-08-19	1	5988	models/cl_safe_push_pointL1tosafe_push_pointL14_by_const_d25to25_vanilla_s901/final	safe_push_point	14	2000	128	25.0	2.24	53.89	70.38	2.16
phase2_6317044.log	6317044	phase2	2026-08-19	2	6009	models/cl_safe_push_pointL1tosafe_push_pointL14_by_const_d25to25_vanilla_s901/final	safe_push_point	1	2000	128	25.0	1.50	48.21	277.23	1.93
phase2_6317045.log	6317045	phase2	2026-08-19	1	5984	models/cl_safe_push_pointL14tosafe_push_pointL1_by_const_d25to25_vanilla_s901/final	safe_push_point	1	2000	128	25.0	55.56	23.17	12.61	0.93
phase2_6317045.log	6317045	phase2	2026-08-19	2	6003	models/cl_safe_push_pointL14tosafe_push_pointL1_by_const_d25to25_vanilla_s901/final	safe_push_point	14	2000	128	25.0	40.90	17.70	8.99	0.71
phase2_6317046.log	6317046	phase2	2026-08-19	1	5988	models/cl_safe_push_pointL14tosafe_push_pointL16_by_const_d25to25_vanilla_s901/final	safe_push_point	16	2000	128	25.0	50.62	22.32	7.90	0.89
phase2_6317046.log	6317046	phase2	2026-08-19	2	6009	models/cl_safe_push_pointL14tosafe_push_pointL16_by_const_d25to25_vanilla_s901/final	safe_push_point	14	2000	128	25.0	51.78	25.85	10.21	1.03
phase2_6317047.log	6317047	phase2	2026-08-19	1	5983	models/cl_safe_push_pointL16tosafe_push_pointL14_by_const_d25to25_vanilla_s901/final	safe_push_point	14	2000	128	25.0	49.08	27.76	35.10	1.11
phase2_6317047.log	6317047	phase2	2026-08-19	2	6002	models/cl_safe_push_pointL16tosafe_push_pointL14_by_const_d25to25_vanilla_s901/final	safe_push_point	16	2000	128	25.0	49.37	22.20	10.09	0.89
phase2_6324104.log	6324104	phase2	2026-08-19	1	5988	models/cl_safe_push_pointL1tosafe_push_pointL14_by_const_d25to25_vanilla_s901/final	safe_push_point	14	2000	128	25.0	64.60	274.24	35.60	10.97
phase2_6324104.log	6324104	phase2	2026-08-19	2	6009	models/cl_safe_push_pointL1tosafe_push_pointL14_by_const_d25to25_vanilla_s901/final	safe_push_point	1	2000	128	25.0	72.77	49.61	18.75	1.98
phase2_6324105.log	6324105	phase2	2026-08-19	1	5987	models/cl_safe_push_pointL14tosafe_push_pointL1_by_const_d25to25_vanilla_s901/final	safe_push_point	1	2000	128	25.0	49.70	25.06	15.33	1.00
phase2_6324105.log	6324105	phase2	2026-08-19	2	6008	models/cl_safe_push_pointL14tosafe_push_pointL1_by_const_d25to25_vanilla_s901/final	safe_push_point	14	2000	128	25.0	38.46	16.94	7.38	0.68
phase2_6324106.log	6324106	phase2	2026-08-19	1	5989	models/cl_safe_push_pointL14tosafe_push_pointL16_by_const_d25to25_vanilla_s901/final	safe_push_point	16	2000	128	25.0	49.33	20.28	7.58	0.81
phase2_6324106.log	6324106	phase2	2026-08-19	2	6010	models/cl_safe_push_pointL14tosafe_push_pointL16_by_const_d25to25_vanilla_s901/final	safe_push_point	14	2000	128	25.0	49.59	21.47	9.24	0.86
phase2_6324107.log	6324107	phase2	2026-08-19	1	5984	models/cl_safe_push_pointL16tosafe_push_pointL14_by_const_d25to25_vanilla_s901/final	safe_push_point	14	2000	128	25.0	49.35	33.17	12.53	1.33
phase2_6324107.log	6324107	phase2	2026-08-19	2	6003	models/cl_safe_push_pointL16tosafe_push_pointL14_by_const_d25to25_vanilla_s901/final	safe_push_point	16	2000	128	25.0	49.78	31.31	11.33	1.25
phase2_6324108.log	6324108	phase2	2026-08-19	1	5983	models/cl_safe_push_pointL1tosafe_push_pointL14_by_const_d25to25_vanilla_s901/final	safe_push_point	14	2000	128	25.0	64.48	270.48	40.90	10.82
phase2_6324108.log	6324108	phase2	2026-08-19	2	6002	models/cl_safe_push_pointL1tosafe_push_pointL14_by_const_d25to25_vanilla_s901/final	safe_push_point	1	2000	128	25.0	72.88	50.49	19.16	2.02
phase2_6324109.log	6324109	phase2	2026-08-19	1	5984	models/cl_safe_push_pointL14tosafe_push_pointL1_by_const_d25to25_vanilla_s901/final	safe_push_point	1	2000	128	25.0	50.69	24.92	14.87	1.00
phase2_6324109.log	6324109	phase2	2026-08-19	2	6003	models/cl_safe_push_pointL14tosafe_push_pointL1_by_const_d25to25_vanilla_s901/final	safe_push_point	14	2000	128	25.0	38.48	19.25	24.27	0.77
phase2_6324110.log	6324110	phase2	2026-08-19	1	5984	models/cl_safe_push_pointL14tosafe_push_pointL16_by_const_d25to25_vanilla_s901/final	safe_push_point	16	2000	128	25.0	48.63	20.20	9.74	0.81
phase2_6324110.log	6324110	phase2	2026-08-19	2	6003	models/cl_safe_push_pointL14tosafe_push_pointL16_by_const_d25to25_vanilla_s901/final	safe_push_point	14	2000	128	25.0	49.29	21.41	8.88	0.86
phase2_6324111.log	6324111	phase2	2026-08-19	1	5984	models/cl_safe_push_pointL16tosafe_push_pointL14_by_const_d25to25_vanilla_s901/final	safe_push_point	14	2000	128	25.0	50.13	34.95	9.71	1.40
phase2_6324111.log	6324111	phase2	2026-08-19	2	6003	models/cl_safe_push_pointL16tosafe_push_pointL14_by_const_d25to25_vanilla_s901/final	safe_push_point	16	2000	128	25.0	50.40	35.07	10.24	1.40
probe_probe_anchor_6154115.log	6154115	probe_probe_anchor	2026-07-15	1	2944	models/probe_goal_l1_reshape/anchor_d10	safe_goal_point	1	1000	128	25.0	26.02	12.43	7.01	0.50
probe_probe_anchor_6154115.log	6154115	probe_probe_anchor	2026-07-15	1	2945	models/probe_goal_l1_reshape/anchor_d10	safe_goal_point	1	1000	128	15.0	26.75	10.29	8.61	0.69
probe_probe_anchor_6154115.log	6154115	probe_probe_anchor	2026-07-15	1	2946	models/probe_goal_l1_reshape/anchor_d10	safe_goal_point	1	1000	128	10.0	27.77	10.58	6.78	1.06
probe_probe_anchor_6154115.log	6154115	probe_probe_anchor	2026-07-15	1	2947	models/probe_goal_l1_reshape/anchor_d10	safe_goal_point	1	1000	128	5.0	28.39	9.42	5.57	1.88
probe_probe_anchor_6154115.log	6154115	probe_probe_anchor	2026-07-15	2	2965	models/probe_goal_l1_reshape/anchor_d25	safe_goal_point	1	1000	128	25.0	30.47	24.28	9.02	0.97
probe_probe_anchor_6154115.log	6154115	probe_probe_anchor	2026-07-15	2	2966	models/probe_goal_l1_reshape/anchor_d25	safe_goal_point	1	1000	128	15.0	31.10	24.84	10.14	1.66
probe_probe_anchor_6154115.log	6154115	probe_probe_anchor	2026-07-15	2	2967	models/probe_goal_l1_reshape/anchor_d25	safe_goal_point	1	1000	128	10.0	31.01	23.24	9.11	2.32
probe_probe_anchor_6154115.log	6154115	probe_probe_anchor	2026-07-15	2	2968	models/probe_goal_l1_reshape/anchor_d25	safe_goal_point	1	1000	128	5.0	30.68	21.67	8.91	4.33
probe_probe_anchor_6158049.log	6158049	probe_probe_anchor	2026-07-15	1	2943	models/probe_push_l1/anchor_d10	safe_goal_point	1	1000	128	25.0	23.30	6.75	5.96	0.27
probe_probe_anchor_6158049.log	6158049	probe_probe_anchor	2026-07-15	1	2944	models/probe_push_l1/anchor_d10	safe_goal_point	1	1000	128	15.0	23.12	5.44	4.23	0.36
probe_probe_anchor_6158049.log	6158049	probe_probe_anchor	2026-07-15	1	2945	models/probe_push_l1/anchor_d10	safe_goal_point	1	1000	128	10.0	22.40	5.71	4.37	0.57
probe_probe_anchor_6158049.log	6158049	probe_probe_anchor	2026-07-15	1	2946	models/probe_push_l1/anchor_d10	safe_goal_point	1	1000	128	5.0	22.12	4.93	3.96	0.99
probe_probe_anchor_6158049.log	6158049	probe_probe_anchor	2026-07-15	2	2964	models/probe_push_l1/anchor_d25	safe_goal_point	1	1000	128	25.0	27.65	10.49	5.82	0.42
probe_probe_anchor_6158049.log	6158049	probe_probe_anchor	2026-07-15	2	2965	models/probe_push_l1/anchor_d25	safe_goal_point	1	1000	128	15.0	26.41	9.49	5.69	0.63
probe_probe_anchor_6158049.log	6158049	probe_probe_anchor	2026-07-15	2	2966	models/probe_push_l1/anchor_d25	safe_goal_point	1	1000	128	10.0	27.21	10.01	5.78	1.00
probe_probe_anchor_6158049.log	6158049	probe_probe_anchor	2026-07-15	2	2967	models/probe_push_l1/anchor_d25	safe_goal_point	1	1000	128	5.0	26.54	9.40	4.90	1.88
probe_probe_anchor_6158072.log	6158072	probe_probe_anchor	2026-07-15	1	2943	models/probe_goal_l2_untouched/anchor_d10	safe_goal_point	1	1000	128	25.0	2.82	1.50	3.33	0.06
probe_probe_anchor_6158072.log	6158072	probe_probe_anchor	2026-07-15	1	2944	models/probe_goal_l2_untouched/anchor_d10	safe_goal_point	1	1000	128	15.0	2.95	1.59	5.15	0.11
probe_probe_anchor_6158072.log	6158072	probe_probe_anchor	2026-07-15	1	2945	models/probe_goal_l2_untouched/anchor_d10	safe_goal_point	1	1000	128	10.0	4.32	1.94	4.19	0.19
probe_probe_anchor_6158072.log	6158072	probe_probe_anchor	2026-07-15	1	2946	models/probe_goal_l2_untouched/anchor_d10	safe_goal_point	1	1000	128	5.0	3.67	1.73	5.43	0.35
probe_probe_anchor_6158072.log	6158072	probe_probe_anchor	2026-07-15	2	2964	models/probe_goal_l2_untouched/anchor_d25	safe_goal_point	1	1000	128	25.0	16.53	12.21	9.68	0.49
probe_probe_anchor_6158072.log	6158072	probe_probe_anchor	2026-07-15	2	2965	models/probe_goal_l2_untouched/anchor_d25	safe_goal_point	1	1000	128	15.0	16.60	12.23	8.95	0.82
probe_probe_anchor_6158072.log	6158072	probe_probe_anchor	2026-07-15	2	2966	models/probe_goal_l2_untouched/anchor_d25	safe_goal_point	1	1000	128	10.0	15.80	11.81	10.27	1.18
probe_probe_anchor_6158072.log	6158072	probe_probe_anchor	2026-07-15	2	2967	models/probe_goal_l2_untouched/anchor_d25	safe_goal_point	1	1000	128	5.0	14.38	12.96	25.88	2.59
prune_eval_6314251.log	6314251	prune_eval	2026-08-18	1	14	models/diag_safe_push_point_L14_p3o_budget_nosink_by_const_lr1e3ent_d5_s901/anchor	safe_push_point	14	2000	128	5.0	30.15	4.28	3.69	0.86
prune_eval_6314251.log	6314251	prune_eval	2026-08-18	1	15	models/diag_safe_push_point_L14_p3o_budget_nosink_by_const_lr1e3ent_d5_s901/anchor	safe_push_point	14	2000	128	25.0	29.32	23.71	7.03	0.95
prune_eval_6314263.log	6314263	prune_eval	2026-08-18	1	14	models/diag_safe_push_point_L14_p3o_budget_nosink_by_const_lr1e3ent_d5_s901/anchor	safe_push_point	14	2000	128	5.0	30.26	4.85	4.27	0.97
prune_eval_6314263.log	6314263	prune_eval	2026-08-18	1	15	models/diag_safe_push_point_L14_p3o_budget_nosink_by_const_lr1e3ent_d5_s901/anchor	safe_push_point	14	2000	128	25.0	29.70	22.80	5.58	0.91
prune_eval_6314263.log	6314263	prune_eval	2026-08-18	2	41	/tmp/pruned_0.3/000000000000/	safe_push_point	14	2000	128	5.0	26.77	6.35	9.64	1.27
prune_eval_6314263.log	6314263	prune_eval	2026-08-18	2	42	/tmp/pruned_0.3/000000000000/	safe_push_point	14	2000	128	25.0	28.81	23.88	11.92	0.96
prune_eval_6314263.log	6314263	prune_eval	2026-08-18	3	68	/tmp/pruned_0.5/000000000000/	safe_push_point	14	2000	128	5.0	16.78	15.55	39.35	3.11
prune_eval_6314263.log	6314263	prune_eval	2026-08-18	3	69	/tmp/pruned_0.5/000000000000/	safe_push_point	14	2000	128	25.0	16.58	42.90	78.26	1.72
prune_eval_6314263.log	6314263	prune_eval	2026-08-18	4	95	/tmp/pruned_0.7/000000000000/	safe_push_point	14	2000	128	5.0	1.18	268.77	65.20	53.75
prune_eval_6314263.log	6314263	prune_eval	2026-08-18	4	96	/tmp/pruned_0.7/000000000000/	safe_push_point	14	2000	128	25.0	1.06	269.63	55.71	10.79
scen1_sink_1025_6142437_0.log	6142438	scen1_sink_1025	2026-07-14	1	14739	models/scen1_sink1025_seed0/anchor_lo	safe_goal_point	1	1000	128	25.0	28.08	14.53	6.56	0.58
scen1_sink_1025_6142437_0.log	6142438	scen1_sink_1025	2026-07-14	1	14740	models/scen1_sink1025_seed0/anchor_lo	safe_goal_point	1	1000	128	15.0	29.81	13.47	7.74	0.90
scen1_sink_1025_6142437_0.log	6142438	scen1_sink_1025	2026-07-14	1	14741	models/scen1_sink1025_seed0/anchor_lo	safe_goal_point	1	1000	128	10.0	29.86	10.67	5.13	1.07
scen1_sink_1025_6142437_0.log	6142438	scen1_sink_1025	2026-07-14	1	14742	models/scen1_sink1025_seed0/anchor_lo	safe_goal_point	1	1000	128	5.0	29.52	10.69	5.79	2.14
scen1_sink_1025_6142437_0.log	6142438	scen1_sink_1025	2026-07-14	2	14760	models/scen1_sink1025_seed0/anchor_hi	safe_goal_point	1	1000	128	25.0	30.55	28.30	9.84	1.13
scen1_sink_1025_6142437_0.log	6142438	scen1_sink_1025	2026-07-14	2	14761	models/scen1_sink1025_seed0/anchor_hi	safe_goal_point	1	1000	128	15.0	30.68	27.30	8.60	1.82
scen1_sink_1025_6142437_0.log	6142438	scen1_sink_1025	2026-07-14	2	14762	models/scen1_sink1025_seed0/anchor_hi	safe_goal_point	1	1000	128	10.0	30.09	25.08	9.14	2.51
scen1_sink_1025_6142437_0.log	6142438	scen1_sink_1025	2026-07-14	2	14763	models/scen1_sink1025_seed0/anchor_hi	safe_goal_point	1	1000	128	5.0	31.15	25.48	9.21	5.10
scen1_sink_1025_6142437_0.log	6142438	scen1_sink_1025	2026-07-14	3	14781	models/scen1_sink1025_seed0/naive_lo2hi	safe_goal_point	1	1000	128	25.0	32.91	27.79	10.03	1.11
scen1_sink_1025_6142437_0.log	6142438	scen1_sink_1025	2026-07-14	3	14782	models/scen1_sink1025_seed0/naive_lo2hi	safe_goal_point	1	1000	128	15.0	32.48	23.91	9.06	1.59
scen1_sink_1025_6142437_0.log	6142438	scen1_sink_1025	2026-07-14	3	14783	models/scen1_sink1025_seed0/naive_lo2hi	safe_goal_point	1	1000	128	10.0	31.81	22.05	8.56	2.21
scen1_sink_1025_6142437_0.log	6142438	scen1_sink_1025	2026-07-14	3	14784	models/scen1_sink1025_seed0/naive_lo2hi	safe_goal_point	1	1000	128	5.0	30.70	20.49	9.52	4.10
scen1_sink_1025_6142437_0.log	6142438	scen1_sink_1025	2026-07-14	4	14802	models/scen1_sink1025_seed0/naive_hi2lo	safe_goal_point	1	1000	128	25.0	29.34	17.98	7.90	0.72
scen1_sink_1025_6142437_0.log	6142438	scen1_sink_1025	2026-07-14	4	14803	models/scen1_sink1025_seed0/naive_hi2lo	safe_goal_point	1	1000	128	15.0	29.76	14.39	5.57	0.96
scen1_sink_1025_6142437_0.log	6142438	scen1_sink_1025	2026-07-14	4	14804	models/scen1_sink1025_seed0/naive_hi2lo	safe_goal_point	1	1000	128	10.0	30.16	13.22	5.75	1.32
scen1_sink_1025_6142437_0.log	6142438	scen1_sink_1025	2026-07-14	4	14805	models/scen1_sink1025_seed0/naive_hi2lo	safe_goal_point	1	1000	128	5.0	30.30	12.67	5.73	2.53
scen1_sink_1025_6142437_0.log	6142438	scen1_sink_1025	2026-07-14	5	14823	models/scen1_sink1025_seed0/ewc_normal_lo2hi	safe_goal_point	1	1000	128	25.0	28.78	19.45	7.95	0.78
scen1_sink_1025_6142437_0.log	6142438	scen1_sink_1025	2026-07-14	5	14824	models/scen1_sink1025_seed0/ewc_normal_lo2hi	safe_goal_point	1	1000	128	15.0	29.07	16.64	6.04	1.11
scen1_sink_1025_6142437_0.log	6142438	scen1_sink_1025	2026-07-14	5	14825	models/scen1_sink1025_seed0/ewc_normal_lo2hi	safe_goal_point	1	1000	128	10.0	29.43	14.89	6.36	1.49
scen1_sink_1025_6142437_0.log	6142438	scen1_sink_1025	2026-07-14	5	14826	models/scen1_sink1025_seed0/ewc_normal_lo2hi	safe_goal_point	1	1000	128	5.0	29.62	14.96	7.19	2.99
scen1_sink_1025_6142437_0.log	6142438	scen1_sink_1025	2026-07-14	6	14844	models/scen1_sink1025_seed0/ewc_cf_lo2hi	safe_goal_point	1	1000	128	25.0	28.84	19.14	8.65	0.77
scen1_sink_1025_6142437_0.log	6142438	scen1_sink_1025	2026-07-14	6	14845	models/scen1_sink1025_seed0/ewc_cf_lo2hi	safe_goal_point	1	1000	128	15.0	29.78	16.67	7.79	1.11
scen1_sink_1025_6142437_0.log	6142438	scen1_sink_1025	2026-07-14	6	14846	models/scen1_sink1025_seed0/ewc_cf_lo2hi	safe_goal_point	1	1000	128	10.0	29.58	14.75	6.22	1.48
scen1_sink_1025_6142437_0.log	6142438	scen1_sink_1025	2026-07-14	6	14847	models/scen1_sink1025_seed0/ewc_cf_lo2hi	safe_goal_point	1	1000	128	5.0	29.20	13.96	6.71	2.79
scen1_sink_1025_6142437_0.log	6142438	scen1_sink_1025	2026-07-14	7	14865	models/scen1_sink1025_seed0/ewc_dual_lo2hi	safe_goal_point	1	1000	128	25.0	29.25	18.91	6.65	0.76
scen1_sink_1025_6142437_0.log	6142438	scen1_sink_1025	2026-07-14	7	14866	models/scen1_sink1025_seed0/ewc_dual_lo2hi	safe_goal_point	1	1000	128	15.0	29.67	15.95	6.75	1.06
scen1_sink_1025_6142437_0.log	6142438	scen1_sink_1025	2026-07-14	7	14867	models/scen1_sink1025_seed0/ewc_dual_lo2hi	safe_goal_point	1	1000	128	10.0	29.38	15.27	6.43	1.53
scen1_sink_1025_6142437_0.log	6142438	scen1_sink_1025	2026-07-14	7	14868	models/scen1_sink1025_seed0/ewc_dual_lo2hi	safe_goal_point	1	1000	128	5.0	29.01	13.41	6.35	2.68
scen1_sink_1025_6142437_0.log	6142438	scen1_sink_1025	2026-07-14	8	14886	models/scen1_sink1025_seed0/ewc_normal_hi2lo	safe_goal_point	1	1000	128	25.0	30.55	28.69	8.61	1.15
scen1_sink_1025_6142437_0.log	6142438	scen1_sink_1025	2026-07-14	8	14887	models/scen1_sink1025_seed0/ewc_normal_hi2lo	safe_goal_point	1	1000	128	15.0	30.76	26.35	10.28	1.76
scen1_sink_1025_6142437_0.log	6142438	scen1_sink_1025	2026-07-14	8	14888	models/scen1_sink1025_seed0/ewc_normal_hi2lo	safe_goal_point	1	1000	128	10.0	30.77	29.31	36.72	2.93
scen1_sink_1025_6142437_0.log	6142438	scen1_sink_1025	2026-07-14	8	14889	models/scen1_sink1025_seed0/ewc_normal_hi2lo	safe_goal_point	1	1000	128	5.0	30.55	23.37	8.77	4.67
scen1_sink_1025_6142437_0.log	6142438	scen1_sink_1025	2026-07-14	9	14907	models/scen1_sink1025_seed0/ewc_cf_hi2lo	safe_goal_point	1	1000	128	25.0	30.51	26.76	9.59	1.07
scen1_sink_1025_6142437_0.log	6142438	scen1_sink_1025	2026-07-14	9	14908	models/scen1_sink1025_seed0/ewc_cf_hi2lo	safe_goal_point	1	1000	128	15.0	30.85	26.61	9.76	1.77
scen1_sink_1025_6142437_0.log	6142438	scen1_sink_1025	2026-07-14	9	14909	models/scen1_sink1025_seed0/ewc_cf_hi2lo	safe_goal_point	1	1000	128	10.0	30.12	25.88	9.40	2.59
scen1_sink_1025_6142437_0.log	6142438	scen1_sink_1025	2026-07-14	9	14910	models/scen1_sink1025_seed0/ewc_cf_hi2lo	safe_goal_point	1	1000	128	5.0	30.40	25.50	9.40	5.10
scen1_sink_1025_6142437_0.log	6142438	scen1_sink_1025	2026-07-14	10	14928	models/scen1_sink1025_seed0/ewc_dual_hi2lo	safe_goal_point	1	1000	128	25.0	30.89	28.90	10.04	1.16
scen1_sink_1025_6142437_0.log	6142438	scen1_sink_1025	2026-07-14	10	14929	models/scen1_sink1025_seed0/ewc_dual_hi2lo	safe_goal_point	1	1000	128	15.0	30.63	25.86	10.36	1.72
scen1_sink_1025_6142437_0.log	6142438	scen1_sink_1025	2026-07-14	10	14930	models/scen1_sink1025_seed0/ewc_dual_hi2lo	safe_goal_point	1	1000	128	10.0	30.88	25.81	9.94	2.58
scen1_sink_1025_6142437_0.log	6142438	scen1_sink_1025	2026-07-14	10	14931	models/scen1_sink1025_seed0/ewc_dual_hi2lo	safe_goal_point	1	1000	128	5.0	30.18	24.43	8.52	4.89
scen1_sink_1025_6142437_1.log	6142439	scen1_sink_1025	2026-07-14	1	14738	models/scen1_sink1025_seed1/anchor_lo	safe_goal_point	1	1000	128	25.0	30.57	14.98	6.15	0.60
scen1_sink_1025_6142437_1.log	6142439	scen1_sink_1025	2026-07-14	1	14739	models/scen1_sink1025_seed1/anchor_lo	safe_goal_point	1	1000	128	15.0	30.52	13.93	5.74	0.93
scen1_sink_1025_6142437_1.log	6142439	scen1_sink_1025	2026-07-14	1	14740	models/scen1_sink1025_seed1/anchor_lo	safe_goal_point	1	1000	128	10.0	30.76	11.75	4.81	1.17
scen1_sink_1025_6142437_1.log	6142439	scen1_sink_1025	2026-07-14	1	14741	models/scen1_sink1025_seed1/anchor_lo	safe_goal_point	1	1000	128	5.0	30.70	10.92	5.40	2.18
scen1_sink_1025_6142437_1.log	6142439	scen1_sink_1025	2026-07-14	2	14759	models/scen1_sink1025_seed1/anchor_hi	safe_goal_point	1	1000	128	25.0	32.50	31.30	9.98	1.25
scen1_sink_1025_6142437_1.log	6142439	scen1_sink_1025	2026-07-14	2	14760	models/scen1_sink1025_seed1/anchor_hi	safe_goal_point	1	1000	128	15.0	32.66	28.73	9.58	1.92
scen1_sink_1025_6142437_1.log	6142439	scen1_sink_1025	2026-07-14	2	14761	models/scen1_sink1025_seed1/anchor_hi	safe_goal_point	1	1000	128	10.0	32.77	27.43	8.85	2.74
scen1_sink_1025_6142437_1.log	6142439	scen1_sink_1025	2026-07-14	2	14762	models/scen1_sink1025_seed1/anchor_hi	safe_goal_point	1	1000	128	5.0	32.53	26.71	9.55	5.34
scen1_sink_1025_6142437_1.log	6142439	scen1_sink_1025	2026-07-14	3	14780	models/scen1_sink1025_seed1/naive_lo2hi	safe_goal_point	1	1000	128	25.0	31.33	29.29	10.21	1.17
scen1_sink_1025_6142437_1.log	6142439	scen1_sink_1025	2026-07-14	3	14781	models/scen1_sink1025_seed1/naive_lo2hi	safe_goal_point	1	1000	128	15.0	31.16	27.51	9.83	1.83
scen1_sink_1025_6142437_1.log	6142439	scen1_sink_1025	2026-07-14	3	14782	models/scen1_sink1025_seed1/naive_lo2hi	safe_goal_point	1	1000	128	10.0	30.68	28.41	10.35	2.84
scen1_sink_1025_6142437_1.log	6142439	scen1_sink_1025	2026-07-14	3	14783	models/scen1_sink1025_seed1/naive_lo2hi	safe_goal_point	1	1000	128	5.0	30.28	26.17	10.66	5.23
scen1_sink_1025_6142437_1.log	6142439	scen1_sink_1025	2026-07-14	4	14801	models/scen1_sink1025_seed1/naive_hi2lo	safe_goal_point	1	1000	128	25.0	27.17	25.25	8.57	1.01
scen1_sink_1025_6142437_1.log	6142439	scen1_sink_1025	2026-07-14	4	14802	models/scen1_sink1025_seed1/naive_hi2lo	safe_goal_point	1	1000	128	15.0	28.73	19.70	8.31	1.31
scen1_sink_1025_6142437_1.log	6142439	scen1_sink_1025	2026-07-14	4	14803	models/scen1_sink1025_seed1/naive_hi2lo	safe_goal_point	1	1000	128	10.0	29.88	15.52	5.81	1.55
scen1_sink_1025_6142437_1.log	6142439	scen1_sink_1025	2026-07-14	4	14804	models/scen1_sink1025_seed1/naive_hi2lo	safe_goal_point	1	1000	128	5.0	30.30	13.85	6.46	2.77
scen1_sink_1025_6142437_1.log	6142439	scen1_sink_1025	2026-07-14	5	14822	models/scen1_sink1025_seed1/ewc_normal_lo2hi	safe_goal_point	1	1000	128	25.0	30.32	15.50	5.88	0.62
scen1_sink_1025_6142437_1.log	6142439	scen1_sink_1025	2026-07-14	5	14823	models/scen1_sink1025_seed1/ewc_normal_lo2hi	safe_goal_point	1	1000	128	15.0	30.53	13.40	5.90	0.89
scen1_sink_1025_6142437_1.log	6142439	scen1_sink_1025	2026-07-14	5	14824	models/scen1_sink1025_seed1/ewc_normal_lo2hi	safe_goal_point	1	1000	128	10.0	30.84	12.49	5.26	1.25
scen1_sink_1025_6142437_1.log	6142439	scen1_sink_1025	2026-07-14	5	14825	models/scen1_sink1025_seed1/ewc_normal_lo2hi	safe_goal_point	1	1000	128	5.0	30.27	11.17	5.46	2.23
scen1_sink_1025_6142437_1.log	6142439	scen1_sink_1025	2026-07-14	6	14843	models/scen1_sink1025_seed1/ewc_cf_lo2hi	safe_goal_point	1	1000	128	25.0	30.16	14.96	6.12	0.60
scen1_sink_1025_6142437_1.log	6142439	scen1_sink_1025	2026-07-14	6	14844	models/scen1_sink1025_seed1/ewc_cf_lo2hi	safe_goal_point	1	1000	128	15.0	30.38	13.66	5.99	0.91
scen1_sink_1025_6142437_1.log	6142439	scen1_sink_1025	2026-07-14	6	14845	models/scen1_sink1025_seed1/ewc_cf_lo2hi	safe_goal_point	1	1000	128	10.0	31.08	13.48	5.76	1.35
scen1_sink_1025_6142437_1.log	6142439	scen1_sink_1025	2026-07-14	6	14846	models/scen1_sink1025_seed1/ewc_cf_lo2hi	safe_goal_point	1	1000	128	5.0	30.09	12.06	6.27	2.41
scen1_sink_1025_6142437_1.log	6142439	scen1_sink_1025	2026-07-14	7	14864	models/scen1_sink1025_seed1/ewc_dual_lo2hi	safe_goal_point	1	1000	128	25.0	30.41	16.33	7.04	0.65
scen1_sink_1025_6142437_1.log	6142439	scen1_sink_1025	2026-07-14	7	14865	models/scen1_sink1025_seed1/ewc_dual_lo2hi	safe_goal_point	1	1000	128	15.0	31.05	14.52	6.04	0.97
scen1_sink_1025_6142437_1.log	6142439	scen1_sink_1025	2026-07-14	7	14866	models/scen1_sink1025_seed1/ewc_dual_lo2hi	safe_goal_point	1	1000	128	10.0	30.48	12.82	5.06	1.28
scen1_sink_1025_6142437_1.log	6142439	scen1_sink_1025	2026-07-14	7	14867	models/scen1_sink1025_seed1/ewc_dual_lo2hi	safe_goal_point	1	1000	128	5.0	30.22	10.84	5.32	2.17
scen1_sink_1025_6142437_1.log	6142439	scen1_sink_1025	2026-07-14	8	14885	models/scen1_sink1025_seed1/ewc_normal_hi2lo	safe_goal_point	1	1000	128	25.0	32.78	31.04	9.26	1.24
scen1_sink_1025_6142437_1.log	6142439	scen1_sink_1025	2026-07-14	8	14886	models/scen1_sink1025_seed1/ewc_normal_hi2lo	safe_goal_point	1	1000	128	15.0	33.10	26.51	9.25	1.77
scen1_sink_1025_6142437_1.log	6142439	scen1_sink_1025	2026-07-14	8	14887	models/scen1_sink1025_seed1/ewc_normal_hi2lo	safe_goal_point	1	1000	128	10.0	32.77	25.97	9.58	2.60
scen1_sink_1025_6142437_1.log	6142439	scen1_sink_1025	2026-07-14	8	14888	models/scen1_sink1025_seed1/ewc_normal_hi2lo	safe_goal_point	1	1000	128	5.0	32.88	26.42	9.12	5.28
scen1_sink_1025_6142437_1.log	6142439	scen1_sink_1025	2026-07-14	9	14906	models/scen1_sink1025_seed1/ewc_cf_hi2lo	safe_goal_point	1	1000	128	25.0	32.77	30.40	9.67	1.22
scen1_sink_1025_6142437_1.log	6142439	scen1_sink_1025	2026-07-14	9	14907	models/scen1_sink1025_seed1/ewc_cf_hi2lo	safe_goal_point	1	1000	128	15.0	33.35	27.56	9.19	1.84
scen1_sink_1025_6142437_1.log	6142439	scen1_sink_1025	2026-07-14	9	14908	models/scen1_sink1025_seed1/ewc_cf_hi2lo	safe_goal_point	1	1000	128	10.0	32.88	27.48	9.43	2.75
scen1_sink_1025_6142437_1.log	6142439	scen1_sink_1025	2026-07-14	9	14909	models/scen1_sink1025_seed1/ewc_cf_hi2lo	safe_goal_point	1	1000	128	5.0	32.63	25.18	8.44	5.04
scen1_sink_1025_6142437_1.log	6142439	scen1_sink_1025	2026-07-14	10	14927	models/scen1_sink1025_seed1/ewc_dual_hi2lo	safe_goal_point	1	1000	128	25.0	32.56	32.50	10.66	1.30
scen1_sink_1025_6142437_1.log	6142439	scen1_sink_1025	2026-07-14	10	14928	models/scen1_sink1025_seed1/ewc_dual_hi2lo	safe_goal_point	1	1000	128	15.0	33.07	29.21	9.67	1.95
scen1_sink_1025_6142437_1.log	6142439	scen1_sink_1025	2026-07-14	10	14929	models/scen1_sink1025_seed1/ewc_dual_hi2lo	safe_goal_point	1	1000	128	10.0	32.63	27.29	10.81	2.73
scen1_sink_1025_6142437_1.log	6142439	scen1_sink_1025	2026-07-14	10	14930	models/scen1_sink1025_seed1/ewc_dual_hi2lo	safe_goal_point	1	1000	128	5.0	32.60	25.97	8.57	5.19
scen1_sink_1025_6142437_2.log	6142440	scen1_sink_1025	2026-07-14	1	14738	models/scen1_sink1025_seed2/anchor_lo	safe_goal_point	1	1000	128	25.0	29.50	11.34	5.69	0.45
scen1_sink_1025_6142437_2.log	6142440	scen1_sink_1025	2026-07-14	1	14739	models/scen1_sink1025_seed2/anchor_lo	safe_goal_point	1	1000	128	15.0	30.32	10.67	4.80	0.71
scen1_sink_1025_6142437_2.log	6142440	scen1_sink_1025	2026-07-14	1	14740	models/scen1_sink1025_seed2/anchor_lo	safe_goal_point	1	1000	128	10.0	29.92	11.43	5.45	1.14
scen1_sink_1025_6142437_2.log	6142440	scen1_sink_1025	2026-07-14	1	14741	models/scen1_sink1025_seed2/anchor_lo	safe_goal_point	1	1000	128	5.0	29.77	10.60	5.77	2.12
scen1_sink_1025_6142437_2.log	6142440	scen1_sink_1025	2026-07-14	2	14759	models/scen1_sink1025_seed2/anchor_hi	safe_goal_point	1	1000	128	25.0	32.84	25.19	8.29	1.01
scen1_sink_1025_6142437_2.log	6142440	scen1_sink_1025	2026-07-14	2	14760	models/scen1_sink1025_seed2/anchor_hi	safe_goal_point	1	1000	128	15.0	33.06	25.25	7.58	1.68
scen1_sink_1025_6142437_2.log	6142440	scen1_sink_1025	2026-07-14	2	14761	models/scen1_sink1025_seed2/anchor_hi	safe_goal_point	1	1000	128	10.0	32.62	23.72	7.98	2.37
scen1_sink_1025_6142437_2.log	6142440	scen1_sink_1025	2026-07-14	2	14762	models/scen1_sink1025_seed2/anchor_hi	safe_goal_point	1	1000	128	5.0	33.09	23.41	8.29	4.68
scen1_sink_1025_6142437_2.log	6142440	scen1_sink_1025	2026-07-14	3	14780	models/scen1_sink1025_seed2/naive_lo2hi	safe_goal_point	1	1000	128	25.0	32.32	27.06	8.92	1.08
scen1_sink_1025_6142437_2.log	6142440	scen1_sink_1025	2026-07-14	3	14781	models/scen1_sink1025_seed2/naive_lo2hi	safe_goal_point	1	1000	128	15.0	31.93	25.33	7.93	1.69
scen1_sink_1025_6142437_2.log	6142440	scen1_sink_1025	2026-07-14	3	14782	models/scen1_sink1025_seed2/naive_lo2hi	safe_goal_point	1	1000	128	10.0	31.73	24.03	9.15	2.40
scen1_sink_1025_6142437_2.log	6142440	scen1_sink_1025	2026-07-14	3	14783	models/scen1_sink1025_seed2/naive_lo2hi	safe_goal_point	1	1000	128	5.0	30.67	24.40	8.71	4.88
scen1_sink_1025_6142437_2.log	6142440	scen1_sink_1025	2026-07-14	4	14801	models/scen1_sink1025_seed2/naive_hi2lo	safe_goal_point	1	1000	128	25.0	28.23	15.22	7.23	0.61
scen1_sink_1025_6142437_2.log	6142440	scen1_sink_1025	2026-07-14	4	14802	models/scen1_sink1025_seed2/naive_hi2lo	safe_goal_point	1	1000	128	15.0	28.66	14.31	6.56	0.95
scen1_sink_1025_6142437_2.log	6142440	scen1_sink_1025	2026-07-14	4	14803	models/scen1_sink1025_seed2/naive_hi2lo	safe_goal_point	1	1000	128	10.0	29.02	13.06	6.10	1.31
scen1_sink_1025_6142437_2.log	6142440	scen1_sink_1025	2026-07-14	4	14804	models/scen1_sink1025_seed2/naive_hi2lo	safe_goal_point	1	1000	128	5.0	28.96	11.12	6.14	2.22
scen1_sink_1025_6142437_2.log	6142440	scen1_sink_1025	2026-07-14	5	14822	models/scen1_sink1025_seed2/ewc_normal_lo2hi	safe_goal_point	1	1000	128	25.0	29.89	12.35	5.75	0.49
scen1_sink_1025_6142437_2.log	6142440	scen1_sink_1025	2026-07-14	5	14823	models/scen1_sink1025_seed2/ewc_normal_lo2hi	safe_goal_point	1	1000	128	15.0	30.14	11.18	4.82	0.75
scen1_sink_1025_6142437_2.log	6142440	scen1_sink_1025	2026-07-14	5	14824	models/scen1_sink1025_seed2/ewc_normal_lo2hi	safe_goal_point	1	1000	128	10.0	30.37	11.54	4.52	1.15
scen1_sink_1025_6142437_2.log	6142440	scen1_sink_1025	2026-07-14	5	14825	models/scen1_sink1025_seed2/ewc_normal_lo2hi	safe_goal_point	1	1000	128	5.0	29.68	10.59	4.96	2.12
scen1_sink_1025_6142437_2.log	6142440	scen1_sink_1025	2026-07-14	6	14843	models/scen1_sink1025_seed2/ewc_cf_lo2hi	safe_goal_point	1	1000	128	25.0	29.43	12.74	5.97	0.51
scen1_sink_1025_6142437_2.log	6142440	scen1_sink_1025	2026-07-14	6	14844	models/scen1_sink1025_seed2/ewc_cf_lo2hi	safe_goal_point	1	1000	128	15.0	29.52	11.18	4.79	0.75
scen1_sink_1025_6142437_2.log	6142440	scen1_sink_1025	2026-07-14	6	14845	models/scen1_sink1025_seed2/ewc_cf_lo2hi	safe_goal_point	1	1000	128	10.0	30.45	11.13	5.91	1.11
scen1_sink_1025_6142437_2.log	6142440	scen1_sink_1025	2026-07-14	6	14846	models/scen1_sink1025_seed2/ewc_cf_lo2hi	safe_goal_point	1	1000	128	5.0	29.96	10.93	5.82	2.19
scen1_sink_1025_6142437_2.log	6142440	scen1_sink_1025	2026-07-14	7	14864	models/scen1_sink1025_seed2/ewc_dual_lo2hi	safe_goal_point	1	1000	128	25.0	29.32	12.95	6.66	0.52
scen1_sink_1025_6142437_2.log	6142440	scen1_sink_1025	2026-07-14	7	14865	models/scen1_sink1025_seed2/ewc_dual_lo2hi	safe_goal_point	1	1000	128	15.0	30.05	12.32	5.16	0.82
scen1_sink_1025_6142437_2.log	6142440	scen1_sink_1025	2026-07-14	7	14866	models/scen1_sink1025_seed2/ewc_dual_lo2hi	safe_goal_point	1	1000	128	10.0	30.03	11.20	5.33	1.12
scen1_sink_1025_6142437_2.log	6142440	scen1_sink_1025	2026-07-14	7	14867	models/scen1_sink1025_seed2/ewc_dual_lo2hi	safe_goal_point	1	1000	128	5.0	29.43	10.88	5.26	2.18
scen1_sink_1025_6142437_2.log	6142440	scen1_sink_1025	2026-07-14	8	14885	models/scen1_sink1025_seed2/ewc_normal_hi2lo	safe_goal_point	1	1000	128	25.0	32.38	25.51	8.60	1.02
scen1_sink_1025_6142437_2.log	6142440	scen1_sink_1025	2026-07-14	8	14886	models/scen1_sink1025_seed2/ewc_normal_hi2lo	safe_goal_point	1	1000	128	15.0	32.62	24.68	8.56	1.65
scen1_sink_1025_6142437_2.log	6142440	scen1_sink_1025	2026-07-14	8	14887	models/scen1_sink1025_seed2/ewc_normal_hi2lo	safe_goal_point	1	1000	128	10.0	32.41	25.90	8.67	2.59
scen1_sink_1025_6142437_2.log	6142440	scen1_sink_1025	2026-07-14	8	14888	models/scen1_sink1025_seed2/ewc_normal_hi2lo	safe_goal_point	1	1000	128	5.0	32.52	25.42	9.35	5.08
scen1_sink_1025_6142437_2.log	6142440	scen1_sink_1025	2026-07-14	9	14906	models/scen1_sink1025_seed2/ewc_cf_hi2lo	safe_goal_point	1	1000	128	25.0	32.83	25.05	7.21	1.00
scen1_sink_1025_6142437_2.log	6142440	scen1_sink_1025	2026-07-14	9	14907	models/scen1_sink1025_seed2/ewc_cf_hi2lo	safe_goal_point	1	1000	128	15.0	32.93	24.51	8.55	1.63
scen1_sink_1025_6142437_2.log	6142440	scen1_sink_1025	2026-07-14	9	14908	models/scen1_sink1025_seed2/ewc_cf_hi2lo	safe_goal_point	1	1000	128	10.0	32.54	24.72	8.45	2.47
scen1_sink_1025_6142437_2.log	6142440	scen1_sink_1025	2026-07-14	9	14909	models/scen1_sink1025_seed2/ewc_cf_hi2lo	safe_goal_point	1	1000	128	5.0	32.73	22.96	9.18	4.59
scen1_sink_1025_6142437_2.log	6142440	scen1_sink_1025	2026-07-14	10	14927	models/scen1_sink1025_seed2/ewc_dual_hi2lo	safe_goal_point	1	1000	128	25.0	33.10	25.68	8.99	1.03
scen1_sink_1025_6142437_2.log	6142440	scen1_sink_1025	2026-07-14	10	14928	models/scen1_sink1025_seed2/ewc_dual_hi2lo	safe_goal_point	1	1000	128	15.0	32.77	24.12	8.26	1.61
scen1_sink_1025_6142437_2.log	6142440	scen1_sink_1025	2026-07-14	10	14929	models/scen1_sink1025_seed2/ewc_dual_hi2lo	safe_goal_point	1	1000	128	10.0	32.38	23.52	7.64	2.35
scen1_sink_1025_6142437_2.log	6142440	scen1_sink_1025	2026-07-14	10	14930	models/scen1_sink1025_seed2/ewc_dual_hi2lo	safe_goal_point	1	1000	128	5.0	32.64	24.45	8.31	4.89
scen1_sink_1025_6142437_3.log	6142441	scen1_sink_1025	2026-07-14	1	14740	models/scen1_sink1025_seed3/anchor_lo	safe_goal_point	1	1000	128	25.0	29.62	9.37	4.67	0.37
scen1_sink_1025_6142437_3.log	6142441	scen1_sink_1025	2026-07-14	1	14741	models/scen1_sink1025_seed3/anchor_lo	safe_goal_point	1	1000	128	15.0	30.77	10.54	5.03	0.70
scen1_sink_1025_6142437_3.log	6142441	scen1_sink_1025	2026-07-14	1	14742	models/scen1_sink1025_seed3/anchor_lo	safe_goal_point	1	1000	128	10.0	30.70	9.97	5.29	1.00
scen1_sink_1025_6142437_3.log	6142441	scen1_sink_1025	2026-07-14	1	14743	models/scen1_sink1025_seed3/anchor_lo	safe_goal_point	1	1000	128	5.0	30.48	10.44	5.25	2.09
scen1_sink_1025_6142437_3.log	6142441	scen1_sink_1025	2026-07-14	2	14761	models/scen1_sink1025_seed3/anchor_hi	safe_goal_point	1	1000	128	25.0	32.59	29.39	9.27	1.18
scen1_sink_1025_6142437_3.log	6142441	scen1_sink_1025	2026-07-14	2	14762	models/scen1_sink1025_seed3/anchor_hi	safe_goal_point	1	1000	128	15.0	32.62	27.38	9.81	1.83
scen1_sink_1025_6142437_3.log	6142441	scen1_sink_1025	2026-07-14	2	14763	models/scen1_sink1025_seed3/anchor_hi	safe_goal_point	1	1000	128	10.0	32.40	28.64	9.45	2.86
scen1_sink_1025_6142437_3.log	6142441	scen1_sink_1025	2026-07-14	2	14764	models/scen1_sink1025_seed3/anchor_hi	safe_goal_point	1	1000	128	5.0	32.75	26.91	10.02	5.38
scen1_sink_1025_6142437_3.log	6142441	scen1_sink_1025	2026-07-14	3	14782	models/scen1_sink1025_seed3/naive_lo2hi	safe_goal_point	1	1000	128	25.0	32.18	28.74	8.54	1.15
scen1_sink_1025_6142437_3.log	6142441	scen1_sink_1025	2026-07-14	3	14783	models/scen1_sink1025_seed3/naive_lo2hi	safe_goal_point	1	1000	128	15.0	32.00	28.49	11.02	1.90
scen1_sink_1025_6142437_3.log	6142441	scen1_sink_1025	2026-07-14	3	14784	models/scen1_sink1025_seed3/naive_lo2hi	safe_goal_point	1	1000	128	10.0	31.06	29.70	11.42	2.97
scen1_sink_1025_6142437_3.log	6142441	scen1_sink_1025	2026-07-14	3	14785	models/scen1_sink1025_seed3/naive_lo2hi	safe_goal_point	1	1000	128	5.0	29.75	28.93	10.65	5.79
scen1_sink_1025_6142437_3.log	6142441	scen1_sink_1025	2026-07-14	4	14803	models/scen1_sink1025_seed3/naive_hi2lo	safe_goal_point	1	1000	128	25.0	26.21	19.45	8.55	0.78
scen1_sink_1025_6142437_3.log	6142441	scen1_sink_1025	2026-07-14	4	14804	models/scen1_sink1025_seed3/naive_hi2lo	safe_goal_point	1	1000	128	15.0	28.43	16.02	7.15	1.07
scen1_sink_1025_6142437_3.log	6142441	scen1_sink_1025	2026-07-14	4	14805	models/scen1_sink1025_seed3/naive_hi2lo	safe_goal_point	1	1000	128	10.0	30.51	14.10	5.51	1.41
scen1_sink_1025_6142437_3.log	6142441	scen1_sink_1025	2026-07-14	4	14806	models/scen1_sink1025_seed3/naive_hi2lo	safe_goal_point	1	1000	128	5.0	30.91	12.95	5.07	2.59
scen1_sink_1025_6142437_3.log	6142441	scen1_sink_1025	2026-07-14	5	14824	models/scen1_sink1025_seed3/ewc_normal_lo2hi	safe_goal_point	1	1000	128	25.0	29.20	10.31	5.88	0.41
scen1_sink_1025_6142437_3.log	6142441	scen1_sink_1025	2026-07-14	5	14825	models/scen1_sink1025_seed3/ewc_normal_lo2hi	safe_goal_point	1	1000	128	15.0	30.36	10.64	4.90	0.71
scen1_sink_1025_6142437_3.log	6142441	scen1_sink_1025	2026-07-14	5	14826	models/scen1_sink1025_seed3/ewc_normal_lo2hi	safe_goal_point	1	1000	128	10.0	29.95	10.76	4.56	1.08
scen1_sink_1025_6142437_3.log	6142441	scen1_sink_1025	2026-07-14	5	14827	models/scen1_sink1025_seed3/ewc_normal_lo2hi	safe_goal_point	1	1000	128	5.0	30.21	9.25	4.70	1.85
scen1_sink_1025_6142437_3.log	6142441	scen1_sink_1025	2026-07-14	6	14845	models/scen1_sink1025_seed3/ewc_cf_lo2hi	safe_goal_point	1	1000	128	25.0	28.30	11.30	17.02	0.45
scen1_sink_1025_6142437_3.log	6142441	scen1_sink_1025	2026-07-14	6	14846	models/scen1_sink1025_seed3/ewc_cf_lo2hi	safe_goal_point	1	1000	128	15.0	30.73	10.06	4.52	0.67
scen1_sink_1025_6142437_3.log	6142441	scen1_sink_1025	2026-07-14	6	14847	models/scen1_sink1025_seed3/ewc_cf_lo2hi	safe_goal_point	1	1000	128	10.0	30.55	9.98	4.70	1.00
scen1_sink_1025_6142437_3.log	6142441	scen1_sink_1025	2026-07-14	6	14848	models/scen1_sink1025_seed3/ewc_cf_lo2hi	safe_goal_point	1	1000	128	5.0	29.81	9.22	4.45	1.84
scen1_sink_1025_6142437_3.log	6142441	scen1_sink_1025	2026-07-14	7	14866	models/scen1_sink1025_seed3/ewc_dual_lo2hi	safe_goal_point	1	1000	128	25.0	29.52	9.91	6.30	0.40
scen1_sink_1025_6142437_3.log	6142441	scen1_sink_1025	2026-07-14	7	14867	models/scen1_sink1025_seed3/ewc_dual_lo2hi	safe_goal_point	1	1000	128	15.0	30.23	9.79	4.92	0.65
scen1_sink_1025_6142437_3.log	6142441	scen1_sink_1025	2026-07-14	7	14868	models/scen1_sink1025_seed3/ewc_dual_lo2hi	safe_goal_point	1	1000	128	10.0	29.84	10.16	4.50	1.02
scen1_sink_1025_6142437_3.log	6142441	scen1_sink_1025	2026-07-14	7	14869	models/scen1_sink1025_seed3/ewc_dual_lo2hi	safe_goal_point	1	1000	128	5.0	30.66	9.36	4.80	1.87
scen1_sink_1025_6142437_3.log	6142441	scen1_sink_1025	2026-07-14	8	14887	models/scen1_sink1025_seed3/ewc_normal_hi2lo	safe_goal_point	1	1000	128	25.0	32.35	28.68	9.51	1.15
scen1_sink_1025_6142437_3.log	6142441	scen1_sink_1025	2026-07-14	8	14888	models/scen1_sink1025_seed3/ewc_normal_hi2lo	safe_goal_point	1	1000	128	15.0	32.38	27.40	9.35	1.83
scen1_sink_1025_6142437_3.log	6142441	scen1_sink_1025	2026-07-14	8	14889	models/scen1_sink1025_seed3/ewc_normal_hi2lo	safe_goal_point	1	1000	128	10.0	32.45	25.70	9.17	2.57
scen1_sink_1025_6142437_3.log	6142441	scen1_sink_1025	2026-07-14	8	14890	models/scen1_sink1025_seed3/ewc_normal_hi2lo	safe_goal_point	1	1000	128	5.0	32.76	25.91	9.24	5.18
scen1_sink_1025_6142437_3.log	6142441	scen1_sink_1025	2026-07-14	9	14908	models/scen1_sink1025_seed3/ewc_cf_hi2lo	safe_goal_point	1	1000	128	25.0	32.88	29.79	9.30	1.19
scen1_sink_1025_6142437_3.log	6142441	scen1_sink_1025	2026-07-14	9	14909	models/scen1_sink1025_seed3/ewc_cf_hi2lo	safe_goal_point	1	1000	128	15.0	32.17	27.03	9.30	1.80
scen1_sink_1025_6142437_3.log	6142441	scen1_sink_1025	2026-07-14	9	14910	models/scen1_sink1025_seed3/ewc_cf_hi2lo	safe_goal_point	1	1000	128	10.0	32.61	26.85	8.24	2.69
scen1_sink_1025_6142437_3.log	6142441	scen1_sink_1025	2026-07-14	9	14911	models/scen1_sink1025_seed3/ewc_cf_hi2lo	safe_goal_point	1	1000	128	5.0	32.35	26.34	10.71	5.27
scen1_sink_1025_6142437_3.log	6142441	scen1_sink_1025	2026-07-14	10	14929	models/scen1_sink1025_seed3/ewc_dual_hi2lo	safe_goal_point	1	1000	128	25.0	32.09	28.16	9.69	1.13
scen1_sink_1025_6142437_3.log	6142441	scen1_sink_1025	2026-07-14	10	14930	models/scen1_sink1025_seed3/ewc_dual_hi2lo	safe_goal_point	1	1000	128	15.0	32.65	26.37	8.86	1.76
scen1_sink_1025_6142437_3.log	6142441	scen1_sink_1025	2026-07-14	10	14931	models/scen1_sink1025_seed3/ewc_dual_hi2lo	safe_goal_point	1	1000	128	10.0	32.27	26.99	9.32	2.70
scen1_sink_1025_6142437_3.log	6142441	scen1_sink_1025	2026-07-14	10	14932	models/scen1_sink1025_seed3/ewc_dual_hi2lo	safe_goal_point	1	1000	128	5.0	32.06	26.64	9.74	5.33
scen1_sink_1025_6142437_4.log	6142437	scen1_sink_1025	2026-07-14	1	14737	models/scen1_sink1025_seed4/anchor_lo	safe_goal_point	1	1000	128	25.0	30.39	14.51	6.28	0.58
scen1_sink_1025_6142437_4.log	6142437	scen1_sink_1025	2026-07-14	1	14738	models/scen1_sink1025_seed4/anchor_lo	safe_goal_point	1	1000	128	15.0	30.55	14.51	5.74	0.97
scen1_sink_1025_6142437_4.log	6142437	scen1_sink_1025	2026-07-14	1	14739	models/scen1_sink1025_seed4/anchor_lo	safe_goal_point	1	1000	128	10.0	31.09	13.70	6.50	1.37
scen1_sink_1025_6142437_4.log	6142437	scen1_sink_1025	2026-07-14	1	14740	models/scen1_sink1025_seed4/anchor_lo	safe_goal_point	1	1000	128	5.0	31.07	11.53	5.09	2.31
scen1_sink_1025_6142437_4.log	6142437	scen1_sink_1025	2026-07-14	2	14758	models/scen1_sink1025_seed4/anchor_hi	safe_goal_point	1	1000	128	25.0	33.50	29.19	9.61	1.17
scen1_sink_1025_6142437_4.log	6142437	scen1_sink_1025	2026-07-14	2	14759	models/scen1_sink1025_seed4/anchor_hi	safe_goal_point	1	1000	128	15.0	33.55	27.87	10.06	1.86
scen1_sink_1025_6142437_4.log	6142437	scen1_sink_1025	2026-07-14	2	14760	models/scen1_sink1025_seed4/anchor_hi	safe_goal_point	1	1000	128	10.0	33.04	24.40	8.11	2.44
scen1_sink_1025_6142437_4.log	6142437	scen1_sink_1025	2026-07-14	2	14761	models/scen1_sink1025_seed4/anchor_hi	safe_goal_point	1	1000	128	5.0	33.12	27.14	10.32	5.43
scen1_sink_1025_6142437_4.log	6142437	scen1_sink_1025	2026-07-14	3	14779	models/scen1_sink1025_seed4/naive_lo2hi	safe_goal_point	1	1000	128	25.0	33.50	27.79	9.24	1.11
scen1_sink_1025_6142437_4.log	6142437	scen1_sink_1025	2026-07-14	3	14780	models/scen1_sink1025_seed4/naive_lo2hi	safe_goal_point	1	1000	128	15.0	32.83	25.14	8.47	1.68
scen1_sink_1025_6142437_4.log	6142437	scen1_sink_1025	2026-07-14	3	14781	models/scen1_sink1025_seed4/naive_lo2hi	safe_goal_point	1	1000	128	10.0	33.24	26.95	8.93	2.70
scen1_sink_1025_6142437_4.log	6142437	scen1_sink_1025	2026-07-14	3	14782	models/scen1_sink1025_seed4/naive_lo2hi	safe_goal_point	1	1000	128	5.0	31.36	22.24	8.91	4.45
scen1_sink_1025_6142437_4.log	6142437	scen1_sink_1025	2026-07-14	4	14800	models/scen1_sink1025_seed4/naive_hi2lo	safe_goal_point	1	1000	128	25.0	13.55	8.35	8.52	0.33
scen1_sink_1025_6142437_4.log	6142437	scen1_sink_1025	2026-07-14	4	14801	models/scen1_sink1025_seed4/naive_hi2lo	safe_goal_point	1	1000	128	15.0	20.64	9.73	7.26	0.65
scen1_sink_1025_6142437_4.log	6142437	scen1_sink_1025	2026-07-14	4	14802	models/scen1_sink1025_seed4/naive_hi2lo	safe_goal_point	1	1000	128	10.0	24.68	10.86	8.55	1.09
scen1_sink_1025_6142437_4.log	6142437	scen1_sink_1025	2026-07-14	4	14803	models/scen1_sink1025_seed4/naive_hi2lo	safe_goal_point	1	1000	128	5.0	26.91	9.73	5.41	1.95
scen1_sink_1025_6142437_4.log	6142437	scen1_sink_1025	2026-07-14	5	14821	models/scen1_sink1025_seed4/ewc_normal_lo2hi	safe_goal_point	1	1000	128	25.0	30.20	15.22	6.31	0.61
scen1_sink_1025_6142437_4.log	6142437	scen1_sink_1025	2026-07-14	5	14822	models/scen1_sink1025_seed4/ewc_normal_lo2hi	safe_goal_point	1	1000	128	15.0	30.87	14.38	5.49	0.96
scen1_sink_1025_6142437_4.log	6142437	scen1_sink_1025	2026-07-14	5	14823	models/scen1_sink1025_seed4/ewc_normal_lo2hi	safe_goal_point	1	1000	128	10.0	30.57	12.15	4.98	1.21
scen1_sink_1025_6142437_4.log	6142437	scen1_sink_1025	2026-07-14	5	14824	models/scen1_sink1025_seed4/ewc_normal_lo2hi	safe_goal_point	1	1000	128	5.0	30.45	12.27	6.13	2.45
scen1_sink_1025_6142437_4.log	6142437	scen1_sink_1025	2026-07-14	6	14842	models/scen1_sink1025_seed4/ewc_cf_lo2hi	safe_goal_point	1	1000	128	25.0	30.41	15.52	6.21	0.62
scen1_sink_1025_6142437_4.log	6142437	scen1_sink_1025	2026-07-14	6	14843	models/scen1_sink1025_seed4/ewc_cf_lo2hi	safe_goal_point	1	1000	128	15.0	31.07	13.75	5.27	0.92
scen1_sink_1025_6142437_4.log	6142437	scen1_sink_1025	2026-07-14	6	14844	models/scen1_sink1025_seed4/ewc_cf_lo2hi	safe_goal_point	1	1000	128	10.0	30.36	13.33	5.80	1.33
scen1_sink_1025_6142437_4.log	6142437	scen1_sink_1025	2026-07-14	6	14845	models/scen1_sink1025_seed4/ewc_cf_lo2hi	safe_goal_point	1	1000	128	5.0	31.12	12.30	5.70	2.46
scen1_sink_1025_6142437_4.log	6142437	scen1_sink_1025	2026-07-14	7	14863	models/scen1_sink1025_seed4/ewc_dual_lo2hi	safe_goal_point	1	1000	128	25.0	29.96	14.84	6.19	0.59
scen1_sink_1025_6142437_4.log	6142437	scen1_sink_1025	2026-07-14	7	14864	models/scen1_sink1025_seed4/ewc_dual_lo2hi	safe_goal_point	1	1000	128	15.0	30.57	14.58	5.49	0.97
scen1_sink_1025_6142437_4.log	6142437	scen1_sink_1025	2026-07-14	7	14865	models/scen1_sink1025_seed4/ewc_dual_lo2hi	safe_goal_point	1	1000	128	10.0	31.04	13.85	6.03	1.38
scen1_sink_1025_6142437_4.log	6142437	scen1_sink_1025	2026-07-14	7	14866	models/scen1_sink1025_seed4/ewc_dual_lo2hi	safe_goal_point	1	1000	128	5.0	30.88	11.46	5.83	2.29
scen1_sink_1025_6142437_4.log	6142437	scen1_sink_1025	2026-07-14	8	14884	models/scen1_sink1025_seed4/ewc_normal_hi2lo	safe_goal_point	1	1000	128	25.0	32.68	28.66	9.23	1.15
scen1_sink_1025_6142437_4.log	6142437	scen1_sink_1025	2026-07-14	8	14885	models/scen1_sink1025_seed4/ewc_normal_hi2lo	safe_goal_point	1	1000	128	15.0	33.46	26.94	9.28	1.80
scen1_sink_1025_6142437_4.log	6142437	scen1_sink_1025	2026-07-14	8	14886	models/scen1_sink1025_seed4/ewc_normal_hi2lo	safe_goal_point	1	1000	128	10.0	33.40	25.28	8.84	2.53
scen1_sink_1025_6142437_4.log	6142437	scen1_sink_1025	2026-07-14	8	14887	models/scen1_sink1025_seed4/ewc_normal_hi2lo	safe_goal_point	1	1000	128	5.0	33.23	25.01	9.96	5.00
scen1_sink_1025_6142437_4.log	6142437	scen1_sink_1025	2026-07-14	9	14905	models/scen1_sink1025_seed4/ewc_cf_hi2lo	safe_goal_point	1	1000	128	25.0	32.75	27.64	9.20	1.11
scen1_sink_1025_6142437_4.log	6142437	scen1_sink_1025	2026-07-14	9	14906	models/scen1_sink1025_seed4/ewc_cf_hi2lo	safe_goal_point	1	1000	128	15.0	33.34	26.34	8.84	1.76
scen1_sink_1025_6142437_4.log	6142437	scen1_sink_1025	2026-07-14	9	14907	models/scen1_sink1025_seed4/ewc_cf_hi2lo	safe_goal_point	1	1000	128	10.0	33.25	25.57	10.32	2.56
scen1_sink_1025_6142437_4.log	6142437	scen1_sink_1025	2026-07-14	9	14908	models/scen1_sink1025_seed4/ewc_cf_hi2lo	safe_goal_point	1	1000	128	5.0	32.79	23.84	8.83	4.77
scen1_sink_1025_6142437_4.log	6142437	scen1_sink_1025	2026-07-14	10	14926	models/scen1_sink1025_seed4/ewc_dual_hi2lo	safe_goal_point	1	1000	128	25.0	33.37	28.12	8.31	1.12
scen1_sink_1025_6142437_4.log	6142437	scen1_sink_1025	2026-07-14	10	14927	models/scen1_sink1025_seed4/ewc_dual_hi2lo	safe_goal_point	1	1000	128	15.0	33.23	26.23	9.57	1.75
scen1_sink_1025_6142437_4.log	6142437	scen1_sink_1025	2026-07-14	10	14928	models/scen1_sink1025_seed4/ewc_dual_hi2lo	safe_goal_point	1	1000	128	10.0	32.85	24.59	9.48	2.46
scen1_sink_1025_6142437_4.log	6142437	scen1_sink_1025	2026-07-14	10	14929	models/scen1_sink1025_seed4/ewc_dual_hi2lo	safe_goal_point	1	1000	128	5.0	33.15	24.90	9.96	4.98
scen1_thresh_6158659_0.log	6158661	scen1_thresh	2026-07-16	1	20144	models/scen1_thresh_L2_seed0/anchor_lo	safe_goal_point	2	1000	128	25.0	4.09	15.08	43.68	0.60
scen1_thresh_6158659_0.log	6158661	scen1_thresh	2026-07-16	1	20145	models/scen1_thresh_L2_seed0/anchor_lo	safe_goal_point	2	1000	128	15.0	3.24	7.02	7.07	0.47
scen1_thresh_6158659_0.log	6158661	scen1_thresh	2026-07-16	1	20146	models/scen1_thresh_L2_seed0/anchor_lo	safe_goal_point	2	1000	128	10.0	2.27	13.47	74.60	1.35
scen1_thresh_6158659_0.log	6158661	scen1_thresh	2026-07-16	1	20147	models/scen1_thresh_L2_seed0/anchor_lo	safe_goal_point	2	1000	128	5.0	1.90	3.44	3.65	0.69
scen1_thresh_6158659_0.log	6158661	scen1_thresh	2026-07-16	2	20165	models/scen1_thresh_L2_seed0/anchor_hi	safe_goal_point	2	1000	128	25.0	20.86	29.06	77.45	1.16
scen1_thresh_6158659_0.log	6158661	scen1_thresh	2026-07-16	2	20166	models/scen1_thresh_L2_seed0/anchor_hi	safe_goal_point	2	1000	128	15.0	19.62	24.94	23.85	1.66
scen1_thresh_6158659_0.log	6158661	scen1_thresh	2026-07-16	2	20167	models/scen1_thresh_L2_seed0/anchor_hi	safe_goal_point	2	1000	128	10.0	21.04	28.36	47.16	2.84
scen1_thresh_6158659_0.log	6158661	scen1_thresh	2026-07-16	2	20168	models/scen1_thresh_L2_seed0/anchor_hi	safe_goal_point	2	1000	128	5.0	20.25	25.15	33.66	5.03
scen1_thresh_6158659_0.log	6158661	scen1_thresh	2026-07-16	3	20186	models/scen1_thresh_L2_seed0/naive_lo2hi	safe_goal_point	2	1000	128	25.0	16.50	48.14	67.51	1.93
scen1_thresh_6158659_0.log	6158661	scen1_thresh	2026-07-16	3	20187	models/scen1_thresh_L2_seed0/naive_lo2hi	safe_goal_point	2	1000	128	15.0	14.43	53.24	206.30	3.55
scen1_thresh_6158659_0.log	6158661	scen1_thresh	2026-07-16	3	20188	models/scen1_thresh_L2_seed0/naive_lo2hi	safe_goal_point	2	1000	128	10.0	11.25	29.00	24.50	2.90
scen1_thresh_6158659_0.log	6158661	scen1_thresh	2026-07-16	3	20189	models/scen1_thresh_L2_seed0/naive_lo2hi	safe_goal_point	2	1000	128	5.0	9.02	21.80	20.70	4.36
scen1_thresh_6158659_0.log	6158661	scen1_thresh	2026-07-16	4	20207	models/scen1_thresh_L2_seed0/naive_hi2lo	safe_goal_point	2	1000	128	25.0	1.80	3.75	8.28	0.15
scen1_thresh_6158659_0.log	6158661	scen1_thresh	2026-07-16	4	20208	models/scen1_thresh_L2_seed0/naive_hi2lo	safe_goal_point	2	1000	128	15.0	4.23	2.40	4.47	0.16
scen1_thresh_6158659_0.log	6158661	scen1_thresh	2026-07-16	4	20209	models/scen1_thresh_L2_seed0/naive_hi2lo	safe_goal_point	2	1000	128	10.0	6.72	2.08	3.52	0.21
scen1_thresh_6158659_0.log	6158661	scen1_thresh	2026-07-16	4	20210	models/scen1_thresh_L2_seed0/naive_hi2lo	safe_goal_point	2	1000	128	5.0	7.87	2.08	3.75	0.42
scen1_thresh_6158659_0.log	6158661	scen1_thresh	2026-07-16	5	20228	models/scen1_thresh_L2_seed0/ewc_dual_lo2hi	safe_goal_point	2	1000	128	25.0	4.04	14.56	33.61	0.58
scen1_thresh_6158659_0.log	6158661	scen1_thresh	2026-07-16	5	20229	models/scen1_thresh_L2_seed0/ewc_dual_lo2hi	safe_goal_point	2	1000	128	15.0	2.40	7.37	15.21	0.49
scen1_thresh_6158659_0.log	6158661	scen1_thresh	2026-07-16	5	20230	models/scen1_thresh_L2_seed0/ewc_dual_lo2hi	safe_goal_point	2	1000	128	10.0	2.51	9.29	24.39	0.93
scen1_thresh_6158659_0.log	6158661	scen1_thresh	2026-07-16	5	20231	models/scen1_thresh_L2_seed0/ewc_dual_lo2hi	safe_goal_point	2	1000	128	5.0	1.77	4.92	9.84	0.98
scen1_thresh_6158659_0.log	6158661	scen1_thresh	2026-07-16	6	20249	models/scen1_thresh_L2_seed0/ewc_dual_hi2lo	safe_goal_point	2	1000	128	25.0	19.34	20.58	10.83	0.82
scen1_thresh_6158659_0.log	6158661	scen1_thresh	2026-07-16	6	20250	models/scen1_thresh_L2_seed0/ewc_dual_hi2lo	safe_goal_point	2	1000	128	15.0	19.92	21.55	13.39	1.44
scen1_thresh_6158659_0.log	6158661	scen1_thresh	2026-07-16	6	20251	models/scen1_thresh_L2_seed0/ewc_dual_hi2lo	safe_goal_point	2	1000	128	10.0	20.35	23.25	11.39	2.33
scen1_thresh_6158659_0.log	6158661	scen1_thresh	2026-07-16	6	20252	models/scen1_thresh_L2_seed0/ewc_dual_hi2lo	safe_goal_point	2	1000	128	5.0	19.40	27.68	66.39	5.54
scen1_thresh_6158659_1.log	6158662	scen1_thresh	2026-07-16	1	20147	models/scen1_thresh_L2_seed1/anchor_lo	safe_goal_point	2	1000	128	25.0	1.64	4.61	6.61	0.18
scen1_thresh_6158659_1.log	6158662	scen1_thresh	2026-07-16	1	20148	models/scen1_thresh_L2_seed1/anchor_lo	safe_goal_point	2	1000	128	15.0	1.36	5.89	13.06	0.39
scen1_thresh_6158659_1.log	6158662	scen1_thresh	2026-07-16	1	20149	models/scen1_thresh_L2_seed1/anchor_lo	safe_goal_point	2	1000	128	10.0	0.65	5.82	24.75	0.58
scen1_thresh_6158659_1.log	6158662	scen1_thresh	2026-07-16	1	20150	models/scen1_thresh_L2_seed1/anchor_lo	safe_goal_point	2	1000	128	5.0	0.93	2.45	3.53	0.49
scen1_thresh_6158659_1.log	6158662	scen1_thresh	2026-07-16	2	20168	models/scen1_thresh_L2_seed1/anchor_hi	safe_goal_point	2	1000	128	25.0	21.11	26.38	13.30	1.06
scen1_thresh_6158659_1.log	6158662	scen1_thresh	2026-07-16	2	20169	models/scen1_thresh_L2_seed1/anchor_hi	safe_goal_point	2	1000	128	15.0	20.84	23.80	10.18	1.59
scen1_thresh_6158659_1.log	6158662	scen1_thresh	2026-07-16	2	20170	models/scen1_thresh_L2_seed1/anchor_hi	safe_goal_point	2	1000	128	10.0	20.45	22.74	23.39	2.27
scen1_thresh_6158659_1.log	6158662	scen1_thresh	2026-07-16	2	20171	models/scen1_thresh_L2_seed1/anchor_hi	safe_goal_point	2	1000	128	5.0	21.14	27.96	63.19	5.59
scen1_thresh_6158659_1.log	6158662	scen1_thresh	2026-07-16	3	20189	models/scen1_thresh_L2_seed1/naive_lo2hi	safe_goal_point	2	1000	128	25.0	14.95	46.62	165.52	1.86
scen1_thresh_6158659_1.log	6158662	scen1_thresh	2026-07-16	3	20190	models/scen1_thresh_L2_seed1/naive_lo2hi	safe_goal_point	2	1000	128	15.0	14.59	25.05	13.80	1.67
scen1_thresh_6158659_1.log	6158662	scen1_thresh	2026-07-16	3	20191	models/scen1_thresh_L2_seed1/naive_lo2hi	safe_goal_point	2	1000	128	10.0	13.07	46.47	281.83	4.65
scen1_thresh_6158659_1.log	6158662	scen1_thresh	2026-07-16	3	20192	models/scen1_thresh_L2_seed1/naive_lo2hi	safe_goal_point	2	1000	128	5.0	11.16	23.22	42.90	4.64
scen1_thresh_6158659_1.log	6158662	scen1_thresh	2026-07-16	4	20210	models/scen1_thresh_L2_seed1/naive_hi2lo	safe_goal_point	2	1000	128	25.0	8.94	3.22	5.51	0.13
scen1_thresh_6158659_1.log	6158662	scen1_thresh	2026-07-16	4	20211	models/scen1_thresh_L2_seed1/naive_hi2lo	safe_goal_point	2	1000	128	15.0	13.21	4.05	4.71	0.27
scen1_thresh_6158659_1.log	6158662	scen1_thresh	2026-07-16	4	20212	models/scen1_thresh_L2_seed1/naive_hi2lo	safe_goal_point	2	1000	128	10.0	15.48	4.24	3.85	0.42
scen1_thresh_6158659_1.log	6158662	scen1_thresh	2026-07-16	4	20213	models/scen1_thresh_L2_seed1/naive_hi2lo	safe_goal_point	2	1000	128	5.0	16.61	6.22	7.53	1.24
scen1_thresh_6158659_1.log	6158662	scen1_thresh	2026-07-16	5	20231	models/scen1_thresh_L2_seed1/ewc_dual_lo2hi	safe_goal_point	2	1000	128	25.0	1.52	4.53	7.72	0.18
scen1_thresh_6158659_1.log	6158662	scen1_thresh	2026-07-16	5	20232	models/scen1_thresh_L2_seed1/ewc_dual_lo2hi	safe_goal_point	2	1000	128	15.0	1.41	3.62	5.01	0.24
scen1_thresh_6158659_1.log	6158662	scen1_thresh	2026-07-16	5	20233	models/scen1_thresh_L2_seed1/ewc_dual_lo2hi	safe_goal_point	2	1000	128	10.0	0.73	3.33	6.78	0.33
scen1_thresh_6158659_1.log	6158662	scen1_thresh	2026-07-16	5	20234	models/scen1_thresh_L2_seed1/ewc_dual_lo2hi	safe_goal_point	2	1000	128	5.0	0.82	8.89	67.95	1.78
scen1_thresh_6158659_1.log	6158662	scen1_thresh	2026-07-16	6	20252	models/scen1_thresh_L2_seed1/ewc_dual_hi2lo	safe_goal_point	2	1000	128	25.0	19.66	26.02	25.92	1.04
scen1_thresh_6158659_1.log	6158662	scen1_thresh	2026-07-16	6	20253	models/scen1_thresh_L2_seed1/ewc_dual_hi2lo	safe_goal_point	2	1000	128	15.0	19.98	26.75	45.57	1.78
scen1_thresh_6158659_1.log	6158662	scen1_thresh	2026-07-16	6	20254	models/scen1_thresh_L2_seed1/ewc_dual_hi2lo	safe_goal_point	2	1000	128	10.0	20.24	23.87	20.19	2.39
scen1_thresh_6158659_1.log	6158662	scen1_thresh	2026-07-16	6	20255	models/scen1_thresh_L2_seed1/ewc_dual_hi2lo	safe_goal_point	2	1000	128	5.0	19.56	31.46	82.11	6.29
scen1_thresh_6158659_2.log	6158663	scen1_thresh	2026-07-16	1	20143	models/scen1_thresh_L2_seed2/anchor_lo	safe_goal_point	2	1000	128	25.0	3.29	12.03	8.05	0.48
scen1_thresh_6158659_2.log	6158663	scen1_thresh	2026-07-16	1	20144	models/scen1_thresh_L2_seed2/anchor_lo	safe_goal_point	2	1000	128	15.0	2.57	15.38	36.02	1.03
scen1_thresh_6158659_2.log	6158663	scen1_thresh	2026-07-16	1	20145	models/scen1_thresh_L2_seed2/anchor_lo	safe_goal_point	2	1000	128	10.0	2.19	7.99	5.74	0.80
scen1_thresh_6158659_2.log	6158663	scen1_thresh	2026-07-16	1	20146	models/scen1_thresh_L2_seed2/anchor_lo	safe_goal_point	2	1000	128	5.0	1.57	10.17	46.98	2.03
scen1_thresh_6158659_2.log	6158663	scen1_thresh	2026-07-16	2	20164	models/scen1_thresh_L2_seed2/anchor_hi	safe_goal_point	2	1000	128	25.0	23.85	28.51	36.07	1.14
scen1_thresh_6158659_2.log	6158663	scen1_thresh	2026-07-16	2	20165	models/scen1_thresh_L2_seed2/anchor_hi	safe_goal_point	2	1000	128	15.0	24.05	26.85	24.71	1.79
scen1_thresh_6158659_2.log	6158663	scen1_thresh	2026-07-16	2	20166	models/scen1_thresh_L2_seed2/anchor_hi	safe_goal_point	2	1000	128	10.0	24.04	28.54	26.75	2.85
scen1_thresh_6158659_2.log	6158663	scen1_thresh	2026-07-16	2	20167	models/scen1_thresh_L2_seed2/anchor_hi	safe_goal_point	2	1000	128	5.0	24.12	30.17	41.73	6.03
scen1_thresh_6158659_2.log	6158663	scen1_thresh	2026-07-16	3	20185	models/scen1_thresh_L2_seed2/naive_lo2hi	safe_goal_point	2	1000	128	25.0	11.34	24.14	19.34	0.97
scen1_thresh_6158659_2.log	6158663	scen1_thresh	2026-07-16	3	20186	models/scen1_thresh_L2_seed2/naive_lo2hi	safe_goal_point	2	1000	128	15.0	9.14	20.56	25.15	1.37
scen1_thresh_6158659_2.log	6158663	scen1_thresh	2026-07-16	3	20187	models/scen1_thresh_L2_seed2/naive_lo2hi	safe_goal_point	2	1000	128	10.0	7.48	14.82	15.73	1.48
scen1_thresh_6158659_2.log	6158663	scen1_thresh	2026-07-16	3	20188	models/scen1_thresh_L2_seed2/naive_lo2hi	safe_goal_point	2	1000	128	5.0	6.29	14.43	34.55	2.89
scen1_thresh_6158659_2.log	6158663	scen1_thresh	2026-07-16	4	20206	models/scen1_thresh_L2_seed2/naive_hi2lo	safe_goal_point	2	1000	128	25.0	3.88	2.77	5.15	0.11
scen1_thresh_6158659_2.log	6158663	scen1_thresh	2026-07-16	4	20207	models/scen1_thresh_L2_seed2/naive_hi2lo	safe_goal_point	2	1000	128	15.0	8.97	4.35	13.67	0.29
scen1_thresh_6158659_2.log	6158663	scen1_thresh	2026-07-16	4	20208	models/scen1_thresh_L2_seed2/naive_hi2lo	safe_goal_point	2	1000	128	10.0	10.00	3.49	4.32	0.35
scen1_thresh_6158659_2.log	6158663	scen1_thresh	2026-07-16	4	20209	models/scen1_thresh_L2_seed2/naive_hi2lo	safe_goal_point	2	1000	128	5.0	12.48	3.60	4.14	0.72
scen1_thresh_6158659_2.log	6158663	scen1_thresh	2026-07-16	5	20227	models/scen1_thresh_L2_seed2/ewc_dual_lo2hi	safe_goal_point	2	1000	128	25.0	2.97	14.69	24.22	0.59
scen1_thresh_6158659_2.log	6158663	scen1_thresh	2026-07-16	5	20228	models/scen1_thresh_L2_seed2/ewc_dual_lo2hi	safe_goal_point	2	1000	128	15.0	2.20	16.36	50.97	1.09
scen1_thresh_6158659_2.log	6158663	scen1_thresh	2026-07-16	5	20229	models/scen1_thresh_L2_seed2/ewc_dual_lo2hi	safe_goal_point	2	1000	128	10.0	1.97	8.22	8.56	0.82
scen1_thresh_6158659_2.log	6158663	scen1_thresh	2026-07-16	5	20230	models/scen1_thresh_L2_seed2/ewc_dual_lo2hi	safe_goal_point	2	1000	128	5.0	1.27	6.31	6.09	1.26
scen1_thresh_6158659_2.log	6158663	scen1_thresh	2026-07-16	6	20248	models/scen1_thresh_L2_seed2/ewc_dual_hi2lo	safe_goal_point	2	1000	128	25.0	23.93	28.49	31.00	1.14
scen1_thresh_6158659_2.log	6158663	scen1_thresh	2026-07-16	6	20249	models/scen1_thresh_L2_seed2/ewc_dual_hi2lo	safe_goal_point	2	1000	128	15.0	24.06	24.93	11.93	1.66
scen1_thresh_6158659_2.log	6158663	scen1_thresh	2026-07-16	6	20250	models/scen1_thresh_L2_seed2/ewc_dual_hi2lo	safe_goal_point	2	1000	128	10.0	24.60	28.24	35.90	2.82
scen1_thresh_6158659_2.log	6158663	scen1_thresh	2026-07-16	6	20251	models/scen1_thresh_L2_seed2/ewc_dual_hi2lo	safe_goal_point	2	1000	128	5.0	24.24	29.53	56.10	5.91
scen1_thresh_6158659_3.log	6158664	scen1_thresh	2026-07-16	1	20146	models/scen1_thresh_L2_seed3/anchor_lo	safe_goal_point	2	1000	128	25.0	4.09	42.35	103.91	1.69
scen1_thresh_6158659_3.log	6158664	scen1_thresh	2026-07-16	1	20147	models/scen1_thresh_L2_seed3/anchor_lo	safe_goal_point	2	1000	128	15.0	3.66	18.25	40.11	1.22
scen1_thresh_6158659_3.log	6158664	scen1_thresh	2026-07-16	1	20148	models/scen1_thresh_L2_seed3/anchor_lo	safe_goal_point	2	1000	128	10.0	2.47	22.66	102.74	2.27
scen1_thresh_6158659_3.log	6158664	scen1_thresh	2026-07-16	1	20149	models/scen1_thresh_L2_seed3/anchor_lo	safe_goal_point	2	1000	128	5.0	2.13	12.52	70.90	2.50
scen1_thresh_6158659_3.log	6158664	scen1_thresh	2026-07-16	2	20167	models/scen1_thresh_L2_seed3/anchor_hi	safe_goal_point	2	1000	128	25.0	21.39	25.84	15.27	1.03
scen1_thresh_6158659_3.log	6158664	scen1_thresh	2026-07-16	2	20168	models/scen1_thresh_L2_seed3/anchor_hi	safe_goal_point	2	1000	128	15.0	20.89	26.66	23.88	1.78
scen1_thresh_6158659_3.log	6158664	scen1_thresh	2026-07-16	2	20169	models/scen1_thresh_L2_seed3/anchor_hi	safe_goal_point	2	1000	128	10.0	20.09	23.69	22.54	2.37
scen1_thresh_6158659_3.log	6158664	scen1_thresh	2026-07-16	2	20170	models/scen1_thresh_L2_seed3/anchor_hi	safe_goal_point	2	1000	128	5.0	20.41	27.41	35.27	5.48
scen1_thresh_6158659_3.log	6158664	scen1_thresh	2026-07-16	3	20188	models/scen1_thresh_L2_seed3/naive_lo2hi	safe_goal_point	2	1000	128	25.0	0.00	0.29	3.28	0.01
scen1_thresh_6158659_3.log	6158664	scen1_thresh	2026-07-16	3	20189	models/scen1_thresh_L2_seed3/naive_lo2hi	safe_goal_point	2	1000	128	15.0	0.00	0.00	0.00	0.00
scen1_thresh_6158659_3.log	6158664	scen1_thresh	2026-07-16	3	20190	models/scen1_thresh_L2_seed3/naive_lo2hi	safe_goal_point	2	1000	128	10.0	0.00	0.00	0.00	0.00
scen1_thresh_6158659_3.log	6158664	scen1_thresh	2026-07-16	3	20191	models/scen1_thresh_L2_seed3/naive_lo2hi	safe_goal_point	2	1000	128	5.0	0.00	0.00	0.00	0.00
scen1_thresh_6158659_3.log	6158664	scen1_thresh	2026-07-16	4	20209	models/scen1_thresh_L2_seed3/naive_hi2lo	safe_goal_point	2	1000	128	25.0	1.77	7.60	13.97	0.30
scen1_thresh_6158659_3.log	6158664	scen1_thresh	2026-07-16	4	20210	models/scen1_thresh_L2_seed3/naive_hi2lo	safe_goal_point	2	1000	128	15.0	2.23	2.55	5.36	0.17
scen1_thresh_6158659_3.log	6158664	scen1_thresh	2026-07-16	4	20211	models/scen1_thresh_L2_seed3/naive_hi2lo	safe_goal_point	2	1000	128	10.0	3.48	2.70	5.05	0.27
scen1_thresh_6158659_3.log	6158664	scen1_thresh	2026-07-16	4	20212	models/scen1_thresh_L2_seed3/naive_hi2lo	safe_goal_point	2	1000	128	5.0	4.55	2.14	3.36	0.43
scen1_thresh_6158659_3.log	6158664	scen1_thresh	2026-07-16	5	20230	models/scen1_thresh_L2_seed3/ewc_dual_lo2hi	safe_goal_point	2	1000	128	25.0	2.73	25.98	40.63	1.04
scen1_thresh_6158659_3.log	6158664	scen1_thresh	2026-07-16	5	20231	models/scen1_thresh_L2_seed3/ewc_dual_lo2hi	safe_goal_point	2	1000	128	15.0	2.55	22.40	59.54	1.49
scen1_thresh_6158659_3.log	6158664	scen1_thresh	2026-07-16	5	20232	models/scen1_thresh_L2_seed3/ewc_dual_lo2hi	safe_goal_point	2	1000	128	10.0	2.86	34.30	142.48	3.43
scen1_thresh_6158659_3.log	6158664	scen1_thresh	2026-07-16	5	20233	models/scen1_thresh_L2_seed3/ewc_dual_lo2hi	safe_goal_point	2	1000	128	5.0	1.84	22.54	71.04	4.51
scen1_thresh_6158659_3.log	6158664	scen1_thresh	2026-07-16	6	20251	models/scen1_thresh_L2_seed3/ewc_dual_hi2lo	safe_goal_point	2	1000	128	25.0	21.01	24.36	9.67	0.97
scen1_thresh_6158659_3.log	6158664	scen1_thresh	2026-07-16	6	20252	models/scen1_thresh_L2_seed3/ewc_dual_hi2lo	safe_goal_point	2	1000	128	15.0	20.54	28.18	33.53	1.88
scen1_thresh_6158659_3.log	6158664	scen1_thresh	2026-07-16	6	20253	models/scen1_thresh_L2_seed3/ewc_dual_hi2lo	safe_goal_point	2	1000	128	10.0	19.77	26.16	36.35	2.62
scen1_thresh_6158659_3.log	6158664	scen1_thresh	2026-07-16	6	20254	models/scen1_thresh_L2_seed3/ewc_dual_hi2lo	safe_goal_point	2	1000	128	5.0	18.80	26.74	64.77	5.35
scen1_thresh_6158659_4.log	6158659	scen1_thresh	2026-07-16	1	20143	models/scen1_thresh_L2_seed4/anchor_lo	safe_goal_point	2	1000	128	25.0	2.32	3.25	4.39	0.13
scen1_thresh_6158659_4.log	6158659	scen1_thresh	2026-07-16	1	20144	models/scen1_thresh_L2_seed4/anchor_lo	safe_goal_point	2	1000	128	15.0	2.91	4.45	5.15	0.30
scen1_thresh_6158659_4.log	6158659	scen1_thresh	2026-07-16	1	20145	models/scen1_thresh_L2_seed4/anchor_lo	safe_goal_point	2	1000	128	10.0	2.69	14.40	120.99	1.44
scen1_thresh_6158659_4.log	6158659	scen1_thresh	2026-07-16	1	20146	models/scen1_thresh_L2_seed4/anchor_lo	safe_goal_point	2	1000	128	5.0	2.79	5.84	13.75	1.17
scen1_thresh_6158659_4.log	6158659	scen1_thresh	2026-07-16	2	20164	models/scen1_thresh_L2_seed4/anchor_hi	safe_goal_point	2	1000	128	25.0	23.95	28.23	39.82	1.13
scen1_thresh_6158659_4.log	6158659	scen1_thresh	2026-07-16	2	20165	models/scen1_thresh_L2_seed4/anchor_hi	safe_goal_point	2	1000	128	15.0	25.03	28.54	60.59	1.90
scen1_thresh_6158659_4.log	6158659	scen1_thresh	2026-07-16	2	20166	models/scen1_thresh_L2_seed4/anchor_hi	safe_goal_point	2	1000	128	10.0	25.42	24.07	10.44	2.41
scen1_thresh_6158659_4.log	6158659	scen1_thresh	2026-07-16	2	20167	models/scen1_thresh_L2_seed4/anchor_hi	safe_goal_point	2	1000	128	5.0	24.88	25.79	32.27	5.16
scen1_thresh_6158659_4.log	6158659	scen1_thresh	2026-07-16	3	20185	models/scen1_thresh_L2_seed4/naive_lo2hi	safe_goal_point	2	1000	128	25.0	24.84	36.20	90.47	1.45
scen1_thresh_6158659_4.log	6158659	scen1_thresh	2026-07-16	3	20186	models/scen1_thresh_L2_seed4/naive_lo2hi	safe_goal_point	2	1000	128	15.0	24.12	29.72	23.29	1.98
scen1_thresh_6158659_4.log	6158659	scen1_thresh	2026-07-16	3	20187	models/scen1_thresh_L2_seed4/naive_lo2hi	safe_goal_point	2	1000	128	10.0	23.71	37.81	97.82	3.78
scen1_thresh_6158659_4.log	6158659	scen1_thresh	2026-07-16	3	20188	models/scen1_thresh_L2_seed4/naive_lo2hi	safe_goal_point	2	1000	128	5.0	21.87	25.00	15.90	5.00
scen1_thresh_6158659_4.log	6158659	scen1_thresh	2026-07-16	4	20206	models/scen1_thresh_L2_seed4/naive_hi2lo	safe_goal_point	2	1000	128	25.0	8.55	6.60	22.90	0.26
scen1_thresh_6158659_4.log	6158659	scen1_thresh	2026-07-16	4	20207	models/scen1_thresh_L2_seed4/naive_hi2lo	safe_goal_point	2	1000	128	15.0	13.57	4.58	15.25	0.31
scen1_thresh_6158659_4.log	6158659	scen1_thresh	2026-07-16	4	20208	models/scen1_thresh_L2_seed4/naive_hi2lo	safe_goal_point	2	1000	128	10.0	15.95	4.19	4.02	0.42
scen1_thresh_6158659_4.log	6158659	scen1_thresh	2026-07-16	4	20209	models/scen1_thresh_L2_seed4/naive_hi2lo	safe_goal_point	2	1000	128	5.0	19.12	5.03	5.22	1.01
scen1_thresh_6158659_4.log	6158659	scen1_thresh	2026-07-16	5	20227	models/scen1_thresh_L2_seed4/ewc_dual_lo2hi	safe_goal_point	2	1000	128	25.0	2.11	4.49	10.29	0.18
scen1_thresh_6158659_4.log	6158659	scen1_thresh	2026-07-16	5	20228	models/scen1_thresh_L2_seed4/ewc_dual_lo2hi	safe_goal_point	2	1000	128	15.0	2.07	5.16	17.14	0.34
scen1_thresh_6158659_4.log	6158659	scen1_thresh	2026-07-16	5	20229	models/scen1_thresh_L2_seed4/ewc_dual_lo2hi	safe_goal_point	2	1000	128	10.0	2.07	6.95	28.42	0.69
scen1_thresh_6158659_4.log	6158659	scen1_thresh	2026-07-16	5	20230	models/scen1_thresh_L2_seed4/ewc_dual_lo2hi	safe_goal_point	2	1000	128	5.0	2.52	3.86	4.66	0.77
scen1_thresh_6158659_4.log	6158659	scen1_thresh	2026-07-16	6	20248	models/scen1_thresh_L2_seed4/ewc_dual_hi2lo	safe_goal_point	2	1000	128	25.0	24.34	24.46	15.02	0.98
scen1_thresh_6158659_4.log	6158659	scen1_thresh	2026-07-16	6	20249	models/scen1_thresh_L2_seed4/ewc_dual_hi2lo	safe_goal_point	2	1000	128	15.0	24.43	24.98	12.52	1.67
scen1_thresh_6158659_4.log	6158659	scen1_thresh	2026-07-16	6	20250	models/scen1_thresh_L2_seed4/ewc_dual_hi2lo	safe_goal_point	2	1000	128	10.0	24.62	23.17	11.44	2.32
scen1_thresh_6158659_4.log	6158659	scen1_thresh	2026-07-16	6	20251	models/scen1_thresh_L2_seed4/ewc_dual_hi2lo	safe_goal_point	2	1000	128	5.0	25.05	29.96	77.50	5.99
scen_diff_6158660_0.log	6158665	scen_diff	2026-07-16	1	10081	models/scen_diff_L1toL2_seed0/anchor_L1	safe_goal_point	1	1000	128	25.0	29.20	29.16	7.94	1.17
scen_diff_6158660_0.log	6158665	scen_diff	2026-07-16	1	10082	models/scen_diff_L1toL2_seed0/anchor_L1	safe_goal_point	1	1000	128	15.0	28.97	28.32	9.85	1.89
scen_diff_6158660_0.log	6158665	scen_diff	2026-07-16	1	10083	models/scen_diff_L1toL2_seed0/anchor_L1	safe_goal_point	1	1000	128	10.0	28.95	26.77	9.29	2.68
scen_diff_6158660_0.log	6158665	scen_diff	2026-07-16	1	10084	models/scen_diff_L1toL2_seed0/anchor_L1	safe_goal_point	1	1000	128	5.0	29.36	28.36	9.40	5.67
scen_diff_6158660_0.log	6158665	scen_diff	2026-07-16	2	10102	models/scen_diff_L1toL2_seed0/naive_L1toL2	safe_goal_point	1	1000	128	25.0	23.77	9.84	5.77	0.39
scen_diff_6158660_0.log	6158665	scen_diff	2026-07-16	2	10103	models/scen_diff_L1toL2_seed0/naive_L1toL2	safe_goal_point	1	1000	128	15.0	23.70	10.48	5.81	0.70
scen_diff_6158660_0.log	6158665	scen_diff	2026-07-16	2	10104	models/scen_diff_L1toL2_seed0/naive_L1toL2	safe_goal_point	1	1000	128	10.0	24.60	9.10	5.35	0.91
scen_diff_6158660_0.log	6158665	scen_diff	2026-07-16	2	10105	models/scen_diff_L1toL2_seed0/naive_L1toL2	safe_goal_point	1	1000	128	5.0	24.25	7.99	4.92	1.60
scen_diff_6158660_0.log	6158665	scen_diff	2026-07-16	3	10123	models/scen_diff_L1toL2_seed0/naive_L1toL2	safe_goal_point	2	1000	128	25.0	21.15	23.80	15.56	0.95
scen_diff_6158660_0.log	6158665	scen_diff	2026-07-16	3	10124	models/scen_diff_L1toL2_seed0/naive_L1toL2	safe_goal_point	2	1000	128	15.0	21.66	27.79	61.06	1.85
scen_diff_6158660_0.log	6158665	scen_diff	2026-07-16	3	10125	models/scen_diff_L1toL2_seed0/naive_L1toL2	safe_goal_point	2	1000	128	10.0	21.32	20.33	9.66	2.03
scen_diff_6158660_0.log	6158665	scen_diff	2026-07-16	3	10126	models/scen_diff_L1toL2_seed0/naive_L1toL2	safe_goal_point	2	1000	128	5.0	20.89	24.66	36.84	4.93
scen_diff_6158660_0.log	6158665	scen_diff	2026-07-16	4	10144	models/scen_diff_L1toL2_seed0/ewc_dual_L1toL2	safe_goal_point	1	1000	128	25.0	27.99	33.82	9.97	1.35
scen_diff_6158660_0.log	6158665	scen_diff	2026-07-16	4	10145	models/scen_diff_L1toL2_seed0/ewc_dual_L1toL2	safe_goal_point	1	1000	128	15.0	28.24	29.19	9.86	1.95
scen_diff_6158660_0.log	6158665	scen_diff	2026-07-16	4	10146	models/scen_diff_L1toL2_seed0/ewc_dual_L1toL2	safe_goal_point	1	1000	128	10.0	28.24	31.08	10.21	3.11
scen_diff_6158660_0.log	6158665	scen_diff	2026-07-16	4	10147	models/scen_diff_L1toL2_seed0/ewc_dual_L1toL2	safe_goal_point	1	1000	128	5.0	29.03	27.63	10.67	5.53
scen_diff_6158660_0.log	6158665	scen_diff	2026-07-16	5	10165	models/scen_diff_L1toL2_seed0/ewc_dual_L1toL2	safe_goal_point	2	1000	128	25.0	23.92	67.44	58.77	2.70
scen_diff_6158660_0.log	6158665	scen_diff	2026-07-16	5	10166	models/scen_diff_L1toL2_seed0/ewc_dual_L1toL2	safe_goal_point	2	1000	128	15.0	24.63	64.43	61.20	4.30
scen_diff_6158660_0.log	6158665	scen_diff	2026-07-16	5	10167	models/scen_diff_L1toL2_seed0/ewc_dual_L1toL2	safe_goal_point	2	1000	128	10.0	24.49	88.26	294.53	8.83
scen_diff_6158660_0.log	6158665	scen_diff	2026-07-16	5	10168	models/scen_diff_L1toL2_seed0/ewc_dual_L1toL2	safe_goal_point	2	1000	128	5.0	23.74	64.69	67.08	12.94
scen_diff_6158660_1.log	6158666	scen_diff	2026-07-16	1	10082	models/scen_diff_L1toL2_seed1/anchor_L1	safe_goal_point	1	1000	128	25.0	33.34	28.86	9.43	1.15
scen_diff_6158660_1.log	6158666	scen_diff	2026-07-16	1	10083	models/scen_diff_L1toL2_seed1/anchor_L1	safe_goal_point	1	1000	128	15.0	33.41	26.89	8.17	1.79
scen_diff_6158660_1.log	6158666	scen_diff	2026-07-16	1	10084	models/scen_diff_L1toL2_seed1/anchor_L1	safe_goal_point	1	1000	128	10.0	33.53	26.33	9.69	2.63
scen_diff_6158660_1.log	6158666	scen_diff	2026-07-16	1	10085	models/scen_diff_L1toL2_seed1/anchor_L1	safe_goal_point	1	1000	128	5.0	33.38	26.19	9.65	5.24
scen_diff_6158660_1.log	6158666	scen_diff	2026-07-16	2	10103	models/scen_diff_L1toL2_seed1/naive_L1toL2	safe_goal_point	1	1000	128	25.0	30.41	10.78	5.82	0.43
scen_diff_6158660_1.log	6158666	scen_diff	2026-07-16	2	10104	models/scen_diff_L1toL2_seed1/naive_L1toL2	safe_goal_point	1	1000	128	15.0	31.20	10.39	5.73	0.69
scen_diff_6158660_1.log	6158666	scen_diff	2026-07-16	2	10105	models/scen_diff_L1toL2_seed1/naive_L1toL2	safe_goal_point	1	1000	128	10.0	30.94	9.31	5.12	0.93
scen_diff_6158660_1.log	6158666	scen_diff	2026-07-16	2	10106	models/scen_diff_L1toL2_seed1/naive_L1toL2	safe_goal_point	1	1000	128	5.0	30.86	8.15	4.33	1.63
scen_diff_6158660_1.log	6158666	scen_diff	2026-07-16	3	10124	models/scen_diff_L1toL2_seed1/naive_L1toL2	safe_goal_point	2	1000	128	25.0	27.91	38.79	83.44	1.55
scen_diff_6158660_1.log	6158666	scen_diff	2026-07-16	3	10125	models/scen_diff_L1toL2_seed1/naive_L1toL2	safe_goal_point	2	1000	128	15.0	28.26	30.40	60.41	2.03
scen_diff_6158660_1.log	6158666	scen_diff	2026-07-16	3	10126	models/scen_diff_L1toL2_seed1/naive_L1toL2	safe_goal_point	2	1000	128	10.0	28.13	28.10	29.06	2.81
scen_diff_6158660_1.log	6158666	scen_diff	2026-07-16	3	10127	models/scen_diff_L1toL2_seed1/naive_L1toL2	safe_goal_point	2	1000	128	5.0	27.72	36.80	81.52	7.36
scen_diff_6158660_1.log	6158666	scen_diff	2026-07-16	4	10145	models/scen_diff_L1toL2_seed1/ewc_dual_L1toL2	safe_goal_point	1	1000	128	25.0	32.71	32.41	9.35	1.30
scen_diff_6158660_1.log	6158666	scen_diff	2026-07-16	4	10146	models/scen_diff_L1toL2_seed1/ewc_dual_L1toL2	safe_goal_point	1	1000	128	15.0	32.67	31.72	9.53	2.11
scen_diff_6158660_1.log	6158666	scen_diff	2026-07-16	4	10147	models/scen_diff_L1toL2_seed1/ewc_dual_L1toL2	safe_goal_point	1	1000	128	10.0	32.41	28.71	10.60	2.87
scen_diff_6158660_1.log	6158666	scen_diff	2026-07-16	4	10148	models/scen_diff_L1toL2_seed1/ewc_dual_L1toL2	safe_goal_point	1	1000	128	5.0	32.66	29.60	11.02	5.92
scen_diff_6158660_1.log	6158666	scen_diff	2026-07-16	5	10166	models/scen_diff_L1toL2_seed1/ewc_dual_L1toL2	safe_goal_point	2	1000	128	25.0	28.66	96.74	365.15	3.87
scen_diff_6158660_1.log	6158666	scen_diff	2026-07-16	5	10167	models/scen_diff_L1toL2_seed1/ewc_dual_L1toL2	safe_goal_point	2	1000	128	15.0	28.00	88.17	196.79	5.88
scen_diff_6158660_1.log	6158666	scen_diff	2026-07-16	5	10168	models/scen_diff_L1toL2_seed1/ewc_dual_L1toL2	safe_goal_point	2	1000	128	10.0	28.26	83.12	219.62	8.31
scen_diff_6158660_1.log	6158666	scen_diff	2026-07-16	5	10169	models/scen_diff_L1toL2_seed1/ewc_dual_L1toL2	safe_goal_point	2	1000	128	5.0	27.39	114.77	327.56	22.95
scen_diff_6158660_2.log	6158667	scen_diff	2026-07-16	1	10081	models/scen_diff_L1toL2_seed2/anchor_L1	safe_goal_point	1	1000	128	25.0	33.54	27.78	8.74	1.11
scen_diff_6158660_2.log	6158667	scen_diff	2026-07-16	1	10082	models/scen_diff_L1toL2_seed2/anchor_L1	safe_goal_point	1	1000	128	15.0	33.30	26.64	9.07	1.78
scen_diff_6158660_2.log	6158667	scen_diff	2026-07-16	1	10083	models/scen_diff_L1toL2_seed2/anchor_L1	safe_goal_point	1	1000	128	10.0	33.52	26.31	9.15	2.63
scen_diff_6158660_2.log	6158667	scen_diff	2026-07-16	1	10084	models/scen_diff_L1toL2_seed2/anchor_L1	safe_goal_point	1	1000	128	5.0	33.15	26.65	9.40	5.33
scen_diff_6158660_2.log	6158667	scen_diff	2026-07-16	2	10102	models/scen_diff_L1toL2_seed2/naive_L1toL2	safe_goal_point	1	1000	128	25.0	28.65	12.64	6.28	0.51
scen_diff_6158660_2.log	6158667	scen_diff	2026-07-16	2	10103	models/scen_diff_L1toL2_seed2/naive_L1toL2	safe_goal_point	1	1000	128	15.0	27.60	11.28	5.54	0.75
scen_diff_6158660_2.log	6158667	scen_diff	2026-07-16	2	10104	models/scen_diff_L1toL2_seed2/naive_L1toL2	safe_goal_point	1	1000	128	10.0	28.55	10.53	5.11	1.05
scen_diff_6158660_2.log	6158667	scen_diff	2026-07-16	2	10105	models/scen_diff_L1toL2_seed2/naive_L1toL2	safe_goal_point	1	1000	128	5.0	28.20	13.95	48.26	2.79
scen_diff_6158660_2.log	6158667	scen_diff	2026-07-16	3	10123	models/scen_diff_L1toL2_seed2/naive_L1toL2	safe_goal_point	2	1000	128	25.0	25.29	32.05	53.43	1.28
scen_diff_6158660_2.log	6158667	scen_diff	2026-07-16	3	10124	models/scen_diff_L1toL2_seed2/naive_L1toL2	safe_goal_point	2	1000	128	15.0	24.62	36.95	99.06	2.46
scen_diff_6158660_2.log	6158667	scen_diff	2026-07-16	3	10125	models/scen_diff_L1toL2_seed2/naive_L1toL2	safe_goal_point	2	1000	128	10.0	24.59	30.64	76.19	3.06
scen_diff_6158660_2.log	6158667	scen_diff	2026-07-16	3	10126	models/scen_diff_L1toL2_seed2/naive_L1toL2	safe_goal_point	2	1000	128	5.0	24.53	36.35	106.63	7.27
scen_diff_6158660_2.log	6158667	scen_diff	2026-07-16	4	10144	models/scen_diff_L1toL2_seed2/ewc_dual_L1toL2	safe_goal_point	1	1000	128	25.0	33.55	31.37	9.40	1.25
scen_diff_6158660_2.log	6158667	scen_diff	2026-07-16	4	10145	models/scen_diff_L1toL2_seed2/ewc_dual_L1toL2	safe_goal_point	1	1000	128	15.0	33.20	30.32	9.58	2.02
scen_diff_6158660_2.log	6158667	scen_diff	2026-07-16	4	10146	models/scen_diff_L1toL2_seed2/ewc_dual_L1toL2	safe_goal_point	1	1000	128	10.0	32.70	30.09	10.75	3.01
scen_diff_6158660_2.log	6158667	scen_diff	2026-07-16	4	10147	models/scen_diff_L1toL2_seed2/ewc_dual_L1toL2	safe_goal_point	1	1000	128	5.0	33.57	30.72	11.26	6.14
scen_diff_6158660_2.log	6158667	scen_diff	2026-07-16	5	10165	models/scen_diff_L1toL2_seed2/ewc_dual_L1toL2	safe_goal_point	2	1000	128	25.0	28.52	71.32	88.94	2.85
scen_diff_6158660_2.log	6158667	scen_diff	2026-07-16	5	10166	models/scen_diff_L1toL2_seed2/ewc_dual_L1toL2	safe_goal_point	2	1000	128	15.0	28.53	63.21	71.59	4.21
scen_diff_6158660_2.log	6158667	scen_diff	2026-07-16	5	10167	models/scen_diff_L1toL2_seed2/ewc_dual_L1toL2	safe_goal_point	2	1000	128	10.0	28.47	71.55	89.84	7.16
scen_diff_6158660_2.log	6158667	scen_diff	2026-07-16	5	10168	models/scen_diff_L1toL2_seed2/ewc_dual_L1toL2	safe_goal_point	2	1000	128	5.0	28.16	87.90	152.16	17.58
scen_diff_6158660_3.log	6159610	scen_diff	2026-07-16	1	10081	models/scen_diff_L1toL2_seed3/anchor_L1	safe_goal_point	1	1000	128	25.0	27.25	26.82	9.63	1.07
scen_diff_6158660_3.log	6159610	scen_diff	2026-07-16	1	10082	models/scen_diff_L1toL2_seed3/anchor_L1	safe_goal_point	1	1000	128	15.0	27.49	25.53	9.30	1.70
scen_diff_6158660_3.log	6159610	scen_diff	2026-07-16	1	10083	models/scen_diff_L1toL2_seed3/anchor_L1	safe_goal_point	1	1000	128	10.0	27.55	24.53	9.36	2.45
scen_diff_6158660_3.log	6159610	scen_diff	2026-07-16	1	10084	models/scen_diff_L1toL2_seed3/anchor_L1	safe_goal_point	1	1000	128	5.0	27.97	26.87	9.13	5.37
scen_diff_6158660_3.log	6159610	scen_diff	2026-07-16	2	10102	models/scen_diff_L1toL2_seed3/naive_L1toL2	safe_goal_point	1	1000	128	25.0	26.80	12.55	6.14	0.50
scen_diff_6158660_3.log	6159610	scen_diff	2026-07-16	2	10103	models/scen_diff_L1toL2_seed3/naive_L1toL2	safe_goal_point	1	1000	128	15.0	27.22	12.61	6.56	0.84
scen_diff_6158660_3.log	6159610	scen_diff	2026-07-16	2	10104	models/scen_diff_L1toL2_seed3/naive_L1toL2	safe_goal_point	1	1000	128	10.0	27.17	10.98	5.19	1.10
scen_diff_6158660_3.log	6159610	scen_diff	2026-07-16	2	10105	models/scen_diff_L1toL2_seed3/naive_L1toL2	safe_goal_point	1	1000	128	5.0	25.38	11.27	16.84	2.25
scen_diff_6158660_3.log	6159610	scen_diff	2026-07-16	3	10123	models/scen_diff_L1toL2_seed3/naive_L1toL2	safe_goal_point	2	1000	128	25.0	23.55	46.13	166.19	1.85
scen_diff_6158660_3.log	6159610	scen_diff	2026-07-16	3	10124	models/scen_diff_L1toL2_seed3/naive_L1toL2	safe_goal_point	2	1000	128	15.0	23.56	27.37	28.21	1.82
scen_diff_6158660_3.log	6159610	scen_diff	2026-07-16	3	10125	models/scen_diff_L1toL2_seed3/naive_L1toL2	safe_goal_point	2	1000	128	10.0	23.17	38.69	164.79	3.87
scen_diff_6158660_3.log	6159610	scen_diff	2026-07-16	3	10126	models/scen_diff_L1toL2_seed3/naive_L1toL2	safe_goal_point	2	1000	128	5.0	23.16	29.76	66.90	5.95
scen_diff_6158660_3.log	6159610	scen_diff	2026-07-16	4	10144	models/scen_diff_L1toL2_seed3/ewc_dual_L1toL2	safe_goal_point	1	1000	128	25.0	24.82	28.55	12.06	1.14
scen_diff_6158660_3.log	6159610	scen_diff	2026-07-16	4	10145	models/scen_diff_L1toL2_seed3/ewc_dual_L1toL2	safe_goal_point	1	1000	128	15.0	25.83	31.58	61.13	2.11
scen_diff_6158660_3.log	6159610	scen_diff	2026-07-16	4	10146	models/scen_diff_L1toL2_seed3/ewc_dual_L1toL2	safe_goal_point	1	1000	128	10.0	25.93	26.14	9.42	2.61
scen_diff_6158660_3.log	6159610	scen_diff	2026-07-16	4	10147	models/scen_diff_L1toL2_seed3/ewc_dual_L1toL2	safe_goal_point	1	1000	128	5.0	26.70	27.20	9.98	5.44
scen_diff_6158660_3.log	6159610	scen_diff	2026-07-16	5	10165	models/scen_diff_L1toL2_seed3/ewc_dual_L1toL2	safe_goal_point	2	1000	128	25.0	21.79	58.23	54.38	2.33
scen_diff_6158660_3.log	6159610	scen_diff	2026-07-16	5	10166	models/scen_diff_L1toL2_seed3/ewc_dual_L1toL2	safe_goal_point	2	1000	128	15.0	21.26	56.45	57.40	3.76
scen_diff_6158660_3.log	6159610	scen_diff	2026-07-16	5	10167	models/scen_diff_L1toL2_seed3/ewc_dual_L1toL2	safe_goal_point	2	1000	128	10.0	22.75	63.24	66.48	6.32
scen_diff_6158660_3.log	6159610	scen_diff	2026-07-16	5	10168	models/scen_diff_L1toL2_seed3/ewc_dual_L1toL2	safe_goal_point	2	1000	128	5.0	22.31	62.27	61.80	12.45
scen_diff_6158660_4.log	6158660	scen_diff	2026-07-16	1	10082	models/scen_diff_L1toL2_seed4/anchor_L1	safe_goal_point	1	1000	128	25.0	33.25	28.09	8.21	1.12
scen_diff_6158660_4.log	6158660	scen_diff	2026-07-16	1	10083	models/scen_diff_L1toL2_seed4/anchor_L1	safe_goal_point	1	1000	128	15.0	33.31	28.19	8.39	1.88
scen_diff_6158660_4.log	6158660	scen_diff	2026-07-16	1	10084	models/scen_diff_L1toL2_seed4/anchor_L1	safe_goal_point	1	1000	128	10.0	32.78	26.72	8.32	2.67
scen_diff_6158660_4.log	6158660	scen_diff	2026-07-16	1	10085	models/scen_diff_L1toL2_seed4/anchor_L1	safe_goal_point	1	1000	128	5.0	32.49	26.20	9.75	5.24
scen_diff_6158660_4.log	6158660	scen_diff	2026-07-16	2	10103	models/scen_diff_L1toL2_seed4/naive_L1toL2	safe_goal_point	1	1000	128	25.0	28.83	11.62	5.08	0.46
scen_diff_6158660_4.log	6158660	scen_diff	2026-07-16	2	10104	models/scen_diff_L1toL2_seed4/naive_L1toL2	safe_goal_point	1	1000	128	15.0	29.49	10.89	5.08	0.73
scen_diff_6158660_4.log	6158660	scen_diff	2026-07-16	2	10105	models/scen_diff_L1toL2_seed4/naive_L1toL2	safe_goal_point	1	1000	128	10.0	28.76	9.64	4.30	0.96
scen_diff_6158660_4.log	6158660	scen_diff	2026-07-16	2	10106	models/scen_diff_L1toL2_seed4/naive_L1toL2	safe_goal_point	1	1000	128	5.0	28.57	9.07	4.37	1.81
scen_diff_6158660_4.log	6158660	scen_diff	2026-07-16	3	10124	models/scen_diff_L1toL2_seed4/naive_L1toL2	safe_goal_point	2	1000	128	25.0	26.05	28.86	21.38	1.15
scen_diff_6158660_4.log	6158660	scen_diff	2026-07-16	3	10125	models/scen_diff_L1toL2_seed4/naive_L1toL2	safe_goal_point	2	1000	128	15.0	26.41	26.33	16.08	1.76
scen_diff_6158660_4.log	6158660	scen_diff	2026-07-16	3	10126	models/scen_diff_L1toL2_seed4/naive_L1toL2	safe_goal_point	2	1000	128	10.0	26.30	26.95	24.95	2.69
scen_diff_6158660_4.log	6158660	scen_diff	2026-07-16	3	10127	models/scen_diff_L1toL2_seed4/naive_L1toL2	safe_goal_point	2	1000	128	5.0	26.18	25.63	21.93	5.13
scen_diff_6158660_4.log	6158660	scen_diff	2026-07-16	4	10145	models/scen_diff_L1toL2_seed4/ewc_dual_L1toL2	safe_goal_point	1	1000	128	25.0	32.73	33.76	9.74	1.35
scen_diff_6158660_4.log	6158660	scen_diff	2026-07-16	4	10146	models/scen_diff_L1toL2_seed4/ewc_dual_L1toL2	safe_goal_point	1	1000	128	15.0	32.74	33.74	9.28	2.25
scen_diff_6158660_4.log	6158660	scen_diff	2026-07-16	4	10147	models/scen_diff_L1toL2_seed4/ewc_dual_L1toL2	safe_goal_point	1	1000	128	10.0	32.62	32.50	10.93	3.25
scen_diff_6158660_4.log	6158660	scen_diff	2026-07-16	4	10148	models/scen_diff_L1toL2_seed4/ewc_dual_L1toL2	safe_goal_point	1	1000	128	5.0	33.44	30.72	10.06	6.14
scen_diff_6158660_4.log	6158660	scen_diff	2026-07-16	5	10166	models/scen_diff_L1toL2_seed4/ewc_dual_L1toL2	safe_goal_point	2	1000	128	25.0	28.04	79.53	101.94	3.18
scen_diff_6158660_4.log	6158660	scen_diff	2026-07-16	5	10167	models/scen_diff_L1toL2_seed4/ewc_dual_L1toL2	safe_goal_point	2	1000	128	15.0	27.38	71.98	80.14	4.80
scen_diff_6158660_4.log	6158660	scen_diff	2026-07-16	5	10168	models/scen_diff_L1toL2_seed4/ewc_dual_L1toL2	safe_goal_point	2	1000	128	10.0	28.55	68.02	63.73	6.80
scen_diff_6158660_4.log	6158660	scen_diff	2026-07-16	5	10169	models/scen_diff_L1toL2_seed4/ewc_dual_L1toL2	safe_goal_point	2	1000	128	5.0	28.44	65.90	60.09	13.18
logs_scen1/eval_6266313_1.log	6266534	logs_scen1/eval	2026-08-03	1	16	models/diag_safe_push_point_L1_p3o_budget_nosink_by_const_d5_s801/anchor	safe_push_point	1	2000	128	5.0	45.89	3.89	3.84	0.78
logs_scen1/eval_6266313_1.log	6266534	logs_scen1/eval	2026-08-03	1	17	models/diag_safe_push_point_L1_p3o_budget_nosink_by_const_d5_s801/anchor	safe_push_point	1	2000	128	25.0	45.69	14.24	7.15	0.57
logs_scen1/eval_6266313_10.log	6266565	logs_scen1/eval	2026-08-03	1	16	models/diag_safe_push_point_L1_p3o_budget_nosink_d25_s903/anchor	safe_push_point	1	2000	128	25.0	50.13	24.29	17.24	0.97
logs_scen1/eval_6266313_10.log	6266565	logs_scen1/eval	2026-08-03	1	17	models/diag_safe_push_point_L1_p3o_budget_nosink_d25_s903/anchor	safe_push_point	1	2000	128	5.0	49.16	20.95	16.77	4.19
logs_scen1/eval_6266313_11.log	6266569	logs_scen1/eval	2026-08-03	1	16	models/cl_safe_push_point_L1_by_const_d5to25_dual_s801/final	safe_push_point	1	2000	128	25.0	38.26	14.68	8.54	0.59
logs_scen1/eval_6266313_11.log	6266569	logs_scen1/eval	2026-08-03	1	17	models/cl_safe_push_point_L1_by_const_d5to25_dual_s801/final	safe_push_point	1	2000	128	5.0	40.41	3.37	4.70	0.67
logs_scen1/eval_6266313_12.log	6266570	logs_scen1/eval	2026-08-03	1	16	models/cl_safe_push_point_L1_by_const_d5to25_dual_s802/final	safe_push_point	1	2000	128	25.0	3.65	40.82	107.14	1.63
logs_scen1/eval_6266313_12.log	6266570	logs_scen1/eval	2026-08-03	1	17	models/cl_safe_push_point_L1_by_const_d5to25_dual_s802/final	safe_push_point	1	2000	128	5.0	9.50	3.12	5.87	0.62
logs_scen1/eval_6266313_13.log	6266572	logs_scen1/eval	2026-08-03	1	16	models/cl_safe_push_point_L1_by_const_d5to25_dual_s901/final	safe_push_point	1	2000	128	25.0	47.74	13.35	9.54	0.53
logs_scen1/eval_6266313_13.log	6266572	logs_scen1/eval	2026-08-03	1	17	models/cl_safe_push_point_L1_by_const_d5to25_dual_s901/final	safe_push_point	1	2000	128	5.0	42.34	4.85	11.09	0.97
logs_scen1/eval_6266313_14.log	6266573	logs_scen1/eval	2026-08-03	1	16	models/cl_safe_push_point_L1_by_const_d5to25_dual_s902/final	safe_push_point	1	2000	128	25.0	33.77	13.41	7.68	0.54
logs_scen1/eval_6266313_14.log	6266573	logs_scen1/eval	2026-08-03	1	17	models/cl_safe_push_point_L1_by_const_d5to25_dual_s902/final	safe_push_point	1	2000	128	5.0	29.55	3.70	4.66	0.74
logs_scen1/eval_6266313_15.log	6266578	logs_scen1/eval	2026-08-03	1	16	models/cl_safe_push_point_L1_by_const_d5to25_dual_s903/final	safe_push_point	1	2000	128	25.0	53.97	27.28	12.58	1.09
logs_scen1/eval_6266313_15.log	6266578	logs_scen1/eval	2026-08-03	1	17	models/cl_safe_push_point_L1_by_const_d5to25_dual_s903/final	safe_push_point	1	2000	128	5.0	62.86	4.48	4.86	0.90
logs_scen1/eval_6266313_16.log	6266579	logs_scen1/eval	2026-08-03	1	16	models/cl_safe_push_point_L1_by_const_d5to25_naive_s801/final	safe_push_point	1	2000	128	25.0	75.67	25.55	11.73	1.02
logs_scen1/eval_6266313_16.log	6266579	logs_scen1/eval	2026-08-03	1	17	models/cl_safe_push_point_L1_by_const_d5to25_naive_s801/final	safe_push_point	1	2000	128	5.0	71.21	19.01	11.26	3.80
logs_scen1/eval_6266313_17.log	6266584	logs_scen1/eval	2026-08-03	1	16	models/cl_safe_push_point_L1_by_const_d5to25_naive_s802/final	safe_push_point	1	2000	128	25.0	69.19	27.52	16.47	1.10
logs_scen1/eval_6266313_17.log	6266584	logs_scen1/eval	2026-08-03	1	17	models/cl_safe_push_point_L1_by_const_d5to25_naive_s802/final	safe_push_point	1	2000	128	5.0	63.09	25.40	19.40	5.08
logs_scen1/eval_6266313_18.log	6266587	logs_scen1/eval	2026-08-03	1	16	models/cl_safe_push_point_L1_by_const_d5to25_naive_s901/final	safe_push_point	1	2000	128	25.0	65.27	23.90	14.11	0.96
logs_scen1/eval_6266313_18.log	6266587	logs_scen1/eval	2026-08-03	1	17	models/cl_safe_push_point_L1_by_const_d5to25_naive_s901/final	safe_push_point	1	2000	128	5.0	61.80	16.65	10.81	3.33
logs_scen1/eval_6266313_19.log	6266593	logs_scen1/eval	2026-08-03	1	16	models/cl_safe_push_point_L1_by_const_d5to25_naive_s902/final	safe_push_point	1	2000	128	25.0	47.28	25.91	15.27	1.04
logs_scen1/eval_6266313_19.log	6266593	logs_scen1/eval	2026-08-03	1	17	models/cl_safe_push_point_L1_by_const_d5to25_naive_s902/final	safe_push_point	1	2000	128	5.0	47.42	22.13	16.44	4.43
logs_scen1/eval_6266313_2.log	6266537	logs_scen1/eval	2026-08-03	1	16	models/diag_safe_push_point_L1_p3o_budget_nosink_by_const_d5_s802/anchor	safe_push_point	1	2000	128	5.0	27.45	3.30	3.63	0.66
logs_scen1/eval_6266313_2.log	6266537	logs_scen1/eval	2026-08-03	1	17	models/diag_safe_push_point_L1_p3o_budget_nosink_by_const_d5_s802/anchor	safe_push_point	1	2000	128	25.0	16.13	118.71	315.78	4.75
logs_scen1/eval_6266313_20.log	6266313	logs_scen1/eval	2026-08-03	1	16	models/cl_safe_push_point_L1_by_const_d5to25_naive_s903/final	safe_push_point	1	2000	128	25.0	85.05	25.97	15.51	1.04
logs_scen1/eval_6266313_20.log	6266313	logs_scen1/eval	2026-08-03	1	17	models/cl_safe_push_point_L1_by_const_d5to25_naive_s903/final	safe_push_point	1	2000	128	5.0	81.06	20.95	14.54	4.19
logs_scen1/eval_6266313_3.log	6266543	logs_scen1/eval	2026-08-03	1	16	models/diag_safe_push_point_L1_p3o_budget_nosink_by_const_d5_s901/anchor	safe_push_point	1	2000	128	5.0	50.59	4.21	4.48	0.84
logs_scen1/eval_6266313_3.log	6266543	logs_scen1/eval	2026-08-03	1	17	models/diag_safe_push_point_L1_p3o_budget_nosink_by_const_d5_s901/anchor	safe_push_point	1	2000	128	25.0	50.42	13.52	8.65	0.54
logs_scen1/eval_6266313_4.log	6266544	logs_scen1/eval	2026-08-03	1	16	models/diag_safe_push_point_L1_p3o_budget_nosink_by_const_d5_s902/anchor	safe_push_point	1	2000	128	5.0	33.18	4.14	4.00	0.83
logs_scen1/eval_6266313_4.log	6266544	logs_scen1/eval	2026-08-03	1	17	models/diag_safe_push_point_L1_p3o_budget_nosink_by_const_d5_s902/anchor	safe_push_point	1	2000	128	25.0	33.78	14.53	9.01	0.58
logs_scen1/eval_6266313_5.log	6266550	logs_scen1/eval	2026-08-03	1	16	models/diag_safe_push_point_L1_p3o_budget_nosink_by_const_d5_s903/anchor	safe_push_point	1	2000	128	5.0	72.53	5.20	4.58	1.04
logs_scen1/eval_6266313_5.log	6266550	logs_scen1/eval	2026-08-03	1	17	models/diag_safe_push_point_L1_p3o_budget_nosink_by_const_d5_s903/anchor	safe_push_point	1	2000	128	25.0	67.38	22.05	9.88	0.88
logs_scen1/eval_6266313_6.log	6266553	logs_scen1/eval	2026-08-03	1	16	models/diag_safe_push_point_L1_p3o_budget_nosink_d25_s801/anchor	safe_push_point	1	2000	128	25.0	15.95	20.34	20.58	0.81
logs_scen1/eval_6266313_6.log	6266553	logs_scen1/eval	2026-08-03	1	17	models/diag_safe_push_point_L1_p3o_budget_nosink_d25_s801/anchor	safe_push_point	1	2000	128	5.0	16.82	21.65	18.89	4.33
logs_scen1/eval_6266313_7.log	6266561	logs_scen1/eval	2026-08-03	1	16	models/diag_safe_push_point_L1_p3o_budget_nosink_d25_s802/anchor	safe_push_point	1	2000	128	25.0	22.07	22.99	17.89	0.92
logs_scen1/eval_6266313_7.log	6266561	logs_scen1/eval	2026-08-03	1	17	models/diag_safe_push_point_L1_p3o_budget_nosink_d25_s802/anchor	safe_push_point	1	2000	128	5.0	21.67	23.90	16.64	4.78
logs_scen1/eval_6266313_8.log	6266562	logs_scen1/eval	2026-08-03	1	16	models/diag_safe_push_point_L1_p3o_budget_nosink_d25_s901/anchor	safe_push_point	1	2000	128	25.0	19.11	16.66	18.40	0.67
logs_scen1/eval_6266313_8.log	6266562	logs_scen1/eval	2026-08-03	1	17	models/diag_safe_push_point_L1_p3o_budget_nosink_d25_s901/anchor	safe_push_point	1	2000	128	5.0	16.08	9.93	11.69	1.99
logs_scen1/eval_6266313_9.log	6266564	logs_scen1/eval	2026-08-03	1	16	models/diag_safe_push_point_L1_p3o_budget_nosink_d25_s902/anchor	safe_push_point	1	2000	128	25.0	39.06	23.92	19.26	0.96
logs_scen1/eval_6266313_9.log	6266564	logs_scen1/eval	2026-08-03	1	17	models/diag_safe_push_point_L1_p3o_budget_nosink_d25_s902/anchor	safe_push_point	1	2000	128	5.0	37.21	30.90	111.07	6.18
logs_scen1/eval_diag_6235276.log	6235276	logs_scen1/eval_diag	2026-07-28	1	16	models/diag_safe_push_point_L1_nosink_d10_s0/anchor	safe_push_point	1	2000	128	10.0	65.74	9.41	13.07	0.94
logs_scen1/eval_diag_6235276.log	6235276	logs_scen1/eval_diag	2026-07-28	2	36	models/diag_safe_push_point_L1_nosink_d15_s0/anchor	safe_push_point	1	2000	128	15.0	39.91	60.44	26.57	4.03
logs_scen1/eval_diag_6235276.log	6235276	logs_scen1/eval_diag	2026-07-28	3	56	models/diag_safe_push_point_L1_nosink_d25_s0/anchor	safe_push_point	1	2000	128	25.0	37.06	24.89	19.10	1.00
logs_scen1/eval_diag_6237803.log	6237803	logs_scen1/eval_diag	2026-07-29	1	16	models/diag_safe_push_point_L1_nosink_d10_s0/anchor	safe_push_point	1	2000	128	10.0	65.74	9.41	13.07	0.94
logs_scen1/eval_diag_6237803.log	6237803	logs_scen1/eval_diag	2026-07-29	2	36	models/diag_safe_push_point_L1_nosink_d15_s0/anchor	safe_push_point	1	2000	128	15.0	40.07	63.13	22.43	4.21
logs_scen1/eval_diag_6237803.log	6237803	logs_scen1/eval_diag	2026-07-29	3	56	models/diag_safe_push_point_L1_nosink_d25_s0/anchor	safe_push_point	1	2000	128	25.0	36.62	24.45	23.75	0.98
old_logs/diag_6233238_4294967294.log	6233238	old_logs/diag	2026-07-28	1	251	models/smoke_push/anchor	safe_push_point	1	1000	128	25.0	0.01	36.43	141.01	1.46
old_logs/diag_6233238_4294967294.log	6233238	old_logs/diag	2026-07-28	1	252	models/smoke_push/anchor	safe_push_point	1	1000	128	15.0	0.01	14.39	119.72	0.96
old_logs/diag_6233238_4294967294.log	6233238	old_logs/diag	2026-07-28	1	253	models/smoke_push/anchor	safe_push_point	1	1000	128	10.0	0.00	9.94	76.59	0.99
old_logs/diag_6233238_4294967294.log	6233238	old_logs/diag	2026-07-28	1	254	models/smoke_push/anchor	safe_push_point	1	1000	128	5.0	0.02	19.35	95.19	3.87
old_logs/diag_6233263_4294967294.log	6233263	old_logs/diag	2026-07-28	1	251	models/smoke_push2/anchor	safe_push_point	1	2000	128	25.0	0.02	28.04	241.07	1.12
old_logs/diag_6233263_4294967294.log	6233263	old_logs/diag	2026-07-28	1	252	models/smoke_push2/anchor	safe_push_point	1	2000	128	15.0	0.02	35.43	208.47	2.36
old_logs/diag_6233263_4294967294.log	6233263	old_logs/diag	2026-07-28	1	253	models/smoke_push2/anchor	safe_push_point	1	2000	128	10.0	0.02	15.67	99.80	1.57
old_logs/diag_6233263_4294967294.log	6233263	old_logs/diag	2026-07-28	1	254	models/smoke_push2/anchor	safe_push_point	1	2000	128	5.0	0.02	54.32	350.11	10.86
old_logs/diag_6233278_4294967294.log	6233278	old_logs/diag	2026-07-28	1	5981	models/diag_safe_push_point_L1_sink_d10_s0/anchor	safe_push_point	1	2000	128	25.0	23.59	52.28	107.54	2.09
old_logs/diag_6233278_4294967294.log	6233278	old_logs/diag	2026-07-28	1	5982	models/diag_safe_push_point_L1_sink_d10_s0/anchor	safe_push_point	1	2000	128	15.0	25.93	49.03	113.57	3.27
old_logs/diag_6233278_4294967294.log	6233278	old_logs/diag	2026-07-28	1	5983	models/diag_safe_push_point_L1_sink_d10_s0/anchor	safe_push_point	1	2000	128	10.0	27.19	40.58	56.77	4.06
old_logs/diag_6233278_4294967294.log	6233278	old_logs/diag	2026-07-28	1	5984	models/diag_safe_push_point_L1_sink_d10_s0/anchor	safe_push_point	1	2000	128	5.0	27.78	52.94	133.19	10.59
old_logs/diag_6233279_4294967294.log	6233279	old_logs/diag	2026-07-28	1	5981	models/diag_safe_push_point_L1_sink_d15_s0/anchor	safe_push_point	1	2000	128	25.0	25.42	67.21	199.96	2.69
old_logs/diag_6233279_4294967294.log	6233279	old_logs/diag	2026-07-28	1	5982	models/diag_safe_push_point_L1_sink_d15_s0/anchor	safe_push_point	1	2000	128	15.0	26.06	57.52	131.15	3.83
old_logs/diag_6233279_4294967294.log	6233279	old_logs/diag	2026-07-28	1	5983	models/diag_safe_push_point_L1_sink_d15_s0/anchor	safe_push_point	1	2000	128	10.0	26.12	81.37	213.46	8.14
old_logs/diag_6233279_4294967294.log	6233279	old_logs/diag	2026-07-28	1	5984	models/diag_safe_push_point_L1_sink_d15_s0/anchor	safe_push_point	1	2000	128	5.0	30.22	51.76	87.00	10.35
old_logs/diag_6233280_4294967294.log	6233280	old_logs/diag	2026-07-28	1	5980	models/diag_safe_push_point_L1_sink_d25_s0/anchor	safe_push_point	1	2000	128	25.0	39.93	62.79	24.34	2.51
old_logs/diag_6233280_4294967294.log	6233280	old_logs/diag	2026-07-28	1	5981	models/diag_safe_push_point_L1_sink_d25_s0/anchor	safe_push_point	1	2000	128	15.0	38.49	72.36	98.93	4.82
old_logs/diag_6233280_4294967294.log	6233280	old_logs/diag	2026-07-28	1	5982	models/diag_safe_push_point_L1_sink_d25_s0/anchor	safe_push_point	1	2000	128	10.0	38.31	63.03	30.42	6.30
old_logs/diag_6233280_4294967294.log	6233280	old_logs/diag	2026-07-28	1	5983	models/diag_safe_push_point_L1_sink_d25_s0/anchor	safe_push_point	1	2000	128	5.0	38.94	61.12	31.45	12.22
old_logs/diag_6233281_4294967294.log	6233281	old_logs/diag	2026-07-28	1	5981	models/diag_safe_push_point_L1_nosink_d10_s0/anchor	safe_push_point	1	2000	128	25.0	60.84	8.65	7.92	0.35
old_logs/diag_6233281_4294967294.log	6233281	old_logs/diag	2026-07-28	1	5982	models/diag_safe_push_point_L1_nosink_d10_s0/anchor	safe_push_point	1	2000	128	15.0	64.26	8.76	8.88	0.58
old_logs/diag_6233281_4294967294.log	6233281	old_logs/diag	2026-07-28	1	5983	models/diag_safe_push_point_L1_nosink_d10_s0/anchor	safe_push_point	1	2000	128	10.0	64.46	8.36	7.75	0.84
old_logs/diag_6233281_4294967294.log	6233281	old_logs/diag	2026-07-28	1	5984	models/diag_safe_push_point_L1_nosink_d10_s0/anchor	safe_push_point	1	2000	128	5.0	68.01	8.71	9.26	1.74
old_logs/diag_6233282_4294967294.log	6233282	old_logs/diag	2026-07-28	1	5982	models/diag_safe_push_point_L1_nosink_d15_s0/anchor	safe_push_point	1	2000	128	25.0	39.61	65.37	24.32	2.61
old_logs/diag_6233282_4294967294.log	6233282	old_logs/diag	2026-07-28	1	5983	models/diag_safe_push_point_L1_nosink_d15_s0/anchor	safe_push_point	1	2000	128	15.0	38.41	68.22	67.38	4.55
old_logs/diag_6233282_4294967294.log	6233282	old_logs/diag	2026-07-28	1	5984	models/diag_safe_push_point_L1_nosink_d15_s0/anchor	safe_push_point	1	2000	128	10.0	39.11	56.44	25.17	5.64
old_logs/diag_6233282_4294967294.log	6233282	old_logs/diag	2026-07-28	1	5985	models/diag_safe_push_point_L1_nosink_d15_s0/anchor	safe_push_point	1	2000	128	5.0	40.08	58.57	24.42	11.71
old_logs/diag_6233283_4294967294.log	6233283	old_logs/diag	2026-07-28	1	5982	models/diag_safe_push_point_L1_nosink_d25_s0/anchor	safe_push_point	1	2000	128	25.0	36.11	26.95	28.02	1.08
old_logs/diag_6233283_4294967294.log	6233283	old_logs/diag	2026-07-28	1	5983	models/diag_safe_push_point_L1_nosink_d25_s0/anchor	safe_push_point	1	2000	128	15.0	33.54	18.56	14.95	1.24
old_logs/diag_6233283_4294967294.log	6233283	old_logs/diag	2026-07-28	1	5984	models/diag_safe_push_point_L1_nosink_d25_s0/anchor	safe_push_point	1	2000	128	10.0	35.44	19.20	12.57	1.92
old_logs/diag_6233283_4294967294.log	6233283	old_logs/diag	2026-07-28	1	5985	models/diag_safe_push_point_L1_nosink_d25_s0/anchor	safe_push_point	1	2000	128	5.0	35.47	19.88	14.24	3.98
old_logs/diag_6233284_4294967294.log	6233284	old_logs/diag	2026-07-28	1	6470	models/diag_safe_goal_point_L2_nosink_d10_s0/anchor	safe_goal_point	2	1000	128	25.0	26.46	11.28	7.01	0.45
old_logs/diag_6233284_4294967294.log	6233284	old_logs/diag	2026-07-28	1	6471	models/diag_safe_goal_point_L2_nosink_d10_s0/anchor	safe_goal_point	2	1000	128	15.0	26.80	12.86	14.82	0.86
old_logs/diag_6233284_4294967294.log	6233284	old_logs/diag	2026-07-28	1	6472	models/diag_safe_goal_point_L2_nosink_d10_s0/anchor	safe_goal_point	2	1000	128	10.0	26.09	12.34	8.01	1.23
old_logs/diag_6233284_4294967294.log	6233284	old_logs/diag	2026-07-28	1	6473	models/diag_safe_goal_point_L2_nosink_d10_s0/anchor	safe_goal_point	2	1000	128	5.0	26.95	12.55	16.37	2.51
old_logs/diag_6233285_4294967294.log	6233285	old_logs/diag	2026-07-28	1	6471	models/diag_safe_goal_point_L2_nosink_d25_s0/anchor	safe_goal_point	2	1000	128	25.0	27.14	25.65	19.67	1.03
old_logs/diag_6233285_4294967294.log	6233285	old_logs/diag	2026-07-28	1	6472	models/diag_safe_goal_point_L2_nosink_d25_s0/anchor	safe_goal_point	2	1000	128	15.0	27.72	24.15	16.87	1.61
old_logs/diag_6233285_4294967294.log	6233285	old_logs/diag	2026-07-28	1	6473	models/diag_safe_goal_point_L2_nosink_d25_s0/anchor	safe_goal_point	2	1000	128	10.0	28.05	22.90	10.33	2.29
old_logs/diag_6233285_4294967294.log	6233285	old_logs/diag	2026-07-28	1	6474	models/diag_safe_goal_point_L2_nosink_d25_s0/anchor	safe_goal_point	2	1000	128	5.0	27.21	24.51	14.85	4.90
old_logs/diag_6235346_4294967294.log	6235346	old_logs/diag	2026-07-28	1	253	models/smoke_iso/anchor	safe_push_point	1	2000	128	25.0	0.02	27.18	295.62	1.09
old_logs/diag_6235346_4294967294.log	6235346	old_logs/diag	2026-07-28	1	254	models/smoke_iso/anchor	safe_push_point	1	2000	128	15.0	0.02	30.36	215.32	2.02
old_logs/diag_6235346_4294967294.log	6235346	old_logs/diag	2026-07-28	1	255	models/smoke_iso/anchor	safe_push_point	1	2000	128	10.0	0.02	18.95	207.46	1.89
old_logs/diag_6235346_4294967294.log	6235346	old_logs/diag	2026-07-28	1	256	models/smoke_iso/anchor	safe_push_point	1	2000	128	5.0	0.02	40.95	301.41	8.19
old_logs/diag_6235378_4294967294.log	6235378	old_logs/diag	2026-07-28	1	5984	models/diag_safe_push_point_L1_p3o_budget_nosink_d15_s7/anchor	safe_push_point	1	2000	128	25.0	38.24	13.65	15.82	0.55
old_logs/diag_6235378_4294967294.log	6235378	old_logs/diag	2026-07-28	1	5985	models/diag_safe_push_point_L1_p3o_budget_nosink_d15_s7/anchor	safe_push_point	1	2000	128	15.0	37.55	14.43	14.73	0.96
old_logs/diag_6235378_4294967294.log	6235378	old_logs/diag	2026-07-28	1	5986	models/diag_safe_push_point_L1_p3o_budget_nosink_d15_s7/anchor	safe_push_point	1	2000	128	10.0	38.11	14.05	13.06	1.40
old_logs/diag_6235378_4294967294.log	6235378	old_logs/diag	2026-07-28	1	5987	models/diag_safe_push_point_L1_p3o_budget_nosink_d15_s7/anchor	safe_push_point	1	2000	128	5.0	39.16	14.23	12.78	2.85
old_logs/diag_6235415_4294967294.log	6235415	old_logs/diag	2026-07-28	1	5984	models/diag_safe_push_point_L1_p3o_budget_sink_d10_s10/anchor	safe_push_point	1	2000	128	25.0	5.57	50.64	233.25	2.03
old_logs/diag_6235415_4294967294.log	6235415	old_logs/diag	2026-07-28	1	5985	models/diag_safe_push_point_L1_p3o_budget_sink_d10_s10/anchor	safe_push_point	1	2000	128	15.0	5.83	55.72	157.59	3.71
old_logs/diag_6235415_4294967294.log	6235415	old_logs/diag	2026-07-28	1	5986	models/diag_safe_push_point_L1_p3o_budget_sink_d10_s10/anchor	safe_push_point	1	2000	128	10.0	6.05	61.38	276.75	6.14
old_logs/diag_6235415_4294967294.log	6235415	old_logs/diag	2026-07-28	1	5987	models/diag_safe_push_point_L1_p3o_budget_sink_d10_s10/anchor	safe_push_point	1	2000	128	5.0	7.19	42.78	62.48	8.56
old_logs/diag_6235416_4294967294.log	6235416	old_logs/diag	2026-07-28	1	5983	models/diag_safe_push_point_L1_p3o_budget_sink_d15_s15/anchor	safe_push_point	1	2000	128	25.0	20.01	123.36	242.87	4.93
old_logs/diag_6235416_4294967294.log	6235416	old_logs/diag	2026-07-28	1	5984	models/diag_safe_push_point_L1_p3o_budget_sink_d15_s15/anchor	safe_push_point	1	2000	128	15.0	19.32	89.93	88.59	6.00
old_logs/diag_6235416_4294967294.log	6235416	old_logs/diag	2026-07-28	1	5985	models/diag_safe_push_point_L1_p3o_budget_sink_d15_s15/anchor	safe_push_point	1	2000	128	10.0	18.63	92.16	149.60	9.22
old_logs/diag_6235416_4294967294.log	6235416	old_logs/diag	2026-07-28	1	5986	models/diag_safe_push_point_L1_p3o_budget_sink_d15_s15/anchor	safe_push_point	1	2000	128	5.0	19.21	108.28	164.43	21.66
old_logs/diag_6235417_4294967294.log	6235417	old_logs/diag	2026-07-28	1	5982	models/diag_safe_push_point_L1_p3o_budget_sink_d25_s25/anchor	safe_push_point	1	2000	128	25.0	46.03	60.16	24.35	2.41
old_logs/diag_6235417_4294967294.log	6235417	old_logs/diag	2026-07-28	1	5983	models/diag_safe_push_point_L1_p3o_budget_sink_d25_s25/anchor	safe_push_point	1	2000	128	15.0	44.06	58.51	48.93	3.90
old_logs/diag_6235417_4294967294.log	6235417	old_logs/diag	2026-07-28	1	5984	models/diag_safe_push_point_L1_p3o_budget_sink_d25_s25/anchor	safe_push_point	1	2000	128	10.0	43.34	55.76	31.32	5.58
old_logs/diag_6235417_4294967294.log	6235417	old_logs/diag	2026-07-28	1	5985	models/diag_safe_push_point_L1_p3o_budget_sink_d25_s25/anchor	safe_push_point	1	2000	128	5.0	43.63	62.37	35.47	12.47
old_logs/diag_6237869_4294967294.log	6237869	old_logs/diag	2026-07-29	1	258	models/smoke_norm/anchor	safe_goal_point	2	1000	128	25.0	17.80	108.74	55.25	4.35
old_logs/diag_6237869_4294967294.log	6237869	old_logs/diag	2026-07-29	1	259	models/smoke_norm/anchor	safe_goal_point	2	1000	128	15.0	17.66	109.60	55.49	7.31
old_logs/diag_6237869_4294967294.log	6237869	old_logs/diag	2026-07-29	1	260	models/smoke_norm/anchor	safe_goal_point	2	1000	128	10.0	16.79	100.56	45.12	10.06
old_logs/diag_6237869_4294967294.log	6237869	old_logs/diag	2026-07-29	1	261	models/smoke_norm/anchor	safe_goal_point	2	1000	128	5.0	17.67	122.13	130.44	24.43
smoke_logs/phase2_6298774.log	6298774	smoke_logs/phase2	2026-08-13	1	254	models/cl_safe_push_point_L14_by_const_d5to25_dual_s901/final	safe_push_point	14	2000	128	25.0	25.05	47.13	22.78	1.89
smoke_logs/phase2_6298774.log	6298774	smoke_logs/phase2	2026-08-13	1	255	models/cl_safe_push_point_L14_by_const_d5to25_dual_s901/final	safe_push_point	14	2000	128	5.0	28.18	4.11	3.51	0.82
smoke_logs/phase2_6310184.log	6310184	smoke_logs/phase2	2026-08-17	1	255	models/cl_safe_push_pointL14tosafe_push_pointL14_by_const_d5to25_l2_s901/final	safe_push_point	14	2000	128	25.0	34.19	26.32	7.46	1.05
smoke_logs/phase2_6310184.log	6310184	smoke_logs/phase2	2026-08-17	1	256	models/cl_safe_push_pointL14tosafe_push_pointL14_by_const_d5to25_l2_s901/final	safe_push_point	14	2000	128	5.0	31.05	5.83	4.13	1.17
phase2_1024.log	1024	phase2	2026-08-29	1	5985	models/cl_safe_push_pointL14tosafe_push_pointL1_by_const_d25to25_vanilla_c0.1_s901/final	safe_push_point	1	2000	128	25.0	62.69	25.33	13.59	1.01
phase2_1024.log	1024	phase2	2026-08-29	1	5986	models/cl_safe_push_pointL14tosafe_push_pointL1_by_const_d25to25_vanilla_c0.1_s901/final	safe_push_point	1	2000	128	5.0	52.18	19.49	20.65	3.90
phase2_1024.log	1024	phase2	2026-08-29	2	6005	models/cl_safe_push_pointL14tosafe_push_pointL1_by_const_d25to25_vanilla_c0.1_s901/final	safe_push_point	14	2000	128	25.0	41.78	19.94	9.01	0.80
phase2_1024.log	1024	phase2	2026-08-29	2	6006	models/cl_safe_push_pointL14tosafe_push_pointL1_by_const_d25to25_vanilla_c0.1_s901/final	safe_push_point	14	2000	128	5.0	11.21	8.66	9.12	1.73
phase2_1025.log	1025	phase2	2026-08-29	1	5984	models/cl_safe_push_pointL14tosafe_push_pointL1_by_const_d25to25_vanilla_c0.1_s904/final	safe_push_point	1	2000	128	25.0	58.02	23.02	13.03	0.92
phase2_1025.log	1025	phase2	2026-08-29	1	5985	models/cl_safe_push_pointL14tosafe_push_pointL1_by_const_d25to25_vanilla_c0.1_s904/final	safe_push_point	1	2000	128	5.0	48.42	19.43	13.30	3.89
phase2_1025.log	1025	phase2	2026-08-29	2	6004	models/cl_safe_push_pointL14tosafe_push_pointL1_by_const_d25to25_vanilla_c0.1_s904/final	safe_push_point	14	2000	128	25.0	44.34	22.14	7.87	0.89
phase2_1025.log	1025	phase2	2026-08-29	2	6005	models/cl_safe_push_pointL14tosafe_push_pointL1_by_const_d25to25_vanilla_c0.1_s904/final	safe_push_point	14	2000	128	5.0	22.72	11.33	9.35	2.27
phase2_1026.log	1026	phase2	2026-08-29	1	5985	models/cl_safe_push_pointL14tosafe_push_pointL1_by_const_d25to25_vanilla_c0.1_s905/final	safe_push_point	1	2000	128	25.0	74.41	18.19	10.90	0.73
phase2_1026.log	1026	phase2	2026-08-29	1	5986	models/cl_safe_push_pointL14tosafe_push_pointL1_by_const_d25to25_vanilla_c0.1_s905/final	safe_push_point	1	2000	128	5.0	63.42	17.91	59.73	3.58
phase2_1026.log	1026	phase2	2026-08-29	2	6005	models/cl_safe_push_pointL14tosafe_push_pointL1_by_const_d25to25_vanilla_c0.1_s905/final	safe_push_point	14	2000	128	25.0	55.39	32.70	12.10	1.31
phase2_1026.log	1026	phase2	2026-08-29	2	6006	models/cl_safe_push_pointL14tosafe_push_pointL1_by_const_d25to25_vanilla_c0.1_s905/final	safe_push_point	14	2000	128	5.0	9.11	240.08	310.85	48.02
phase2_1027.log	1027	phase2	2026-08-29	1	5985	models/cl_safe_push_pointL11tosafe_push_pointL14_by_const_d25to25_vanilla_c1000_s901/final	safe_push_point	14	2000	128	25.0	43.11	18.43	8.24	0.74
phase2_1027.log	1027	phase2	2026-08-29	1	5986	models/cl_safe_push_pointL11tosafe_push_pointL14_by_const_d25to25_vanilla_c1000_s901/final	safe_push_point	14	2000	128	5.0	27.01	9.58	8.25	1.92
phase2_1027.log	1027	phase2	2026-08-29	2	6005	models/cl_safe_push_pointL11tosafe_push_pointL14_by_const_d25to25_vanilla_c1000_s901/final	safe_push_point	11	2000	128	25.0	48.06	31.92	10.11	1.28
phase2_1027.log	1027	phase2	2026-08-29	2	6006	models/cl_safe_push_pointL11tosafe_push_pointL14_by_const_d25to25_vanilla_c1000_s901/final	safe_push_point	11	2000	128	5.0	35.08	12.99	6.49	2.60
phase2_1028.log	1028	phase2	2026-08-29	1	5985	models/cl_safe_push_pointL11tosafe_push_pointL14_by_const_d25to25_vanilla_c1000_s902/final	safe_push_point	14	2000	128	25.0	57.57	27.68	20.96	1.11
phase2_1028.log	1028	phase2	2026-08-29	1	5986	models/cl_safe_push_pointL11tosafe_push_pointL14_by_const_d25to25_vanilla_c1000_s902/final	safe_push_point	14	2000	128	5.0	34.97	13.19	10.35	2.64
phase2_1028.log	1028	phase2	2026-08-29	2	6005	models/cl_safe_push_pointL11tosafe_push_pointL14_by_const_d25to25_vanilla_c1000_s902/final	safe_push_point	11	2000	128	25.0	62.84	36.96	11.96	1.48
phase2_1028.log	1028	phase2	2026-08-29	2	6006	models/cl_safe_push_pointL11tosafe_push_pointL14_by_const_d25to25_vanilla_c1000_s902/final	safe_push_point	11	2000	128	5.0	47.95	15.78	7.32	3.16
phase2_1029.log	1029	phase2	2026-08-29	1	5985	models/cl_safe_push_pointL11tosafe_push_pointL14_by_const_d25to25_vanilla_c1000_s903/final	safe_push_point	14	2000	128	25.0	50.97	29.45	12.05	1.18
phase2_1029.log	1029	phase2	2026-08-29	1	5986	models/cl_safe_push_pointL11tosafe_push_pointL14_by_const_d25to25_vanilla_c1000_s903/final	safe_push_point	14	2000	128	5.0	36.14	24.33	27.44	4.87
phase2_1029.log	1029	phase2	2026-08-29	2	6005	models/cl_safe_push_pointL11tosafe_push_pointL14_by_const_d25to25_vanilla_c1000_s903/final	safe_push_point	11	2000	128	25.0	56.98	33.65	14.05	1.35
phase2_1029.log	1029	phase2	2026-08-29	2	6006	models/cl_safe_push_pointL11tosafe_push_pointL14_by_const_d25to25_vanilla_c1000_s903/final	safe_push_point	11	2000	128	5.0	49.45	20.25	8.92	4.05
phase2_1030.log	1030	phase2	2026-08-29	1	5985	models/cl_safe_push_pointL11tosafe_push_pointL14_by_const_d25to25_vanilla_c10000_s901/final	safe_push_point	14	2000	128	25.0	42.57	19.74	9.07	0.79
phase2_1030.log	1030	phase2	2026-08-29	1	5986	models/cl_safe_push_pointL11tosafe_push_pointL14_by_const_d25to25_vanilla_c10000_s901/final	safe_push_point	14	2000	128	5.0	26.08	8.62	7.47	1.72
phase2_1030.log	1030	phase2	2026-08-29	2	6005	models/cl_safe_push_pointL11tosafe_push_pointL14_by_const_d25to25_vanilla_c10000_s901/final	safe_push_point	11	2000	128	25.0	48.34	29.29	9.33	1.17
phase2_1030.log	1030	phase2	2026-08-29	2	6006	models/cl_safe_push_pointL11tosafe_push_pointL14_by_const_d25to25_vanilla_c10000_s901/final	safe_push_point	11	2000	128	5.0	35.36	12.82	8.28	2.56
phase2_1031.log	1031	phase2	2026-08-29	1	5986	models/cl_safe_push_pointL11tosafe_push_pointL14_by_const_d25to25_vanilla_c10000_s902/final	safe_push_point	14	2000	128	25.0	58.36	25.12	10.75	1.00
phase2_1031.log	1031	phase2	2026-08-29	1	5987	models/cl_safe_push_pointL11tosafe_push_pointL14_by_const_d25to25_vanilla_c10000_s902/final	safe_push_point	14	2000	128	5.0	34.81	14.99	11.56	3.00
phase2_1031.log	1031	phase2	2026-08-29	2	6006	models/cl_safe_push_pointL11tosafe_push_pointL14_by_const_d25to25_vanilla_c10000_s902/final	safe_push_point	11	2000	128	25.0	62.23	40.74	15.62	1.63
phase2_1031.log	1031	phase2	2026-08-29	2	6007	models/cl_safe_push_pointL11tosafe_push_pointL14_by_const_d25to25_vanilla_c10000_s902/final	safe_push_point	11	2000	128	5.0	48.97	17.98	14.05	3.60
phase2_1032.log	1032	phase2	2026-08-29	1	5989	models/cl_safe_push_pointL11tosafe_push_pointL14_by_const_d25to25_vanilla_c10000_s903/final	safe_push_point	14	2000	128	25.0	50.83	29.17	10.99	1.17
phase2_1032.log	1032	phase2	2026-08-29	1	5990	models/cl_safe_push_pointL11tosafe_push_pointL14_by_const_d25to25_vanilla_c10000_s903/final	safe_push_point	14	2000	128	5.0	36.96	20.04	12.24	4.01
phase2_1032.log	1032	phase2	2026-08-29	2	6011	models/cl_safe_push_pointL11tosafe_push_pointL14_by_const_d25to25_vanilla_c10000_s903/final	safe_push_point	11	2000	128	25.0	56.46	33.72	11.03	1.35
phase2_1032.log	1032	phase2	2026-08-29	2	6012	models/cl_safe_push_pointL11tosafe_push_pointL14_by_const_d25to25_vanilla_c10000_s903/final	safe_push_point	11	2000	128	5.0	50.87	18.69	8.27	3.74
phase2_1048.log	1048	phase2	2026-08-29	1	1580	models/cl_safe_push_pointL14tosafe_push_pointL14_by_const_d25to5_vanilla_c0.01_100e6_s901/final	safe_push_point	14	2000	128	25.0	45.24	14.90	7.91	0.60
phase2_1048.log	1048	phase2	2026-08-29	1	1581	models/cl_safe_push_pointL14tosafe_push_pointL14_by_const_d25to5_vanilla_c0.01_100e6_s901/final	safe_push_point	14	2000	128	5.0	38.01	5.47	6.72	1.09
phase2_1049.log	1049	phase2	2026-08-29	1	1576	models/cl_safe_push_pointL14tosafe_push_pointL14_by_const_d25to10_naive_c10000_100e6_s901/final	safe_push_point	14	2000	128	25.0	45.14	23.14	9.17	0.93
phase2_1049.log	1049	phase2	2026-08-29	1	1577	models/cl_safe_push_pointL14tosafe_push_pointL14_by_const_d25to10_naive_c10000_100e6_s901/final	safe_push_point	14	2000	128	5.0	38.31	6.35	5.69	1.27
phase2_1050.log	1050	phase2	2026-08-29	1	1581	models/cl_safe_push_pointL14tosafe_push_pointL14_by_const_d25to10_vanilla_c0.01_100e6_s901/final	safe_push_point	14	2000	128	25.0	48.55	16.47	8.11	0.66
phase2_1050.log	1050	phase2	2026-08-29	1	1582	models/cl_safe_push_pointL14tosafe_push_pointL14_by_const_d25to10_vanilla_c0.01_100e6_s901/final	safe_push_point	14	2000	128	5.0	42.12	7.86	6.54	1.57
phase2_1051.log	1051	phase2	2026-08-29	1	1577	models/cl_safe_push_pointL14tosafe_push_pointL14_by_const_d25to15_naive_c10000_100e6_s901/final	safe_push_point	14	2000	128	25.0	51.20	22.89	10.68	0.92
phase2_1051.log	1051	phase2	2026-08-29	1	1578	models/cl_safe_push_pointL14tosafe_push_pointL14_by_const_d25to15_naive_c10000_100e6_s901/final	safe_push_point	14	2000	128	5.0	44.96	10.52	7.30	2.10
phase2_1052.log	1052	phase2	2026-08-29	1	1577	models/cl_safe_push_pointL14tosafe_push_pointL14_by_const_d25to15_vanilla_c0.01_100e6_s901/final	safe_push_point	14	2000	128	25.0	51.16	17.45	8.72	0.70
phase2_1052.log	1052	phase2	2026-08-29	1	1578	models/cl_safe_push_pointL14tosafe_push_pointL14_by_const_d25to15_vanilla_c0.01_100e6_s901/final	safe_push_point	14	2000	128	5.0	42.80	11.63	10.05	2.33
phase2_14401.log	14401	phase2	2026-08-30	1	5985	models/cl_safe_push_pointL14tosafe_push_pointL1_by_const_d25to25_vanilla_c1_s901/final	safe_push_point	1	2000	128	25.0	55.38	25.01	14.42	1.00
phase2_14401.log	14401	phase2	2026-08-30	2	6004	models/cl_safe_push_pointL14tosafe_push_pointL1_by_const_d25to25_vanilla_c1_s901/final	safe_push_point	14	2000	128	25.0	40.27	18.03	9.69	0.72
phase2_14402.log	14402	phase2	2026-08-30	1	5985	models/cl_safe_push_pointL14tosafe_push_pointL1_by_const_d25to25_vanilla_c1_s904/final	safe_push_point	1	2000	128	25.0	57.86	26.38	12.47	1.06
phase2_14402.log	14402	phase2	2026-08-30	2	6004	models/cl_safe_push_pointL14tosafe_push_pointL1_by_const_d25to25_vanilla_c1_s904/final	safe_push_point	14	2000	128	25.0	45.69	18.66	7.93	0.75
phase2_14403.log	14403	phase2	2026-08-30	1	5985	models/cl_safe_push_pointL14tosafe_push_pointL1_by_const_d25to25_vanilla_c1_s905/final	safe_push_point	1	2000	128	25.0	66.28	14.22	9.07	0.57
phase2_14403.log	14403	phase2	2026-08-30	2	6004	models/cl_safe_push_pointL14tosafe_push_pointL1_by_const_d25to25_vanilla_c1_s905/final	safe_push_point	14	2000	128	25.0	51.37	23.78	11.28	0.95
phase2_14405.log	14405	phase2	2026-08-30	1	5984	models/cl_safe_push_pointL14tosafe_push_pointL1_by_const_d25to25_naive_c10000_s905/final	safe_push_point	1	2000	128	25.0	0.15	0.09	0.73	0.00
phase2_14405.log	14405	phase2	2026-08-30	2	6003	models/cl_safe_push_pointL14tosafe_push_pointL1_by_const_d25to25_naive_c10000_s905/final	safe_push_point	14	2000	128	25.0	3.87	163.12	214.15	6.52
phase2_14406.log	14406	phase2	2026-08-30	1	1576	models/cl_safe_push_pointL14tosafe_push_pointL14_by_const_d25to5_naive_c10000_100e6_s901/final	safe_push_point	14	2000	128	25.0	38.85	30.22	10.40	1.21
phase2_14406.log	14406	phase2	2026-08-30	1	1577	models/cl_safe_push_pointL14tosafe_push_pointL14_by_const_d25to5_naive_c10000_100e6_s901/final	safe_push_point	14	2000	128	5.0	36.41	5.20	6.13	1.04
phase2_14408.log	14408	phase2	2026-08-30	1	5989	models/cl_safe_push_pointL14tosafe_push_pointL8_by_const_d25to25_realvb_c10_s901/final	safe_push_point	8	2000	128	25.0	50.19	13.66	6.90	0.55
phase2_14408.log	14408	phase2	2026-08-30	2	6010	models/cl_safe_push_pointL14tosafe_push_pointL8_by_const_d25to25_realvb_c10_s901/final	safe_push_point	14	2000	128	25.0	48.95	22.72	10.01	0.91
phase2_14411.log	14411	phase2	2026-08-30	1	5988	models/cl_safe_push_pointL14tosafe_push_pointL8_by_const_d25to25_realvb_c10_s904/final	safe_push_point	8	2000	128	25.0	51.30	17.18	8.85	0.69
phase2_14411.log	14411	phase2	2026-08-30	2	6009	models/cl_safe_push_pointL14tosafe_push_pointL8_by_const_d25to25_realvb_c10_s904/final	safe_push_point	14	2000	128	25.0	50.34	23.91	10.22	0.96
phase2_14418.log	14418	phase2	2026-08-30	1	5988	models/cl_safe_push_pointL14tosafe_push_pointL8_by_const_d25to25_l2_c10_s905/final	safe_push_point	8	2000	128	25.0	60.66	17.65	13.87	0.71
phase2_14418.log	14418	phase2	2026-08-30	2	6009	models/cl_safe_push_pointL14tosafe_push_pointL8_by_const_d25to25_l2_c10_s905/final	safe_push_point	14	2000	128	25.0	59.81	27.14	12.58	1.09
phase2_14546.log	14546	phase2	2026-08-30	1	5989	models/cl_safe_push_pointL14tosafe_push_pointL1_by_const_d25to25_realvb_c1_s904/final	safe_push_point	1	2000	128	25.0	43.53	19.55	12.35	0.78
phase2_14546.log	14546	phase2	2026-08-30	2	6010	models/cl_safe_push_pointL14tosafe_push_pointL1_by_const_d25to25_realvb_c1_s904/final	safe_push_point	14	2000	128	25.0	31.20	17.83	7.80	0.71
phase2_14581.log	14581	phase2	2026-08-30	1	5990	models/cl_safe_push_pointL14tosafe_push_pointL1_by_const_d25to25_naive_c10000_s904/final	safe_push_point	1	2000	128	25.0	77.38	27.11	15.09	1.08
phase2_14581.log	14581	phase2	2026-08-30	2	6011	models/cl_safe_push_pointL14tosafe_push_pointL1_by_const_d25to25_naive_c10000_s904/final	safe_push_point	14	2000	128	25.0	58.90	229.79	38.49	9.19
phase2_14582.log	14582	phase2	2026-08-30	1	5991	models/cl_safe_push_pointL14tosafe_push_pointL8_by_const_d25to25_realvb_c10_s902/final	safe_push_point	8	2000	128	25.0	60.64	14.12	8.95	0.56
phase2_14582.log	14582	phase2	2026-08-30	2	6012	models/cl_safe_push_pointL14tosafe_push_pointL8_by_const_d25to25_realvb_c10_s902/final	safe_push_point	14	2000	128	25.0	58.33	22.82	10.40	0.91
phase2_14583.log	14583	phase2	2026-08-30	1	5991	models/cl_safe_push_pointL14tosafe_push_pointL8_by_const_d25to25_realvb_c10_s903/final	safe_push_point	8	2000	128	25.0	61.52	17.02	9.62	0.68
phase2_14583.log	14583	phase2	2026-08-30	2	6012	models/cl_safe_push_pointL14tosafe_push_pointL8_by_const_d25to25_realvb_c10_s903/final	safe_push_point	14	2000	128	25.0	60.06	25.83	10.69	1.03
phase2_14584.log	14584	phase2	2026-08-30	1	5991	models/cl_safe_push_pointL14tosafe_push_pointL8_by_const_d25to25_realvb_c10_s905/final	safe_push_point	8	2000	128	25.0	60.47	22.40	85.14	0.90
phase2_14584.log	14584	phase2	2026-08-30	2	6012	models/cl_safe_push_pointL14tosafe_push_pointL8_by_const_d25to25_realvb_c10_s905/final	safe_push_point	14	2000	128	25.0	59.26	25.98	10.14	1.04
phase2_14585.log	14585	phase2	2026-08-30	1	5987	models/cl_safe_push_pointL14tosafe_push_pointL8_by_const_d25to25_l2_c10_s901/final	safe_push_point	8	2000	128	25.0	50.09	17.59	35.77	0.70
phase2_14585.log	14585	phase2	2026-08-30	2	6006	models/cl_safe_push_pointL14tosafe_push_pointL8_by_const_d25to25_l2_c10_s901/final	safe_push_point	14	2000	128	25.0	48.97	23.66	9.49	0.95
phase2_14586.log	14586	phase2	2026-08-30	1	5991	models/cl_safe_push_pointL14tosafe_push_pointL8_by_const_d25to25_l2_c10_s902/final	safe_push_point	8	2000	128	25.0	60.17	13.74	8.30	0.55
phase2_14586.log	14586	phase2	2026-08-30	2	6012	models/cl_safe_push_pointL14tosafe_push_pointL8_by_const_d25to25_l2_c10_s902/final	safe_push_point	14	2000	128	25.0	58.20	23.31	9.91	0.93
phase2_14587.log	14587	phase2	2026-08-30	1	5986	models/cl_safe_push_pointL14tosafe_push_pointL8_by_const_d25to25_l2_c10_s903/final	safe_push_point	8	2000	128	25.0	61.11	16.35	7.45	0.65
phase2_14587.log	14587	phase2	2026-08-30	2	6005	models/cl_safe_push_pointL14tosafe_push_pointL8_by_const_d25to25_l2_c10_s903/final	safe_push_point	14	2000	128	25.0	59.61	26.53	10.85	1.06
phase2_14588.log	14588	phase2	2026-08-30	1	5989	models/cl_safe_push_pointL14tosafe_push_pointL8_by_const_d25to25_l2_c10_s904/final	safe_push_point	8	2000	128	25.0	51.32	16.32	7.37	0.65
phase2_14588.log	14588	phase2	2026-08-30	2	6010	models/cl_safe_push_pointL14tosafe_push_pointL8_by_const_d25to25_l2_c10_s904/final	safe_push_point	14	2000	128	25.0	49.90	25.69	10.40	1.03
phase2_14589.log	14589	phase2	2026-08-30	1	5989	models/cl_safe_push_pointL14tosafe_push_pointL1_by_const_d25to25_realvb_c1_s901/final	safe_push_point	1	2000	128	25.0	55.05	24.52	14.26	0.98
phase2_14589.log	14589	phase2	2026-08-30	2	6010	models/cl_safe_push_pointL14tosafe_push_pointL1_by_const_d25to25_realvb_c1_s901/final	safe_push_point	14	2000	128	25.0	40.73	18.05	11.03	0.72
phase2_14590.log	14590	phase2	2026-08-30	1	5989	models/cl_safe_push_pointL14tosafe_push_pointL1_by_const_d25to25_realvb_c1_s902/final	safe_push_point	1	2000	128	25.0	65.79	17.51	9.01	0.70
phase2_14590.log	14590	phase2	2026-08-30	2	6010	models/cl_safe_push_pointL14tosafe_push_pointL1_by_const_d25to25_realvb_c1_s902/final	safe_push_point	14	2000	128	25.0	49.09	16.05	7.56	0.64
phase2_14591.log	14591	phase2	2026-08-30	1	5989	models/cl_safe_push_pointL14tosafe_push_pointL1_by_const_d25to25_realvb_c1_s903/final	safe_push_point	1	2000	128	25.0	65.77	16.62	8.69	0.66
phase2_14591.log	14591	phase2	2026-08-30	2	6010	models/cl_safe_push_pointL14tosafe_push_pointL1_by_const_d25to25_realvb_c1_s903/final	safe_push_point	14	2000	128	25.0	51.99	21.97	10.58	0.88
phase2_14592.log	14592	phase2	2026-08-30	1	5989	models/cl_safe_push_pointL14tosafe_push_pointL1_by_const_d25to25_realvb_c1_s905/final	safe_push_point	1	2000	128	25.0	66.33	14.94	8.10	0.60
phase2_14592.log	14592	phase2	2026-08-30	2	6010	models/cl_safe_push_pointL14tosafe_push_pointL1_by_const_d25to25_realvb_c1_s905/final	safe_push_point	14	2000	128	25.0	51.36	21.48	9.20	0.86
phase2_14593.log	14593	phase2	2026-08-30	1	5990	models/cl_safe_push_pointL14tosafe_push_pointL1_by_const_d25to25_l2_c1_s901/final	safe_push_point	1	2000	128	25.0	56.50	22.78	11.24	0.91
phase2_14593.log	14593	phase2	2026-08-30	2	6011	models/cl_safe_push_pointL14tosafe_push_pointL1_by_const_d25to25_l2_c1_s901/final	safe_push_point	14	2000	128	25.0	41.10	17.70	8.89	0.71
phase2_14594.log	14594	phase2	2026-08-30	1	5987	models/cl_safe_push_pointL14tosafe_push_pointL1_by_const_d25to25_l2_c1_s902/final	safe_push_point	1	2000	128	25.0	64.76	15.81	9.31	0.63
phase2_14594.log	14594	phase2	2026-08-30	2	6006	models/cl_safe_push_pointL14tosafe_push_pointL1_by_const_d25to25_l2_c1_s902/final	safe_push_point	14	2000	128	25.0	49.94	14.46	9.51	0.58
phase2_14595.log	14595	phase2	2026-08-30	1	5991	models/cl_safe_push_pointL14tosafe_push_pointL1_by_const_d25to25_l2_c1_s903/final	safe_push_point	1	2000	128	25.0	65.88	17.95	10.36	0.72
phase2_14595.log	14595	phase2	2026-08-30	2	6012	models/cl_safe_push_pointL14tosafe_push_pointL1_by_const_d25to25_l2_c1_s903/final	safe_push_point	14	2000	128	25.0	52.21	22.93	10.73	0.92
phase2_14596.log	14596	phase2	2026-08-30	1	5986	models/cl_safe_push_pointL14tosafe_push_pointL1_by_const_d25to25_l2_c1_s904/final	safe_push_point	1	2000	128	25.0	57.17	24.52	10.77	0.98
phase2_14596.log	14596	phase2	2026-08-30	2	6005	models/cl_safe_push_pointL14tosafe_push_pointL1_by_const_d25to25_l2_c1_s904/final	safe_push_point	14	2000	128	25.0	43.72	19.99	10.21	0.80
phase2_14597.log	14597	phase2	2026-08-30	1	5991	models/cl_safe_push_pointL14tosafe_push_pointL1_by_const_d25to25_l2_c1_s905/final	safe_push_point	1	2000	128	25.0	67.28	14.04	8.19	0.56
phase2_14597.log	14597	phase2	2026-08-30	2	6012	models/cl_safe_push_pointL14tosafe_push_pointL1_by_const_d25to25_l2_c1_s905/final	safe_push_point	14	2000	128	25.0	53.77	20.35	9.64	0.81
phase2_16326.log	16326	phase2	2026-08-30	1	5991	models/cl_safe_push_pointL14tosafe_push_pointL14_by_const_d25to5_vanilla_c0.01_s901/final	safe_push_point	14	2000	128	25.0	43.76	19.10	17.88	0.76
phase2_16326.log	16326	phase2	2026-08-30	1	5992	models/cl_safe_push_pointL14tosafe_push_pointL14_by_const_d25to5_vanilla_c0.01_s901/final	safe_push_point	14	2000	128	5.0	30.19	4.71	5.06	0.94
phase2_16328.log	16328	phase2	2026-08-30	1	5991	models/cl_safe_push_pointL14tosafe_push_pointL14_by_const_d25to5_vanilla_c0.01_s902/final	safe_push_point	14	2000	128	25.0	55.45	21.18	7.72	0.85
phase2_16328.log	16328	phase2	2026-08-30	1	5992	models/cl_safe_push_pointL14tosafe_push_pointL14_by_const_d25to5_vanilla_c0.01_s902/final	safe_push_point	14	2000	128	5.0	38.91	5.57	5.77	1.11
phase2_16330.log	16330	phase2	2026-08-30	1	5986	models/cl_safe_push_pointL14tosafe_push_pointL14_by_const_d25to5_vanilla_c0.01_s903/final	safe_push_point	14	2000	128	25.0	47.20	17.02	7.73	0.68
phase2_16330.log	16330	phase2	2026-08-30	1	5987	models/cl_safe_push_pointL14tosafe_push_pointL14_by_const_d25to5_vanilla_c0.01_s903/final	safe_push_point	14	2000	128	5.0	25.28	3.94	4.98	0.79
phase2_17508.log	17508	phase2	2026-08-31	1	5987	models/cl_safe_push_pointL11tosafe_push_pointL14_by_const_d25to25_l2_c10_s901/final	safe_push_point	14	2000	128	25.0	42.96	24.25	37.70	0.97
phase2_17508.log	17508	phase2	2026-08-31	1	5988	models/cl_safe_push_pointL11tosafe_push_pointL14_by_const_d25to25_l2_c10_s901/final	safe_push_point	14	2000	128	5.0	26.33	8.69	6.46	1.74
phase2_17508.log	17508	phase2	2026-08-31	2	6007	models/cl_safe_push_pointL11tosafe_push_pointL14_by_const_d25to25_l2_c10_s901/final	safe_push_point	11	2000	128	25.0	48.37	31.37	11.49	1.25
phase2_17508.log	17508	phase2	2026-08-31	2	6008	models/cl_safe_push_pointL11tosafe_push_pointL14_by_const_d25to25_l2_c10_s901/final	safe_push_point	11	2000	128	5.0	36.07	13.86	7.64	2.77
phase2_17509.log	17509	phase2	2026-08-31	1	5987	models/cl_safe_push_pointL11tosafe_push_pointL14_by_const_d25to25_l2_c10_s902/final	safe_push_point	14	2000	128	25.0	57.24	22.94	9.93	0.92
phase2_17509.log	17509	phase2	2026-08-31	1	5988	models/cl_safe_push_pointL11tosafe_push_pointL14_by_const_d25to25_l2_c10_s902/final	safe_push_point	14	2000	128	5.0	33.19	13.70	12.01	2.74
phase2_17509.log	17509	phase2	2026-08-31	2	6007	models/cl_safe_push_pointL11tosafe_push_pointL14_by_const_d25to25_l2_c10_s902/final	safe_push_point	11	2000	128	25.0	62.40	35.47	15.27	1.42
phase2_17509.log	17509	phase2	2026-08-31	2	6008	models/cl_safe_push_pointL11tosafe_push_pointL14_by_const_d25to25_l2_c10_s902/final	safe_push_point	11	2000	128	5.0	47.26	16.51	24.73	3.30
phase2_17510.log	17510	phase2	2026-08-31	1	5986	models/cl_safe_push_pointL11tosafe_push_pointL14_by_const_d25to25_l2_c10_s903/final	safe_push_point	14	2000	128	25.0	48.31	27.55	17.63	1.10
phase2_17510.log	17510	phase2	2026-08-31	1	5987	models/cl_safe_push_pointL11tosafe_push_pointL14_by_const_d25to25_l2_c10_s903/final	safe_push_point	14	2000	128	5.0	34.71	22.84	27.77	4.57
phase2_17510.log	17510	phase2	2026-08-31	2	6006	models/cl_safe_push_pointL11tosafe_push_pointL14_by_const_d25to25_l2_c10_s903/final	safe_push_point	11	2000	128	25.0	55.56	31.41	11.24	1.26
phase2_17510.log	17510	phase2	2026-08-31	2	6007	models/cl_safe_push_pointL11tosafe_push_pointL14_by_const_d25to25_l2_c10_s903/final	safe_push_point	11	2000	128	5.0	48.22	19.74	10.56	3.95
phase2_17511.log	17511	phase2	2026-08-31	1	5987	models/cl_safe_push_pointL11tosafe_push_pointL14_by_const_d25to25_l2_c10_s904/final	safe_push_point	14	2000	128	25.0	46.75	25.73	15.61	1.03
phase2_17511.log	17511	phase2	2026-08-31	1	5988	models/cl_safe_push_pointL11tosafe_push_pointL14_by_const_d25to25_l2_c10_s904/final	safe_push_point	14	2000	128	5.0	26.45	8.28	5.96	1.66
phase2_17511.log	17511	phase2	2026-08-31	2	6007	models/cl_safe_push_pointL11tosafe_push_pointL14_by_const_d25to25_l2_c10_s904/final	safe_push_point	11	2000	128	25.0	51.70	38.60	10.25	1.54
phase2_17511.log	17511	phase2	2026-08-31	2	6008	models/cl_safe_push_pointL11tosafe_push_pointL14_by_const_d25to25_l2_c10_s904/final	safe_push_point	11	2000	128	5.0	40.79	12.00	6.27	2.40
phase2_17512.log	17512	phase2	2026-08-31	1	5990	models/cl_safe_push_pointL11tosafe_push_pointL14_by_const_d25to25_l2_c10_s905/final	safe_push_point	14	2000	128	25.0	56.68	23.57	11.01	0.94
phase2_17512.log	17512	phase2	2026-08-31	1	5991	models/cl_safe_push_pointL11tosafe_push_pointL14_by_const_d25to25_l2_c10_s905/final	safe_push_point	14	2000	128	5.0	33.10	14.11	9.47	2.82
phase2_17512.log	17512	phase2	2026-08-31	2	6012	models/cl_safe_push_pointL11tosafe_push_pointL14_by_const_d25to25_l2_c10_s905/final	safe_push_point	11	2000	128	25.0	61.98	34.42	12.01	1.38
phase2_17512.log	17512	phase2	2026-08-31	2	6013	models/cl_safe_push_pointL11tosafe_push_pointL14_by_const_d25to25_l2_c10_s905/final	safe_push_point	11	2000	128	5.0	48.85	18.95	8.53	3.79
phase2_17516.log	17516	phase2	2026-08-31	1	5991	models/cl_safe_push_pointL11tosafe_push_pointL14_by_const_d25to25_realvb_c10_s904/final	safe_push_point	14	2000	128	25.0	47.66	23.14	8.89	0.93
phase2_17516.log	17516	phase2	2026-08-31	1	5992	models/cl_safe_push_pointL11tosafe_push_pointL14_by_const_d25to25_realvb_c10_s904/final	safe_push_point	14	2000	128	5.0	28.32	9.71	7.68	1.94
phase2_17516.log	17516	phase2	2026-08-31	2	6013	models/cl_safe_push_pointL11tosafe_push_pointL14_by_const_d25to25_realvb_c10_s904/final	safe_push_point	11	2000	128	25.0	52.61	38.96	10.19	1.56
phase2_17516.log	17516	phase2	2026-08-31	2	6014	models/cl_safe_push_pointL11tosafe_push_pointL14_by_const_d25to25_realvb_c10_s904/final	safe_push_point	11	2000	128	5.0	42.60	13.35	7.93	2.67
phase2_17517.log	17517	phase2	2026-08-31	1	5990	models/cl_safe_push_pointL11tosafe_push_pointL14_by_const_d25to25_realvb_c10_s905/final	safe_push_point	14	2000	128	25.0	56.77	24.92	11.92	1.00
phase2_17517.log	17517	phase2	2026-08-31	1	5991	models/cl_safe_push_pointL11tosafe_push_pointL14_by_const_d25to25_realvb_c10_s905/final	safe_push_point	14	2000	128	5.0	35.54	15.72	9.78	3.14
phase2_17517.log	17517	phase2	2026-08-31	2	6012	models/cl_safe_push_pointL11tosafe_push_pointL14_by_const_d25to25_realvb_c10_s905/final	safe_push_point	11	2000	128	25.0	63.27	35.90	12.74	1.44
phase2_17517.log	17517	phase2	2026-08-31	2	6013	models/cl_safe_push_pointL11tosafe_push_pointL14_by_const_d25to25_realvb_c10_s905/final	safe_push_point	11	2000	128	5.0	50.88	18.07	8.74	3.61
phase2_17518.log	17518	phase2	2026-08-31	1	5990	models/cl_safe_push_pointL11tosafe_push_pointL14_by_const_d25to25_vanilla_c10_s904/final	safe_push_point	14	2000	128	25.0	48.08	25.63	11.32	1.03
phase2_17518.log	17518	phase2	2026-08-31	1	5991	models/cl_safe_push_pointL11tosafe_push_pointL14_by_const_d25to25_vanilla_c10_s904/final	safe_push_point	14	2000	128	5.0	29.38	10.06	7.72	2.01
phase2_17518.log	17518	phase2	2026-08-31	2	6012	models/cl_safe_push_pointL11tosafe_push_pointL14_by_const_d25to25_vanilla_c10_s904/final	safe_push_point	11	2000	128	25.0	51.88	39.87	10.62	1.59
phase2_17518.log	17518	phase2	2026-08-31	2	6013	models/cl_safe_push_pointL11tosafe_push_pointL14_by_const_d25to25_vanilla_c10_s904/final	safe_push_point	11	2000	128	5.0	42.77	13.52	7.25	2.70
phase2_17519.log	17519	phase2	2026-08-31	1	5990	models/cl_safe_push_pointL11tosafe_push_pointL14_by_const_d25to25_vanilla_c10_s905/final	safe_push_point	14	2000	128	25.0	56.60	24.53	12.02	0.98
phase2_17519.log	17519	phase2	2026-08-31	1	5991	models/cl_safe_push_pointL11tosafe_push_pointL14_by_const_d25to25_vanilla_c10_s905/final	safe_push_point	14	2000	128	5.0	35.00	12.15	6.82	2.43
phase2_17519.log	17519	phase2	2026-08-31	2	6012	models/cl_safe_push_pointL11tosafe_push_pointL14_by_const_d25to25_vanilla_c10_s905/final	safe_push_point	11	2000	128	25.0	63.01	28.41	8.95	1.14
phase2_17519.log	17519	phase2	2026-08-31	2	6013	models/cl_safe_push_pointL11tosafe_push_pointL14_by_const_d25to25_vanilla_c10_s905/final	safe_push_point	11	2000	128	5.0	50.47	16.30	9.25	3.26
phase2_17520.log	17520	phase2	2026-08-31	1	5990	models/cl_safe_push_pointL11tosafe_push_pointL14_by_const_d25to25_naive_c10000_s904/final	safe_push_point	14	2000	128	25.0	55.82	25.15	12.26	1.01
phase2_17520.log	17520	phase2	2026-08-31	1	5991	models/cl_safe_push_pointL11tosafe_push_pointL14_by_const_d25to25_naive_c10000_s904/final	safe_push_point	14	2000	128	5.0	26.00	12.63	10.41	2.53
phase2_17520.log	17520	phase2	2026-08-31	2	6012	models/cl_safe_push_pointL11tosafe_push_pointL14_by_const_d25to25_naive_c10000_s904/final	safe_push_point	11	2000	128	25.0	57.91	61.16	15.31	2.45
phase2_17520.log	17520	phase2	2026-08-31	2	6013	models/cl_safe_push_pointL11tosafe_push_pointL14_by_const_d25to25_naive_c10000_s904/final	safe_push_point	11	2000	128	5.0	37.35	24.15	9.00	4.83
phase2_17521.log	17521	phase2	2026-08-31	1	5991	models/cl_safe_push_pointL11tosafe_push_pointL14_by_const_d25to25_naive_c10000_s905/final	safe_push_point	14	2000	128	25.0	65.79	20.79	9.17	0.83
phase2_17521.log	17521	phase2	2026-08-31	1	5992	models/cl_safe_push_pointL11tosafe_push_pointL14_by_const_d25to25_naive_c10000_s905/final	safe_push_point	14	2000	128	5.0	36.40	14.71	10.96	2.94
phase2_17521.log	17521	phase2	2026-08-31	2	6013	models/cl_safe_push_pointL11tosafe_push_pointL14_by_const_d25to25_naive_c10000_s905/final	safe_push_point	11	2000	128	25.0	67.31	49.63	11.81	1.99
phase2_17521.log	17521	phase2	2026-08-31	2	6014	models/cl_safe_push_pointL11tosafe_push_pointL14_by_const_d25to25_naive_c10000_s905/final	safe_push_point	11	2000	128	5.0	47.54	16.75	8.41	3.35
phase2_17528.log	17528	phase2	2026-08-31	1	5992	models/cl_safe_push_pointL14tosafe_push_pointL14_by_const_d15to25_vanilla_c0.1_s901/final	safe_push_point	14	2000	128	25.0	51.67	22.68	9.17	0.91
phase2_17528.log	17528	phase2	2026-08-31	1	5993	models/cl_safe_push_pointL14tosafe_push_pointL14_by_const_d15to25_vanilla_c0.1_s901/final	safe_push_point	14	2000	128	15.0	50.57	16.76	8.98	1.12
phase2_17528.log	17528	phase2	2026-08-31	1	5994	models/cl_safe_push_pointL14tosafe_push_pointL14_by_const_d15to25_vanilla_c0.1_s901/final	safe_push_point	14	2000	128	10.0	46.36	12.69	6.26	1.27
phase2_17528.log	17528	phase2	2026-08-31	1	5995	models/cl_safe_push_pointL14tosafe_push_pointL14_by_const_d15to25_vanilla_c0.1_s901/final	safe_push_point	14	2000	128	5.0	41.28	12.46	8.55	2.49
phase2_17531.log	17531	phase2	2026-08-31	1	5987	models/cl_safe_push_pointL14tosafe_push_pointL14_by_const_d15to25_vanilla_c0.1_s902/final	safe_push_point	14	2000	128	25.0	59.38	24.98	10.44	1.00
phase2_17531.log	17531	phase2	2026-08-31	1	5988	models/cl_safe_push_pointL14tosafe_push_pointL14_by_const_d15to25_vanilla_c0.1_s902/final	safe_push_point	14	2000	128	15.0	56.63	14.37	8.16	0.96
phase2_17531.log	17531	phase2	2026-08-31	1	5989	models/cl_safe_push_pointL14tosafe_push_pointL14_by_const_d15to25_vanilla_c0.1_s902/final	safe_push_point	14	2000	128	10.0	53.08	14.24	9.60	1.42
phase2_17531.log	17531	phase2	2026-08-31	1	5990	models/cl_safe_push_pointL14tosafe_push_pointL14_by_const_d15to25_vanilla_c0.1_s902/final	safe_push_point	14	2000	128	5.0	48.04	9.52	7.32	1.90
phase2_17534.log	17534	phase2	2026-08-31	1	5991	models/cl_safe_push_pointL14tosafe_push_pointL14_by_const_d15to25_vanilla_c0.1_s903/final	safe_push_point	14	2000	128	25.0	59.04	24.01	9.23	0.96
phase2_17534.log	17534	phase2	2026-08-31	1	5992	models/cl_safe_push_pointL14tosafe_push_pointL14_by_const_d15to25_vanilla_c0.1_s903/final	safe_push_point	14	2000	128	15.0	56.42	16.11	8.35	1.07
phase2_17534.log	17534	phase2	2026-08-31	1	5993	models/cl_safe_push_pointL14tosafe_push_pointL14_by_const_d15to25_vanilla_c0.1_s903/final	safe_push_point	14	2000	128	10.0	53.92	15.79	9.84	1.58
phase2_17534.log	17534	phase2	2026-08-31	1	5994	models/cl_safe_push_pointL14tosafe_push_pointL14_by_const_d15to25_vanilla_c0.1_s903/final	safe_push_point	14	2000	128	5.0	50.52	12.39	9.59	2.48
phase2_17549.log	17549	phase2	2026-08-31	1	1385	models/cl_safe_push_pointL14tosafe_push_pointL14_by_const_d25to5_naive_c10000_100e6_s902/final	safe_push_point	14	2000	128	25.0	51.89	26.41	8.52	1.06
phase2_17549.log	17549	phase2	2026-08-31	1	1386	models/cl_safe_push_pointL14tosafe_push_pointL14_by_const_d25to5_naive_c10000_100e6_s902/final	safe_push_point	14	2000	128	15.0	48.53	10.61	6.16	0.71
phase2_17549.log	17549	phase2	2026-08-31	1	1387	models/cl_safe_push_pointL14tosafe_push_pointL14_by_const_d25to5_naive_c10000_100e6_s902/final	safe_push_point	14	2000	128	10.0	46.29	6.70	4.45	0.67
phase2_17549.log	17549	phase2	2026-08-31	1	1388	models/cl_safe_push_pointL14tosafe_push_pointL14_by_const_d25to5_naive_c10000_100e6_s902/final	safe_push_point	14	2000	128	5.0	40.92	5.36	6.29	1.07
phase2_17550.log	17550	phase2	2026-08-31	1	1391	models/cl_safe_push_pointL14tosafe_push_pointL14_by_const_d25to5_vanilla_c0.01_100e6_s902/final	safe_push_point	14	2000	128	25.0	51.00	13.39	8.67	0.54
phase2_17550.log	17550	phase2	2026-08-31	1	1392	models/cl_safe_push_pointL14tosafe_push_pointL14_by_const_d25to5_vanilla_c0.01_100e6_s902/final	safe_push_point	14	2000	128	15.0	45.63	7.10	5.65	0.47
phase2_17550.log	17550	phase2	2026-08-31	1	1393	models/cl_safe_push_pointL14tosafe_push_pointL14_by_const_d25to5_vanilla_c0.01_100e6_s902/final	safe_push_point	14	2000	128	10.0	41.40	5.51	5.87	0.55
phase2_17550.log	17550	phase2	2026-08-31	1	1394	models/cl_safe_push_pointL14tosafe_push_pointL14_by_const_d25to5_vanilla_c0.01_100e6_s902/final	safe_push_point	14	2000	128	5.0	33.07	5.11	6.26	1.02
phase2_17551.log	17551	phase2	2026-08-31	1	1390	models/cl_safe_push_pointL14tosafe_push_pointL14_by_const_d25to10_naive_c10000_100e6_s902/final	safe_push_point	14	2000	128	25.0	58.82	29.97	9.55	1.20
phase2_17551.log	17551	phase2	2026-08-31	1	1391	models/cl_safe_push_pointL14tosafe_push_pointL14_by_const_d25to10_naive_c10000_100e6_s902/final	safe_push_point	14	2000	128	15.0	57.49	12.94	7.09	0.86
phase2_17551.log	17551	phase2	2026-08-31	1	1392	models/cl_safe_push_pointL14tosafe_push_pointL14_by_const_d25to10_naive_c10000_100e6_s902/final	safe_push_point	14	2000	128	10.0	55.14	10.55	7.65	1.06
phase2_17551.log	17551	phase2	2026-08-31	1	1393	models/cl_safe_push_pointL14tosafe_push_pointL14_by_const_d25to10_naive_c10000_100e6_s902/final	safe_push_point	14	2000	128	5.0	51.77	7.60	7.31	1.52
phase2_17552.log	17552	phase2	2026-08-31	1	1387	models/cl_safe_push_pointL14tosafe_push_pointL14_by_const_d25to10_vanilla_c0.01_100e6_s902/final	safe_push_point	14	2000	128	25.0	60.43	22.07	9.51	0.88
phase2_17552.log	17552	phase2	2026-08-31	1	1388	models/cl_safe_push_pointL14tosafe_push_pointL14_by_const_d25to10_vanilla_c0.01_100e6_s902/final	safe_push_point	14	2000	128	15.0	57.05	13.74	9.79	0.92
phase2_17552.log	17552	phase2	2026-08-31	1	1389	models/cl_safe_push_pointL14tosafe_push_pointL14_by_const_d25to10_vanilla_c0.01_100e6_s902/final	safe_push_point	14	2000	128	10.0	54.07	11.88	8.64	1.19
phase2_17552.log	17552	phase2	2026-08-31	1	1390	models/cl_safe_push_pointL14tosafe_push_pointL14_by_const_d25to10_vanilla_c0.01_100e6_s902/final	safe_push_point	14	2000	128	5.0	50.17	7.86	6.77	1.57
phase2_17553.log	17553	phase2	2026-08-31	1	1390	models/cl_safe_push_pointL14tosafe_push_pointL14_by_const_d25to15_naive_c10000_100e6_s902/final	safe_push_point	14	2000	128	25.0	61.30	23.30	8.28	0.93
phase2_17553.log	17553	phase2	2026-08-31	1	1391	models/cl_safe_push_pointL14tosafe_push_pointL14_by_const_d25to15_naive_c10000_100e6_s902/final	safe_push_point	14	2000	128	15.0	57.95	12.99	8.40	0.87
phase2_17553.log	17553	phase2	2026-08-31	1	1392	models/cl_safe_push_pointL14tosafe_push_pointL14_by_const_d25to15_naive_c10000_100e6_s902/final	safe_push_point	14	2000	128	10.0	54.43	11.90	8.78	1.19
phase2_17553.log	17553	phase2	2026-08-31	1	1393	models/cl_safe_push_pointL14tosafe_push_pointL14_by_const_d25to15_naive_c10000_100e6_s902/final	safe_push_point	14	2000	128	5.0	49.40	10.60	7.90	2.12
phase2_17554.log	17554	phase2	2026-08-31	1	1391	models/cl_safe_push_pointL14tosafe_push_pointL14_by_const_d25to15_vanilla_c0.01_100e6_s902/final	safe_push_point	14	2000	128	25.0	62.02	23.22	10.45	0.93
phase2_17554.log	17554	phase2	2026-08-31	1	1392	models/cl_safe_push_pointL14tosafe_push_pointL14_by_const_d25to15_vanilla_c0.01_100e6_s902/final	safe_push_point	14	2000	128	15.0	59.03	15.79	8.65	1.05
phase2_17554.log	17554	phase2	2026-08-31	1	1393	models/cl_safe_push_pointL14tosafe_push_pointL14_by_const_d25to15_vanilla_c0.01_100e6_s902/final	safe_push_point	14	2000	128	10.0	55.62	13.23	8.39	1.32
phase2_17554.log	17554	phase2	2026-08-31	1	1394	models/cl_safe_push_pointL14tosafe_push_pointL14_by_const_d25to15_vanilla_c0.01_100e6_s902/final	safe_push_point	14	2000	128	5.0	51.94	11.58	8.49	2.32
phase2_17555.log	17555	phase2	2026-08-31	1	1391	models/cl_safe_push_pointL14tosafe_push_pointL14_by_const_d25to5_naive_c10000_100e6_s903/final	safe_push_point	14	2000	128	25.0	52.47	26.59	8.15	1.06
phase2_17555.log	17555	phase2	2026-08-31	1	1392	models/cl_safe_push_pointL14tosafe_push_pointL14_by_const_d25to5_naive_c10000_100e6_s903/final	safe_push_point	14	2000	128	15.0	51.37	11.66	8.49	0.78
phase2_17555.log	17555	phase2	2026-08-31	1	1393	models/cl_safe_push_pointL14tosafe_push_pointL14_by_const_d25to5_naive_c10000_100e6_s903/final	safe_push_point	14	2000	128	10.0	49.59	7.44	5.94	0.74
phase2_17555.log	17555	phase2	2026-08-31	1	1394	models/cl_safe_push_pointL14tosafe_push_pointL14_by_const_d25to5_naive_c10000_100e6_s903/final	safe_push_point	14	2000	128	5.0	45.54	5.82	7.06	1.16
phase2_17556.log	17556	phase2	2026-08-31	1	1392	models/cl_safe_push_pointL14tosafe_push_pointL14_by_const_d25to5_vanilla_c0.01_100e6_s903/final	safe_push_point	14	2000	128	25.0	53.27	16.24	6.69	0.65
phase2_17556.log	17556	phase2	2026-08-31	1	1393	models/cl_safe_push_pointL14tosafe_push_pointL14_by_const_d25to5_vanilla_c0.01_100e6_s903/final	safe_push_point	14	2000	128	15.0	51.36	9.61	8.84	0.64
phase2_17556.log	17556	phase2	2026-08-31	1	1394	models/cl_safe_push_pointL14tosafe_push_pointL14_by_const_d25to5_vanilla_c0.01_100e6_s903/final	safe_push_point	14	2000	128	10.0	48.41	9.84	16.53	0.98
phase2_17556.log	17556	phase2	2026-08-31	1	1395	models/cl_safe_push_pointL14tosafe_push_pointL14_by_const_d25to5_vanilla_c0.01_100e6_s903/final	safe_push_point	14	2000	128	5.0	46.22	6.32	5.67	1.26
phase2_17557.log	17557	phase2	2026-08-31	1	1391	models/cl_safe_push_pointL14tosafe_push_pointL14_by_const_d25to10_naive_c10000_100e6_s903/final	safe_push_point	14	2000	128	25.0	58.15	23.83	6.93	0.95
phase2_17557.log	17557	phase2	2026-08-31	1	1392	models/cl_safe_push_pointL14tosafe_push_pointL14_by_const_d25to10_naive_c10000_100e6_s903/final	safe_push_point	14	2000	128	15.0	56.77	11.72	7.15	0.78
phase2_17557.log	17557	phase2	2026-08-31	1	1393	models/cl_safe_push_pointL14tosafe_push_pointL14_by_const_d25to10_naive_c10000_100e6_s903/final	safe_push_point	14	2000	128	10.0	54.13	8.55	6.16	0.86
phase2_17557.log	17557	phase2	2026-08-31	1	1394	models/cl_safe_push_pointL14tosafe_push_pointL14_by_const_d25to10_naive_c10000_100e6_s903/final	safe_push_point	14	2000	128	5.0	51.43	8.42	7.64	1.68
phase2_17558.log	17558	phase2	2026-08-31	1	1392	models/cl_safe_push_pointL14tosafe_push_pointL14_by_const_d25to10_vanilla_c0.01_100e6_s903/final	safe_push_point	14	2000	128	25.0	58.73	21.74	12.15	0.87
phase2_17558.log	17558	phase2	2026-08-31	1	1393	models/cl_safe_push_pointL14tosafe_push_pointL14_by_const_d25to10_vanilla_c0.01_100e6_s903/final	safe_push_point	14	2000	128	15.0	57.43	11.28	7.65	0.75
phase2_17558.log	17558	phase2	2026-08-31	1	1394	models/cl_safe_push_pointL14tosafe_push_pointL14_by_const_d25to10_vanilla_c0.01_100e6_s903/final	safe_push_point	14	2000	128	10.0	54.65	11.55	10.21	1.15
phase2_17558.log	17558	phase2	2026-08-31	1	1395	models/cl_safe_push_pointL14tosafe_push_pointL14_by_const_d25to10_vanilla_c0.01_100e6_s903/final	safe_push_point	14	2000	128	5.0	52.78	8.75	7.11	1.75
phase2_17559.log	17559	phase2	2026-08-31	1	1389	models/cl_safe_push_pointL14tosafe_push_pointL14_by_const_d25to15_naive_c10000_100e6_s903/final	safe_push_point	14	2000	128	25.0	63.55	25.34	9.86	1.01
phase2_17559.log	17559	phase2	2026-08-31	1	1390	models/cl_safe_push_pointL14tosafe_push_pointL14_by_const_d25to15_naive_c10000_100e6_s903/final	safe_push_point	14	2000	128	15.0	62.16	12.98	7.90	0.87
phase2_17559.log	17559	phase2	2026-08-31	1	1391	models/cl_safe_push_pointL14tosafe_push_pointL14_by_const_d25to15_naive_c10000_100e6_s903/final	safe_push_point	14	2000	128	10.0	59.94	12.22	7.88	1.22
phase2_17559.log	17559	phase2	2026-08-31	1	1392	models/cl_safe_push_pointL14tosafe_push_pointL14_by_const_d25to15_naive_c10000_100e6_s903/final	safe_push_point	14	2000	128	5.0	56.11	12.54	8.41	2.51
phase2_17560.log	17560	phase2	2026-08-31	1	1390	models/cl_safe_push_pointL14tosafe_push_pointL14_by_const_d25to15_vanilla_c0.01_100e6_s903/final	safe_push_point	14	2000	128	25.0	61.25	22.79	9.17	0.91
phase2_17560.log	17560	phase2	2026-08-31	1	1391	models/cl_safe_push_pointL14tosafe_push_pointL14_by_const_d25to15_vanilla_c0.01_100e6_s903/final	safe_push_point	14	2000	128	15.0	58.61	16.05	10.26	1.07
phase2_17560.log	17560	phase2	2026-08-31	1	1392	models/cl_safe_push_pointL14tosafe_push_pointL14_by_const_d25to15_vanilla_c0.01_100e6_s903/final	safe_push_point	14	2000	128	10.0	56.22	16.18	10.18	1.62
phase2_17560.log	17560	phase2	2026-08-31	1	1393	models/cl_safe_push_pointL14tosafe_push_pointL14_by_const_d25to15_vanilla_c0.01_100e6_s903/final	safe_push_point	14	2000	128	5.0	51.66	13.21	6.97	2.64
phase2_17561.log	17561	phase2	2026-09-01	1	1390	models/cl_safe_push_pointL14tosafe_push_pointL14_by_const_d25to5_naive_c10000_100e6_s904/final	safe_push_point	14	2000	128	25.0	40.72	24.15	19.79	0.97
phase2_17561.log	17561	phase2	2026-09-01	1	1391	models/cl_safe_push_pointL14tosafe_push_pointL14_by_const_d25to5_naive_c10000_100e6_s904/final	safe_push_point	14	2000	128	15.0	42.56	11.50	6.90	0.77
phase2_17561.log	17561	phase2	2026-09-01	1	1392	models/cl_safe_push_pointL14tosafe_push_pointL14_by_const_d25to5_naive_c10000_100e6_s904/final	safe_push_point	14	2000	128	10.0	41.32	8.15	7.34	0.82
phase2_17561.log	17561	phase2	2026-09-01	1	1393	models/cl_safe_push_pointL14tosafe_push_pointL14_by_const_d25to5_naive_c10000_100e6_s904/final	safe_push_point	14	2000	128	5.0	38.75	6.03	5.23	1.21
phase2_17562.log	17562	phase2	2026-09-01	1	1392	models/cl_safe_push_pointL14tosafe_push_pointL14_by_const_d25to5_vanilla_c0.01_100e6_s904/final	safe_push_point	14	2000	128	25.0	45.19	13.88	8.66	0.56
phase2_17562.log	17562	phase2	2026-09-01	1	1393	models/cl_safe_push_pointL14tosafe_push_pointL14_by_const_d25to5_vanilla_c0.01_100e6_s904/final	safe_push_point	14	2000	128	15.0	44.75	9.08	6.80	0.61
phase2_17562.log	17562	phase2	2026-09-01	1	1394	models/cl_safe_push_pointL14tosafe_push_pointL14_by_const_d25to5_vanilla_c0.01_100e6_s904/final	safe_push_point	14	2000	128	10.0	43.22	7.82	6.42	0.78
phase2_17562.log	17562	phase2	2026-09-01	1	1395	models/cl_safe_push_pointL14tosafe_push_pointL14_by_const_d25to5_vanilla_c0.01_100e6_s904/final	safe_push_point	14	2000	128	5.0	41.36	6.73	6.48	1.35
phase2_17563.log	17563	phase2	2026-09-01	1	1390	models/cl_safe_push_pointL14tosafe_push_pointL14_by_const_d25to10_naive_c10000_100e6_s904/final	safe_push_point	14	2000	128	25.0	46.12	16.29	8.30	0.65
phase2_17563.log	17563	phase2	2026-09-01	1	1391	models/cl_safe_push_pointL14tosafe_push_pointL14_by_const_d25to10_naive_c10000_100e6_s904/final	safe_push_point	14	2000	128	15.0	45.49	9.40	6.41	0.63
phase2_17563.log	17563	phase2	2026-09-01	1	1392	models/cl_safe_push_pointL14tosafe_push_pointL14_by_const_d25to10_naive_c10000_100e6_s904/final	safe_push_point	14	2000	128	10.0	44.04	9.26	7.20	0.93
phase2_17563.log	17563	phase2	2026-09-01	1	1393	models/cl_safe_push_pointL14tosafe_push_pointL14_by_const_d25to10_naive_c10000_100e6_s904/final	safe_push_point	14	2000	128	5.0	42.21	8.31	7.80	1.66
phase2_17564.log	17564	phase2	2026-09-01	1	1390	models/cl_safe_push_pointL14tosafe_push_pointL14_by_const_d25to10_vanilla_c0.01_100e6_s904/final	safe_push_point	14	2000	128	25.0	49.33	18.21	8.59	0.73
phase2_17564.log	17564	phase2	2026-09-01	1	1391	models/cl_safe_push_pointL14tosafe_push_pointL14_by_const_d25to10_vanilla_c0.01_100e6_s904/final	safe_push_point	14	2000	128	15.0	48.59	12.94	8.37	0.86
phase2_17564.log	17564	phase2	2026-09-01	1	1392	models/cl_safe_push_pointL14tosafe_push_pointL14_by_const_d25to10_vanilla_c0.01_100e6_s904/final	safe_push_point	14	2000	128	10.0	47.16	11.44	7.93	1.14
phase2_17564.log	17564	phase2	2026-09-01	1	1393	models/cl_safe_push_pointL14tosafe_push_pointL14_by_const_d25to10_vanilla_c0.01_100e6_s904/final	safe_push_point	14	2000	128	5.0	45.69	9.37	8.43	1.87
phase2_17565.log	17565	phase2	2026-09-01	1	1387	models/cl_safe_push_pointL14tosafe_push_pointL14_by_const_d25to15_naive_c10000_100e6_s904/final	safe_push_point	14	2000	128	25.0	48.77	21.32	8.98	0.85
phase2_17565.log	17565	phase2	2026-09-01	1	1388	models/cl_safe_push_pointL14tosafe_push_pointL14_by_const_d25to15_naive_c10000_100e6_s904/final	safe_push_point	14	2000	128	15.0	50.18	12.65	9.46	0.84
phase2_17565.log	17565	phase2	2026-09-01	1	1389	models/cl_safe_push_pointL14tosafe_push_pointL14_by_const_d25to15_naive_c10000_100e6_s904/final	safe_push_point	14	2000	128	10.0	48.27	10.56	5.78	1.06
phase2_17565.log	17565	phase2	2026-09-01	1	1390	models/cl_safe_push_pointL14tosafe_push_pointL14_by_const_d25to15_naive_c10000_100e6_s904/final	safe_push_point	14	2000	128	5.0	44.97	9.34	6.80	1.87
phase2_17566.log	17566	phase2	2026-09-01	1	1391	models/cl_safe_push_pointL14tosafe_push_pointL14_by_const_d25to15_vanilla_c0.01_100e6_s904/final	safe_push_point	14	2000	128	25.0	51.31	19.53	8.67	0.78
phase2_17566.log	17566	phase2	2026-09-01	1	1392	models/cl_safe_push_pointL14tosafe_push_pointL14_by_const_d25to15_vanilla_c0.01_100e6_s904/final	safe_push_point	14	2000	128	15.0	50.00	14.51	7.74	0.97
phase2_17566.log	17566	phase2	2026-09-01	1	1393	models/cl_safe_push_pointL14tosafe_push_pointL14_by_const_d25to15_vanilla_c0.01_100e6_s904/final	safe_push_point	14	2000	128	10.0	48.16	12.87	9.57	1.29
phase2_17566.log	17566	phase2	2026-09-01	1	1394	models/cl_safe_push_pointL14tosafe_push_pointL14_by_const_d25to15_vanilla_c0.01_100e6_s904/final	safe_push_point	14	2000	128	5.0	45.27	10.96	7.05	2.19
phase2_17567.log	17567	phase2	2026-09-01	1	1392	models/cl_safe_push_pointL14tosafe_push_pointL14_by_const_d25to5_naive_c10000_100e6_s905/final	safe_push_point	14	2000	128	25.0	51.39	24.44	8.20	0.98
phase2_17567.log	17567	phase2	2026-09-01	1	1393	models/cl_safe_push_pointL14tosafe_push_pointL14_by_const_d25to5_naive_c10000_100e6_s905/final	safe_push_point	14	2000	128	15.0	50.46	10.05	7.01	0.67
phase2_17567.log	17567	phase2	2026-09-01	1	1394	models/cl_safe_push_pointL14tosafe_push_pointL14_by_const_d25to5_naive_c10000_100e6_s905/final	safe_push_point	14	2000	128	10.0	47.84	7.69	6.98	0.77
phase2_17567.log	17567	phase2	2026-09-01	1	1395	models/cl_safe_push_pointL14tosafe_push_pointL14_by_const_d25to5_naive_c10000_100e6_s905/final	safe_push_point	14	2000	128	5.0	44.21	6.15	6.07	1.23
phase2_17568.log	17568	phase2	2026-09-01	1	1388	models/cl_safe_push_pointL14tosafe_push_pointL14_by_const_d25to5_vanilla_c0.01_100e6_s905/final	safe_push_point	14	2000	128	25.0	52.02	16.03	8.48	0.64
phase2_17568.log	17568	phase2	2026-09-01	1	1389	models/cl_safe_push_pointL14tosafe_push_pointL14_by_const_d25to5_vanilla_c0.01_100e6_s905/final	safe_push_point	14	2000	128	15.0	48.32	9.62	6.29	0.64
phase2_17568.log	17568	phase2	2026-09-01	1	1390	models/cl_safe_push_pointL14tosafe_push_pointL14_by_const_d25to5_vanilla_c0.01_100e6_s905/final	safe_push_point	14	2000	128	10.0	46.42	7.27	6.31	0.73
phase2_17568.log	17568	phase2	2026-09-01	1	1391	models/cl_safe_push_pointL14tosafe_push_pointL14_by_const_d25to5_vanilla_c0.01_100e6_s905/final	safe_push_point	14	2000	128	5.0	42.64	7.22	7.04	1.44
phase2_17569.log	17569	phase2	2026-09-01	1	1390	models/cl_safe_push_pointL14tosafe_push_pointL14_by_const_d25to10_naive_c10000_100e6_s905/final	safe_push_point	14	2000	128	25.0	59.05	26.62	7.42	1.06
phase2_17569.log	17569	phase2	2026-09-01	1	1391	models/cl_safe_push_pointL14tosafe_push_pointL14_by_const_d25to10_naive_c10000_100e6_s905/final	safe_push_point	14	2000	128	15.0	58.35	11.57	6.61	0.77
phase2_17569.log	17569	phase2	2026-09-01	1	1392	models/cl_safe_push_pointL14tosafe_push_pointL14_by_const_d25to10_naive_c10000_100e6_s905/final	safe_push_point	14	2000	128	10.0	56.07	10.70	8.26	1.07
phase2_17569.log	17569	phase2	2026-09-01	1	1393	models/cl_safe_push_pointL14tosafe_push_pointL14_by_const_d25to10_naive_c10000_100e6_s905/final	safe_push_point	14	2000	128	5.0	52.69	6.96	7.58	1.39
phase2_17570.log	17570	phase2	2026-09-01	1	1388	models/cl_safe_push_pointL14tosafe_push_pointL14_by_const_d25to10_vanilla_c0.01_100e6_s905/final	safe_push_point	14	2000	128	25.0	54.77	16.80	8.93	0.67
phase2_17570.log	17570	phase2	2026-09-01	1	1389	models/cl_safe_push_pointL14tosafe_push_pointL14_by_const_d25to10_vanilla_c0.01_100e6_s905/final	safe_push_point	14	2000	128	15.0	52.04	9.68	7.16	0.65
phase2_17570.log	17570	phase2	2026-09-01	1	1390	models/cl_safe_push_pointL14tosafe_push_pointL14_by_const_d25to10_vanilla_c0.01_100e6_s905/final	safe_push_point	14	2000	128	10.0	49.81	9.98	7.38	1.00
phase2_17570.log	17570	phase2	2026-09-01	1	1391	models/cl_safe_push_pointL14tosafe_push_pointL14_by_const_d25to10_vanilla_c0.01_100e6_s905/final	safe_push_point	14	2000	128	5.0	45.59	8.34	8.04	1.67
phase2_17571.log	17571	phase2	2026-09-01	1	1391	models/cl_safe_push_pointL14tosafe_push_pointL14_by_const_d25to15_naive_c10000_100e6_s905/final	safe_push_point	14	2000	128	25.0	64.66	27.32	10.55	1.09
phase2_17571.log	17571	phase2	2026-09-01	1	1392	models/cl_safe_push_pointL14tosafe_push_pointL14_by_const_d25to15_naive_c10000_100e6_s905/final	safe_push_point	14	2000	128	15.0	62.85	14.01	7.08	0.93
phase2_17571.log	17571	phase2	2026-09-01	1	1393	models/cl_safe_push_pointL14tosafe_push_pointL14_by_const_d25to15_naive_c10000_100e6_s905/final	safe_push_point	14	2000	128	10.0	60.38	12.17	7.39	1.22
phase2_17571.log	17571	phase2	2026-09-01	1	1394	models/cl_safe_push_pointL14tosafe_push_pointL14_by_const_d25to15_naive_c10000_100e6_s905/final	safe_push_point	14	2000	128	5.0	55.67	11.27	8.47	2.25
phase2_17572.log	17572	phase2	2026-09-01	1	1391	models/cl_safe_push_pointL14tosafe_push_pointL14_by_const_d25to15_vanilla_c0.01_100e6_s905/final	safe_push_point	14	2000	128	25.0	60.66	17.85	8.11	0.71
phase2_17572.log	17572	phase2	2026-09-01	1	1392	models/cl_safe_push_pointL14tosafe_push_pointL14_by_const_d25to15_vanilla_c0.01_100e6_s905/final	safe_push_point	14	2000	128	15.0	56.91	13.21	7.54	0.88
phase2_17572.log	17572	phase2	2026-09-01	1	1393	models/cl_safe_push_pointL14tosafe_push_pointL14_by_const_d25to15_vanilla_c0.01_100e6_s905/final	safe_push_point	14	2000	128	10.0	54.19	12.27	9.70	1.23
phase2_17572.log	17572	phase2	2026-09-01	1	1394	models/cl_safe_push_pointL14tosafe_push_pointL14_by_const_d25to15_vanilla_c0.01_100e6_s905/final	safe_push_point	14	2000	128	5.0	51.97	10.32	8.35	2.06
phase2_20653.log	20653	phase2	2026-09-01	1	5987	models/cl_safe_push_pointL11tosafe_push_pointL14_by_const_d25to25_realvb_c10_s901/final	safe_push_point	14	2000	128	25.0	44.58	22.81	9.14	0.91
phase2_20653.log	20653	phase2	2026-09-01	1	5988	models/cl_safe_push_pointL11tosafe_push_pointL14_by_const_d25to25_realvb_c10_s901/final	safe_push_point	14	2000	128	5.0	29.43	11.23	7.11	2.25
phase2_20653.log	20653	phase2	2026-09-01	2	6007	models/cl_safe_push_pointL11tosafe_push_pointL14_by_const_d25to25_realvb_c10_s901/final	safe_push_point	11	2000	128	25.0	49.33	35.63	11.74	1.43
phase2_20653.log	20653	phase2	2026-09-01	2	6008	models/cl_safe_push_pointL11tosafe_push_pointL14_by_const_d25to25_realvb_c10_s901/final	safe_push_point	11	2000	128	5.0	40.17	18.10	9.14	3.62
phase2_20654.log	20654	phase2	2026-09-01	1	5987	models/cl_safe_push_pointL11tosafe_push_pointL14_by_const_d25to25_realvb_c10_s902/final	safe_push_point	14	2000	128	25.0	49.47	23.19	10.40	0.93
phase2_20654.log	20654	phase2	2026-09-01	1	5988	models/cl_safe_push_pointL11tosafe_push_pointL14_by_const_d25to25_realvb_c10_s902/final	safe_push_point	14	2000	128	5.0	36.90	13.51	9.31	2.70
phase2_20654.log	20654	phase2	2026-09-01	2	6007	models/cl_safe_push_pointL11tosafe_push_pointL14_by_const_d25to25_realvb_c10_s902/final	safe_push_point	11	2000	128	25.0	53.74	36.02	11.86	1.44
phase2_20654.log	20654	phase2	2026-09-01	2	6008	models/cl_safe_push_pointL11tosafe_push_pointL14_by_const_d25to25_realvb_c10_s902/final	safe_push_point	11	2000	128	5.0	46.58	20.38	9.23	4.08
phase2_20655.log	20655	phase2	2026-09-01	1	5991	models/cl_safe_push_pointL11tosafe_push_pointL14_by_const_d25to25_realvb_c10_s903/final	safe_push_point	14	2000	128	25.0	50.05	23.13	9.84	0.93
phase2_20655.log	20655	phase2	2026-09-01	1	5992	models/cl_safe_push_pointL11tosafe_push_pointL14_by_const_d25to25_realvb_c10_s903/final	safe_push_point	14	2000	128	5.0	35.20	19.99	18.55	4.00
phase2_20655.log	20655	phase2	2026-09-01	2	6013	models/cl_safe_push_pointL11tosafe_push_pointL14_by_const_d25to25_realvb_c10_s903/final	safe_push_point	11	2000	128	25.0	56.71	29.75	11.83	1.19
phase2_20655.log	20655	phase2	2026-09-01	2	6014	models/cl_safe_push_pointL11tosafe_push_pointL14_by_const_d25to25_realvb_c10_s903/final	safe_push_point	11	2000	128	5.0	49.68	18.15	9.50	3.63
phase2_20676.log	20676	phase2	2026-09-01	1	5990	models/cl_safe_push_pointL14tosafe_push_pointL14_by_const_d25to5_vanilla_c0.01_s904/final	safe_push_point	14	2000	128	25.0	42.44	14.04	8.22	0.56
phase2_20676.log	20676	phase2	2026-09-01	1	5991	models/cl_safe_push_pointL14tosafe_push_pointL14_by_const_d25to5_vanilla_c0.01_s904/final	safe_push_point	14	2000	128	5.0	37.18	5.66	5.20	1.13
phase2_20678.log	20678	phase2	2026-09-01	1	5990	models/cl_safe_push_pointL14tosafe_push_pointL14_by_const_d25to5_vanilla_c0.01_s905/final	safe_push_point	14	2000	128	25.0	47.30	14.36	6.60	0.57
phase2_20678.log	20678	phase2	2026-09-01	1	5991	models/cl_safe_push_pointL14tosafe_push_pointL14_by_const_d25to5_vanilla_c0.01_s905/final	safe_push_point	14	2000	128	5.0	35.01	4.66	5.12	0.93
phase2_20694.log	20694	phase2	2026-09-02	1	5990	models/cl_safe_push_pointL14tosafe_push_pointL14_by_const_d15to25_vanilla_c0.1_s904/final	safe_push_point	14	2000	128	25.0	51.61	25.62	28.58	1.02
phase2_20694.log	20694	phase2	2026-09-02	1	5991	models/cl_safe_push_pointL14tosafe_push_pointL14_by_const_d15to25_vanilla_c0.1_s904/final	safe_push_point	14	2000	128	5.0	40.66	8.73	6.01	1.75
phase2_20696.log	20696	phase2	2026-09-02	1	5990	models/cl_safe_push_pointL14tosafe_push_pointL14_by_const_d15to25_vanilla_c0.1_s905/final	safe_push_point	14	2000	128	25.0	64.22	26.75	9.25	1.07
phase2_20696.log	20696	phase2	2026-09-02	1	5991	models/cl_safe_push_pointL14tosafe_push_pointL14_by_const_d15to25_vanilla_c0.1_s905/final	safe_push_point	14	2000	128	5.0	49.14	8.86	8.23	1.77
phase2_6324112.log	6324112	phase2	2026-08-19	1	5985	models/cl_safe_push_pointL1tosafe_push_pointL14_by_const_d25to25_vanilla_s901/final	safe_push_point	14	2000	128	25.0	65.27	273.43	35.05	10.94
phase2_6324112.log	6324112	phase2	2026-08-19	2	6004	models/cl_safe_push_pointL1tosafe_push_pointL14_by_const_d25to25_vanilla_s901/final	safe_push_point	1	2000	128	25.0	72.18	51.21	19.38	2.05
phase2_6324113.log	6324113	phase2	2026-08-19	1	5983	models/cl_safe_push_pointL14tosafe_push_pointL1_by_const_d25to25_vanilla_s901/final	safe_push_point	1	2000	128	25.0	48.96	21.69	11.93	0.87
phase2_6324113.log	6324113	phase2	2026-08-19	2	6002	models/cl_safe_push_pointL14tosafe_push_pointL1_by_const_d25to25_vanilla_s901/final	safe_push_point	14	2000	128	25.0	39.31	17.04	7.93	0.68
phase2_6324114.log	6324114	phase2	2026-08-19	1	5988	models/cl_safe_push_pointL14tosafe_push_pointL16_by_const_d25to25_vanilla_s901/final	safe_push_point	16	2000	128	25.0	49.23	21.11	8.41	0.84
phase2_6324114.log	6324114	phase2	2026-08-19	2	6009	models/cl_safe_push_pointL14tosafe_push_pointL16_by_const_d25to25_vanilla_s901/final	safe_push_point	14	2000	128	25.0	49.49	22.94	9.65	0.92
phase2_6324115.log	6324115	phase2	2026-08-19	1	5984	models/cl_safe_push_pointL16tosafe_push_pointL14_by_const_d25to25_vanilla_s901/final	safe_push_point	14	2000	128	25.0	50.65	35.17	11.17	1.41
phase2_6324115.log	6324115	phase2	2026-08-19	2	6003	models/cl_safe_push_pointL16tosafe_push_pointL14_by_const_d25to25_vanilla_s901/final	safe_push_point	16	2000	128	25.0	50.23	34.71	10.54	1.39
phase2_6335311.log	6335311	phase2	2026-08-20	1	5988	models/cl_safe_push_pointL8tosafe_push_pointL11_by_const_d25to25_naive_s901/final	safe_push_point	11	2000	128	25.0	56.49	22.66	8.40	0.91
phase2_6335311.log	6335311	phase2	2026-08-20	2	6009	models/cl_safe_push_pointL8tosafe_push_pointL11_by_const_d25to25_naive_s901/final	safe_push_point	8	2000	128	25.0	53.87	10.57	7.75	0.42
phase2_6335312.log	6335312	phase2	2026-08-20	1	5987	models/cl_safe_push_pointL8tosafe_push_pointL11_by_const_d25to25_vanilla_s901/final	safe_push_point	11	2000	128	25.0	46.90	25.22	10.89	1.01
phase2_6335312.log	6335312	phase2	2026-08-20	2	6008	models/cl_safe_push_pointL8tosafe_push_pointL11_by_const_d25to25_vanilla_s901/final	safe_push_point	8	2000	128	25.0	28.34	7.95	5.20	0.32
phase2_6335313.log	6335313	phase2	2026-08-20	1	5987	models/cl_safe_push_pointL8tosafe_push_pointL11_by_const_d25to25_vanilla_s901/final	safe_push_point	11	2000	128	25.0	29.00	25.50	10.55	1.02
phase2_6335313.log	6335313	phase2	2026-08-20	2	6008	models/cl_safe_push_pointL8tosafe_push_pointL11_by_const_d25to25_vanilla_s901/final	safe_push_point	8	2000	128	25.0	28.34	7.95	5.20	0.32
phase2_6335314.log	6335314	phase2	2026-08-20	1	5987	models/cl_safe_push_pointL8tosafe_push_pointL11_by_const_d25to25_vanilla_s901/final	safe_push_point	11	2000	128	25.0	26.72	34.32	19.94	1.37
phase2_6335314.log	6335314	phase2	2026-08-20	2	6008	models/cl_safe_push_pointL8tosafe_push_pointL11_by_const_d25to25_vanilla_s901/final	safe_push_point	8	2000	128	25.0	28.24	16.89	24.17	0.68
phase2_6335315.log	6335315	phase2	2026-08-20	1	5988	models/cl_safe_push_pointL8tosafe_push_pointL11_by_const_d25to25_vanilla_s901/final	safe_push_point	11	2000	128	25.0	55.26	61.77	14.79	2.47
phase2_6335315.log	6335315	phase2	2026-08-20	2	6009	models/cl_safe_push_pointL8tosafe_push_pointL11_by_const_d25to25_vanilla_s901/final	safe_push_point	8	2000	128	25.0	54.76	22.77	8.81	0.91
phase2_6335316.log	6335316	phase2	2026-08-20	1	5987	models/cl_safe_push_pointL14tosafe_push_pointL8_by_const_d25to25_naive_s901/final	safe_push_point	8	2000	128	25.0	61.10	24.63	9.20	0.99
phase2_6335316.log	6335316	phase2	2026-08-20	2	6008	models/cl_safe_push_pointL14tosafe_push_pointL8_by_const_d25to25_naive_s901/final	safe_push_point	14	2000	128	25.0	59.36	37.13	11.56	1.49
phase2_6335319.log	6335319	phase2	2026-08-20	1	5988	models/cl_safe_push_pointL14tosafe_push_pointL8_by_const_d25to25_vanilla_s901/final	safe_push_point	8	2000	128	25.0	52.40	16.81	7.88	0.67
phase2_6335319.log	6335319	phase2	2026-08-20	2	6009	models/cl_safe_push_pointL14tosafe_push_pointL8_by_const_d25to25_vanilla_s901/final	safe_push_point	14	2000	128	25.0	50.94	24.98	10.08	1.00
phase2_6335320.log	6335320	phase2	2026-08-21	1	5990	models/cl_safe_push_pointL14tosafe_push_pointL8_by_const_d25to25_vanilla_s901/final	safe_push_point	8	2000	128	25.0	50.79	12.41	6.81	0.50
phase2_6335320.log	6335320	phase2	2026-08-21	2	6011	models/cl_safe_push_pointL14tosafe_push_pointL8_by_const_d25to25_vanilla_s901/final	safe_push_point	14	2000	128	25.0	49.25	20.68	8.97	0.83
phase2_6335321.log	6335321	phase2	2026-08-21	1	5988	models/cl_safe_push_pointL11tosafe_push_pointL14_by_const_d25to25_naive_s901/final	safe_push_point	14	2000	128	25.0	54.52	23.04	9.88	0.92
phase2_6335321.log	6335321	phase2	2026-08-21	2	6009	models/cl_safe_push_pointL11tosafe_push_pointL14_by_const_d25to25_naive_s901/final	safe_push_point	11	2000	128	25.0	56.58	47.70	11.84	1.91
phase2_6335322.log	6335322	phase2	2026-08-21	1	5988	models/cl_safe_push_pointL11tosafe_push_pointL14_by_const_d25to25_vanilla_s901/final	safe_push_point	14	2000	128	25.0	54.55	27.14	9.49	1.09
phase2_6335322.log	6335322	phase2	2026-08-21	2	6009	models/cl_safe_push_pointL11tosafe_push_pointL14_by_const_d25to25_vanilla_s901/final	safe_push_point	11	2000	128	25.0	54.72	49.79	11.66	1.99
phase2_6335323.log	6335323	phase2	2026-08-21	1	5988	models/cl_safe_push_pointL11tosafe_push_pointL14_by_const_d25to25_vanilla_s901/final	safe_push_point	14	2000	128	25.0	50.22	26.66	12.00	1.07
phase2_6335323.log	6335323	phase2	2026-08-21	2	6009	models/cl_safe_push_pointL11tosafe_push_pointL14_by_const_d25to25_vanilla_s901/final	safe_push_point	11	2000	128	25.0	53.24	44.99	13.37	1.80
phase2_6335324.log	6335324	phase2	2026-08-21	1	5988	models/cl_safe_push_pointL11tosafe_push_pointL14_by_const_d25to25_vanilla_s901/final	safe_push_point	14	2000	128	25.0	48.19	23.46	10.60	0.94
phase2_6335324.log	6335324	phase2	2026-08-21	2	6009	models/cl_safe_push_pointL11tosafe_push_pointL14_by_const_d25to25_vanilla_s901/final	safe_push_point	11	2000	128	25.0	52.57	46.70	12.59	1.87
phase2_6335325.log	6335325	phase2	2026-08-21	1	5988	models/cl_safe_push_pointL11tosafe_push_pointL14_by_const_d25to25_vanilla_s901/final	safe_push_point	14	2000	128	25.0	45.90	22.93	10.44	0.92
phase2_6335325.log	6335325	phase2	2026-08-21	2	6009	models/cl_safe_push_pointL11tosafe_push_pointL14_by_const_d25to25_vanilla_s901/final	safe_push_point	11	2000	128	25.0	50.99	41.15	11.97	1.65
phase2_6337011.log	6337011	phase2	2026-08-21	1	5984	models/cl_safe_push_pointL11tosafe_push_pointL14_by_const_d25to25_vanilla_c0.001_s901/final	safe_push_point	14	2000	128	25.0	52.07	21.26	9.93	0.85
phase2_6337011.log	6337011	phase2	2026-08-21	2	6003	models/cl_safe_push_pointL11tosafe_push_pointL14_by_const_d25to25_vanilla_c0.001_s901/final	safe_push_point	11	2000	128	25.0	53.94	44.13	10.77	1.77
phase2_6337012.log	6337012	phase2	2026-08-21	1	5988	models/cl_safe_push_pointL11tosafe_push_pointL14_by_const_d25to25_vanilla_c0.01_s901/final	safe_push_point	14	2000	128	25.0	51.06	25.18	11.01	1.01
phase2_6337012.log	6337012	phase2	2026-08-21	2	6009	models/cl_safe_push_pointL11tosafe_push_pointL14_by_const_d25to25_vanilla_c0.01_s901/final	safe_push_point	11	2000	128	25.0	52.57	46.70	12.59	1.87
phase2_6337013.log	6337013	phase2	2026-08-21	1	5988	models/cl_safe_push_pointL11tosafe_push_pointL14_by_const_d25to25_vanilla_c0.1_s901/final	safe_push_point	14	2000	128	25.0	9.65	17.78	50.39	0.71
phase2_6337013.log	6337013	phase2	2026-08-21	2	6009	models/cl_safe_push_pointL11tosafe_push_pointL14_by_const_d25to25_vanilla_c0.1_s901/final	safe_push_point	11	2000	128	25.0	8.56	20.52	32.76	0.82
phase2_6337014.log	6337014	phase2	2026-08-21	1	5988	models/cl_safe_push_pointL11tosafe_push_pointL14_by_const_d25to25_vanilla_c1.0_s901/final	safe_push_point	14	2000	128	25.0	44.99	21.76	10.01	0.87
phase2_6337014.log	6337014	phase2	2026-08-21	2	6009	models/cl_safe_push_pointL11tosafe_push_pointL14_by_const_d25to25_vanilla_c1.0_s901/final	safe_push_point	11	2000	128	25.0	49.46	35.87	12.77	1.43
phase2_6337015.log	6337015	phase2	2026-08-21	1	5988	models/cl_safe_push_pointL8tosafe_push_pointL11_by_const_d25to25_vanilla_c0.1_s901/final	safe_push_point	11	2000	128	25.0	47.76	23.05	9.98	0.92
phase2_6337015.log	6337015	phase2	2026-08-21	2	6009	models/cl_safe_push_pointL8tosafe_push_pointL11_by_const_d25to25_vanilla_c0.1_s901/final	safe_push_point	8	2000	128	25.0	45.33	10.26	7.89	0.41
phase2_6337016.log	6337016	phase2	2026-08-21	1	5988	models/cl_safe_push_pointL8tosafe_push_pointL11_by_const_d25to25_vanilla_c1.0_s901/final	safe_push_point	11	2000	128	25.0	16.17	26.60	19.66	1.06
phase2_6337016.log	6337016	phase2	2026-08-21	2	6009	models/cl_safe_push_pointL8tosafe_push_pointL11_by_const_d25to25_vanilla_c1.0_s901/final	safe_push_point	8	2000	128	25.0	18.12	11.62	12.32	0.46
phase2_6337017.log	6337017	phase2	2026-08-21	1	5984	models/cl_safe_push_pointL8tosafe_push_pointL11_by_const_d25to25_vanilla_c10.0_s901/final	safe_push_point	11	2000	128	25.0	18.59	31.02	25.68	1.24
phase2_6337017.log	6337017	phase2	2026-08-21	2	6003	models/cl_safe_push_pointL8tosafe_push_pointL11_by_const_d25to25_vanilla_c10.0_s901/final	safe_push_point	8	2000	128	25.0	20.30	15.51	31.62	0.62
phase2_6337018.log	6337018	phase2	2026-08-21	1	5989	models/cl_safe_push_pointL8tosafe_push_pointL11_by_const_d25to25_vanilla_c100.0_s901/final	safe_push_point	11	2000	128	25.0	55.26	61.77	14.79	2.47
phase2_6337018.log	6337018	phase2	2026-08-21	2	6010	models/cl_safe_push_pointL8tosafe_push_pointL11_by_const_d25to25_vanilla_c100.0_s901/final	safe_push_point	8	2000	128	25.0	54.76	22.77	8.81	0.91
phase2_6337019.log	6337019	phase2	2026-08-21	1	5987	models/cl_safe_push_pointL14tosafe_push_pointL8_by_const_d25to25_vanilla_c0.01_s901/final	safe_push_point	8	2000	128	25.0	56.33	23.35	10.63	0.93
phase2_6337019.log	6337019	phase2	2026-08-21	2	6008	models/cl_safe_push_pointL14tosafe_push_pointL8_by_const_d25to25_vanilla_c0.01_s901/final	safe_push_point	14	2000	128	25.0	55.38	34.70	10.58	1.39
phase2_6337020.log	6337020	phase2	2026-08-21	1	5987	models/cl_safe_push_pointL14tosafe_push_pointL8_by_const_d25to25_vanilla_c0.1_s901/final	safe_push_point	8	2000	128	25.0	55.80	23.89	9.97	0.96
phase2_6337020.log	6337020	phase2	2026-08-21	2	6008	models/cl_safe_push_pointL14tosafe_push_pointL8_by_const_d25to25_vanilla_c0.1_s901/final	safe_push_point	14	2000	128	25.0	54.60	37.56	13.76	1.50
phase2_6338611.log	6338611	phase2	2026-08-21	1	5988	models/cl_safe_push_pointL14tosafe_push_pointL1_by_const_d25to25_naive_c10000_s902/final	safe_push_point	1	2000	128	25.0	0.14	40.62	207.31	1.62
phase2_6338611.log	6338611	phase2	2026-08-21	2	6009	models/cl_safe_push_pointL14tosafe_push_pointL1_by_const_d25to25_naive_c10000_s902/final	safe_push_point	14	2000	128	25.0	2.19	168.76	123.76	6.75
phase2_6338612.log	6338612	phase2	2026-08-21	1	5988	models/cl_safe_push_pointL14tosafe_push_pointL1_by_const_d25to25_vanilla_c0.01_s902/final	safe_push_point	1	2000	128	25.0	81.16	24.43	10.70	0.98
phase2_6338612.log	6338612	phase2	2026-08-21	2	6009	models/cl_safe_push_pointL14tosafe_push_pointL1_by_const_d25to25_vanilla_c0.01_s902/final	safe_push_point	14	2000	128	25.0	61.75	58.74	20.02	2.35
phase2_6338613.log	6338613	phase2	2026-08-21	1	5988	models/cl_safe_push_pointL14tosafe_push_pointL1_by_const_d25to25_vanilla_c0.1_s902/final	safe_push_point	1	2000	128	25.0	74.59	22.16	12.19	0.89
phase2_6338613.log	6338613	phase2	2026-08-21	2	6009	models/cl_safe_push_pointL14tosafe_push_pointL1_by_const_d25to25_vanilla_c0.1_s902/final	safe_push_point	14	2000	128	25.0	57.16	30.79	13.05	1.23
phase2_6338614.log	6338614	phase2	2026-08-21	1	5990	models/cl_safe_push_pointL14tosafe_push_pointL1_by_const_d25to25_vanilla_c1_s902/final	safe_push_point	1	2000	128	25.0	67.00	17.27	9.54	0.69
phase2_6338614.log	6338614	phase2	2026-08-21	2	6011	models/cl_safe_push_pointL14tosafe_push_pointL1_by_const_d25to25_vanilla_c1_s902/final	safe_push_point	14	2000	128	25.0	51.14	17.42	8.97	0.70
phase2_6338615.log	6338615	phase2	2026-08-21	1	5988	models/cl_safe_push_pointL14tosafe_push_pointL16_by_const_d25to25_naive_c10000_s902/final	safe_push_point	16	2000	128	25.0	67.99	26.16	10.69	1.05
phase2_6338615.log	6338615	phase2	2026-08-21	2	6009	models/cl_safe_push_pointL14tosafe_push_pointL16_by_const_d25to25_naive_c10000_s902/final	safe_push_point	14	2000	128	25.0	66.65	27.19	10.28	1.09
phase2_6338616.log	6338616	phase2	2026-08-21	1	5988	models/cl_safe_push_pointL14tosafe_push_pointL16_by_const_d25to25_vanilla_c0.1_s902/final	safe_push_point	16	2000	128	25.0	63.12	26.98	11.20	1.08
phase2_6338616.log	6338616	phase2	2026-08-21	2	6009	models/cl_safe_push_pointL14tosafe_push_pointL16_by_const_d25to25_vanilla_c0.1_s902/final	safe_push_point	14	2000	128	25.0	62.85	25.96	11.60	1.04
phase2_6338617.log	6338617	phase2	2026-08-21	1	5987	models/cl_safe_push_pointL14tosafe_push_pointL16_by_const_d25to25_vanilla_c1_s902/final	safe_push_point	16	2000	128	25.0	61.26	24.04	8.98	0.96
phase2_6338617.log	6338617	phase2	2026-08-21	2	6008	models/cl_safe_push_pointL14tosafe_push_pointL16_by_const_d25to25_vanilla_c1_s902/final	safe_push_point	14	2000	128	25.0	61.20	26.06	11.54	1.04
phase2_6338618.log	6338618	phase2	2026-08-21	1	5984	models/cl_safe_push_pointL14tosafe_push_pointL16_by_const_d25to25_vanilla_c100_s902/final	safe_push_point	16	2000	128	25.0	58.04	23.33	9.99	0.93
phase2_6338618.log	6338618	phase2	2026-08-21	2	6003	models/cl_safe_push_pointL14tosafe_push_pointL16_by_const_d25to25_vanilla_c100_s902/final	safe_push_point	14	2000	128	25.0	57.59	21.91	9.28	0.88
phase2_6338619.log	6338619	phase2	2026-08-21	1	5987	models/cl_safe_push_pointL14tosafe_push_pointL8_by_const_d25to25_naive_c10000_s902/final	safe_push_point	8	2000	128	25.0	71.67	21.68	9.11	0.87
phase2_6338619.log	6338619	phase2	2026-08-21	2	6008	models/cl_safe_push_pointL14tosafe_push_pointL8_by_const_d25to25_naive_c10000_s902/final	safe_push_point	14	2000	128	25.0	70.21	35.73	13.80	1.43
phase2_6338620.log	6338620	phase2	2026-08-21	1	5988	models/cl_safe_push_pointL14tosafe_push_pointL8_by_const_d25to25_vanilla_c0.1_s902/final	safe_push_point	8	2000	128	25.0	65.01	20.09	7.58	0.80
phase2_6338620.log	6338620	phase2	2026-08-21	2	6009	models/cl_safe_push_pointL14tosafe_push_pointL8_by_const_d25to25_vanilla_c0.1_s902/final	safe_push_point	14	2000	128	25.0	63.97	35.01	11.77	1.40
phase2_6338621.log	6338621	phase2	2026-08-21	1	5988	models/cl_safe_push_pointL14tosafe_push_pointL8_by_const_d25to25_vanilla_c1_s902/final	safe_push_point	8	2000	128	25.0	63.61	17.27	7.94	0.69
phase2_6338621.log	6338621	phase2	2026-08-21	2	6009	models/cl_safe_push_pointL14tosafe_push_pointL8_by_const_d25to25_vanilla_c1_s902/final	safe_push_point	14	2000	128	25.0	62.50	28.07	9.37	1.12
phase2_6338622.log	6338622	phase2	2026-08-21	1	5988	models/cl_safe_push_pointL14tosafe_push_pointL8_by_const_d25to25_vanilla_c10_s902/final	safe_push_point	8	2000	128	25.0	59.97	13.67	7.11	0.55
phase2_6338622.log	6338622	phase2	2026-08-21	2	6009	models/cl_safe_push_pointL14tosafe_push_pointL8_by_const_d25to25_vanilla_c10_s902/final	safe_push_point	14	2000	128	25.0	58.18	21.75	8.96	0.87
phase2_6338623.log	6338623	phase2	2026-08-21	1	5987	models/cl_safe_push_pointL11tosafe_push_pointL14_by_const_d25to25_naive_c10000_s902/final	safe_push_point	14	2000	128	25.0	69.81	25.26	11.50	1.01
phase2_6338623.log	6338623	phase2	2026-08-21	2	6008	models/cl_safe_push_pointL11tosafe_push_pointL14_by_const_d25to25_naive_c10000_s902/final	safe_push_point	11	2000	128	25.0	72.54	67.58	14.72	2.70
phase2_6338624.log	6338624	phase2	2026-08-22	1	5984	models/cl_safe_push_pointL11tosafe_push_pointL14_by_const_d25to25_vanilla_c0.01_s902/final	safe_push_point	14	2000	128	25.0	63.58	22.51	9.38	0.90
phase2_6338624.log	6338624	phase2	2026-08-22	2	6003	models/cl_safe_push_pointL11tosafe_push_pointL14_by_const_d25to25_vanilla_c0.01_s902/final	safe_push_point	11	2000	128	25.0	66.39	46.50	15.26	1.86
phase2_6338625.log	6338625	phase2	2026-08-22	1	5989	models/cl_safe_push_pointL11tosafe_push_pointL14_by_const_d25to25_vanilla_c0.1_s902/final	safe_push_point	14	2000	128	25.0	63.03	24.48	12.34	0.98
phase2_6338625.log	6338625	phase2	2026-08-22	2	6010	models/cl_safe_push_pointL11tosafe_push_pointL14_by_const_d25to25_vanilla_c0.1_s902/final	safe_push_point	11	2000	128	25.0	65.57	39.52	13.70	1.58
phase2_6338626.log	6338626	phase2	2026-08-22	1	5988	models/cl_safe_push_pointL11tosafe_push_pointL14_by_const_d25to25_vanilla_c1_s902/final	safe_push_point	14	2000	128	25.0	56.97	21.42	10.45	0.86
phase2_6338626.log	6338626	phase2	2026-08-22	2	6009	models/cl_safe_push_pointL11tosafe_push_pointL14_by_const_d25to25_vanilla_c1_s902/final	safe_push_point	11	2000	128	25.0	61.05	37.49	30.52	1.50
phase2_6338627.log	6338627	phase2	2026-08-22	1	5988	models/cl_safe_push_pointL8tosafe_push_pointL11_by_const_d25to25_naive_c10000_s902/final	safe_push_point	11	2000	128	25.0	68.61	25.46	9.97	1.02
phase2_6338627.log	6338627	phase2	2026-08-22	2	6009	models/cl_safe_push_pointL8tosafe_push_pointL11_by_const_d25to25_naive_c10000_s902/final	safe_push_point	8	2000	128	25.0	66.06	10.09	6.50	0.40
phase2_6338628.log	6338628	phase2	2026-08-22	1	5988	models/cl_safe_push_pointL8tosafe_push_pointL11_by_const_d25to25_vanilla_c0.1_s902/final	safe_push_point	11	2000	128	25.0	63.26	25.80	10.54	1.03
phase2_6338628.log	6338628	phase2	2026-08-22	2	6009	models/cl_safe_push_pointL8tosafe_push_pointL11_by_const_d25to25_vanilla_c0.1_s902/final	safe_push_point	8	2000	128	25.0	60.64	9.36	7.70	0.37
phase2_6338629.log	6338629	phase2	2026-08-22	1	5988	models/cl_safe_push_pointL8tosafe_push_pointL11_by_const_d25to25_vanilla_c1_s902/final	safe_push_point	11	2000	128	25.0	50.47	23.60	9.28	0.94
phase2_6338629.log	6338629	phase2	2026-08-22	2	6009	models/cl_safe_push_pointL8tosafe_push_pointL11_by_const_d25to25_vanilla_c1_s902/final	safe_push_point	8	2000	128	25.0	48.04	9.27	8.40	0.37
phase2_6338630.log	6338630	phase2	2026-08-22	1	6000	models/cl_safe_push_pointL8tosafe_push_pointL11_by_const_d25to25_vanilla_c10_s902/final	safe_push_point	11	2000	128	25.0	59.78	38.24	11.57	1.53
phase2_6338630.log	6338630	phase2	2026-08-22	2	6019	models/cl_safe_push_pointL8tosafe_push_pointL11_by_const_d25to25_vanilla_c10_s902/final	safe_push_point	8	2000	128	25.0	57.21	12.56	9.08	0.50
phase2_6338631.log	6338631	phase2	2026-08-22	1	5987	models/cl_safe_push_pointL14tosafe_push_pointL1_by_const_d25to25_naive_c10000_s903/final	safe_push_point	1	2000	128	25.0	87.53	27.21	14.54	1.09
phase2_6338631.log	6338631	phase2	2026-08-22	2	6006	models/cl_safe_push_pointL14tosafe_push_pointL1_by_const_d25to25_naive_c10000_s903/final	safe_push_point	14	2000	128	25.0	66.76	254.39	35.94	10.18
phase2_6338632.log	6338632	phase2	2026-08-22	1	5984	models/cl_safe_push_pointL14tosafe_push_pointL1_by_const_d25to25_vanilla_c0.01_s903/final	safe_push_point	1	2000	128	25.0	78.12	28.57	12.20	1.14
phase2_6338632.log	6338632	phase2	2026-08-22	2	6003	models/cl_safe_push_pointL14tosafe_push_pointL1_by_const_d25to25_vanilla_c0.01_s903/final	safe_push_point	14	2000	128	25.0	55.42	81.92	20.06	3.28
phase2_6338633.log	6338633	phase2	2026-08-22	1	5988	models/cl_safe_push_pointL14tosafe_push_pointL1_by_const_d25to25_vanilla_c0.1_s903/final	safe_push_point	1	2000	128	25.0	70.78	17.53	9.37	0.70
phase2_6338633.log	6338633	phase2	2026-08-22	2	6009	models/cl_safe_push_pointL14tosafe_push_pointL1_by_const_d25to25_vanilla_c0.1_s903/final	safe_push_point	14	2000	128	25.0	54.02	29.52	12.16	1.18
phase2_6338634.log	6338634	phase2	2026-08-22	1	5984	models/cl_safe_push_pointL14tosafe_push_pointL1_by_const_d25to25_vanilla_c1_s903/final	safe_push_point	1	2000	128	25.0	68.60	16.46	10.38	0.66
phase2_6338634.log	6338634	phase2	2026-08-22	2	6003	models/cl_safe_push_pointL14tosafe_push_pointL1_by_const_d25to25_vanilla_c1_s903/final	safe_push_point	14	2000	128	25.0	53.36	24.39	10.32	0.98
phase2_6338635.log	6338635	phase2	2026-08-22	1	5984	models/cl_safe_push_pointL14tosafe_push_pointL16_by_const_d25to25_naive_c10000_s903/final	safe_push_point	16	2000	128	25.0	69.70	24.50	10.12	0.98
phase2_6338635.log	6338635	phase2	2026-08-22	2	6003	models/cl_safe_push_pointL14tosafe_push_pointL16_by_const_d25to25_naive_c10000_s903/final	safe_push_point	14	2000	128	25.0	68.65	25.02	11.18	1.00
phase2_6338636.log	6338636	phase2	2026-08-22	1	5984	models/cl_safe_push_pointL14tosafe_push_pointL16_by_const_d25to25_vanilla_c0.1_s903/final	safe_push_point	16	2000	128	25.0	62.84	23.18	10.08	0.93
phase2_6338636.log	6338636	phase2	2026-08-22	2	6003	models/cl_safe_push_pointL14tosafe_push_pointL16_by_const_d25to25_vanilla_c0.1_s903/final	safe_push_point	14	2000	128	25.0	62.39	23.26	9.11	0.93
phase2_6338637.log	6338637	phase2	2026-08-22	1	5988	models/cl_safe_push_pointL14tosafe_push_pointL16_by_const_d25to25_vanilla_c1_s903/final	safe_push_point	16	2000	128	25.0	60.42	22.59	9.24	0.90
phase2_6338637.log	6338637	phase2	2026-08-22	2	6009	models/cl_safe_push_pointL14tosafe_push_pointL16_by_const_d25to25_vanilla_c1_s903/final	safe_push_point	14	2000	128	25.0	60.33	23.73	8.44	0.95
phase2_6338638.log	6338638	phase2	2026-08-22	1	5984	models/cl_safe_push_pointL14tosafe_push_pointL16_by_const_d25to25_vanilla_c100_s903/final	safe_push_point	16	2000	128	25.0	59.20	24.80	9.18	0.99
phase2_6338638.log	6338638	phase2	2026-08-22	2	6003	models/cl_safe_push_pointL14tosafe_push_pointL16_by_const_d25to25_vanilla_c100_s903/final	safe_push_point	14	2000	128	25.0	58.81	27.52	11.21	1.10
phase2_6338639.log	6338639	phase2	2026-08-22	1	5984	models/cl_safe_push_pointL14tosafe_push_pointL8_by_const_d25to25_naive_c10000_s903/final	safe_push_point	8	2000	128	25.0	72.85	26.49	10.98	1.06
phase2_6338639.log	6338639	phase2	2026-08-22	2	6003	models/cl_safe_push_pointL14tosafe_push_pointL8_by_const_d25to25_naive_c10000_s903/final	safe_push_point	14	2000	128	25.0	72.34	38.22	11.02	1.53
phase2_6338640.log	6338640	phase2	2026-08-22	1	5983	models/cl_safe_push_pointL14tosafe_push_pointL8_by_const_d25to25_vanilla_c0.1_s903/final	safe_push_point	8	2000	128	25.0	66.89	25.04	10.19	1.00
phase2_6338640.log	6338640	phase2	2026-08-22	2	6002	models/cl_safe_push_pointL14tosafe_push_pointL8_by_const_d25to25_vanilla_c0.1_s903/final	safe_push_point	14	2000	128	25.0	65.71	38.09	12.15	1.52
phase2_6338641.log	6338641	phase2	2026-08-22	1	5983	models/cl_safe_push_pointL14tosafe_push_pointL8_by_const_d25to25_vanilla_c1_s903/final	safe_push_point	8	2000	128	25.0	62.50	20.08	8.61	0.80
phase2_6338641.log	6338641	phase2	2026-08-22	2	6002	models/cl_safe_push_pointL14tosafe_push_pointL8_by_const_d25to25_vanilla_c1_s903/final	safe_push_point	14	2000	128	25.0	61.54	32.66	10.78	1.31
phase2_6338642.log	6338642	phase2	2026-08-22	1	5987	models/cl_safe_push_pointL14tosafe_push_pointL8_by_const_d25to25_vanilla_c10_s903/final	safe_push_point	8	2000	128	25.0	60.85	18.78	9.48	0.75
phase2_6338642.log	6338642	phase2	2026-08-22	2	6006	models/cl_safe_push_pointL14tosafe_push_pointL8_by_const_d25to25_vanilla_c10_s903/final	safe_push_point	14	2000	128	25.0	60.09	27.19	10.93	1.09
phase2_6338643.log	6338643	phase2	2026-08-22	1	5984	models/cl_safe_push_pointL11tosafe_push_pointL14_by_const_d25to25_naive_c10000_s903/final	safe_push_point	14	2000	128	25.0	69.23	20.76	8.73	0.83
phase2_6338643.log	6338643	phase2	2026-08-22	2	6003	models/cl_safe_push_pointL11tosafe_push_pointL14_by_const_d25to25_naive_c10000_s903/final	safe_push_point	11	2000	128	25.0	71.11	58.38	12.26	2.34
phase2_6338644.log	6338644	phase2	2026-08-22	1	5983	models/cl_safe_push_pointL11tosafe_push_pointL14_by_const_d25to25_vanilla_c0.01_s903/final	safe_push_point	14	2000	128	25.0	61.07	23.62	10.25	0.94
phase2_6338644.log	6338644	phase2	2026-08-22	2	6002	models/cl_safe_push_pointL11tosafe_push_pointL14_by_const_d25to25_vanilla_c0.01_s903/final	safe_push_point	11	2000	128	25.0	62.05	39.98	12.73	1.60
phase2_6338645.log	6338645	phase2	2026-08-22	1	5984	models/cl_safe_push_pointL11tosafe_push_pointL14_by_const_d25to25_vanilla_c0.1_s903/final	safe_push_point	14	2000	128	25.0	56.96	21.26	10.17	0.85
phase2_6338645.log	6338645	phase2	2026-08-22	2	6003	models/cl_safe_push_pointL11tosafe_push_pointL14_by_const_d25to25_vanilla_c0.1_s903/final	safe_push_point	11	2000	128	25.0	61.02	34.09	11.84	1.36
phase2_6338646.log	6338646	phase2	2026-08-22	1	5984	models/cl_safe_push_pointL11tosafe_push_pointL14_by_const_d25to25_vanilla_c1_s903/final	safe_push_point	14	2000	128	25.0	52.50	26.41	11.24	1.06
phase2_6338646.log	6338646	phase2	2026-08-22	2	6003	models/cl_safe_push_pointL11tosafe_push_pointL14_by_const_d25to25_vanilla_c1_s903/final	safe_push_point	11	2000	128	25.0	56.89	32.74	13.75	1.31
phase2_6338647.log	6338647	phase2	2026-08-23	1	5985	models/cl_safe_push_pointL8tosafe_push_pointL11_by_const_d25to25_naive_c10000_s903/final	safe_push_point	11	2000	128	25.0	53.96	25.29	10.96	1.01
phase2_6338647.log	6338647	phase2	2026-08-23	2	6004	models/cl_safe_push_pointL8tosafe_push_pointL11_by_const_d25to25_naive_c10000_s903/final	safe_push_point	8	2000	128	25.0	51.25	11.12	7.43	0.44
phase2_6338648.log	6338648	phase2	2026-08-22	1	5984	models/cl_safe_push_pointL8tosafe_push_pointL11_by_const_d25to25_vanilla_c0.1_s903/final	safe_push_point	11	2000	128	25.0	48.62	26.42	10.27	1.06
phase2_6338648.log	6338648	phase2	2026-08-22	2	6003	models/cl_safe_push_pointL8tosafe_push_pointL11_by_const_d25to25_vanilla_c0.1_s903/final	safe_push_point	8	2000	128	25.0	45.93	9.63	6.47	0.39
phase2_6338649.log	6338649	phase2	2026-08-23	1	5988	models/cl_safe_push_pointL8tosafe_push_pointL11_by_const_d25to25_vanilla_c1_s903/final	safe_push_point	11	2000	128	25.0	26.64	21.90	9.53	0.88
phase2_6338649.log	6338649	phase2	2026-08-23	2	6009	models/cl_safe_push_pointL8tosafe_push_pointL11_by_const_d25to25_vanilla_c1_s903/final	safe_push_point	8	2000	128	25.0	24.73	7.73	13.11	0.31
phase2_6338650.log	6338650	phase2	2026-08-23	1	5988	models/cl_safe_push_pointL8tosafe_push_pointL11_by_const_d25to25_vanilla_c10_s903/final	safe_push_point	11	2000	128	25.0	37.65	35.03	11.20	1.40
phase2_6338650.log	6338650	phase2	2026-08-23	2	6009	models/cl_safe_push_pointL8tosafe_push_pointL11_by_const_d25to25_vanilla_c10_s903/final	safe_push_point	8	2000	128	25.0	35.48	12.73	8.93	0.51
phase2_6350237.log	6350237	phase2	2026-08-23	1	5989	models/cl_safe_push_pointL11tosafe_push_pointL14_by_const_d25to25_vanilla_c10_s901/final	safe_push_point	14	2000	128	25.0	43.24	20.79	8.18	0.83
phase2_6350237.log	6350237	phase2	2026-08-23	2	6010	models/cl_safe_push_pointL11tosafe_push_pointL14_by_const_d25to25_vanilla_c10_s901/final	safe_push_point	11	2000	128	25.0	49.11	30.42	9.93	1.22
phase2_6350238.log	6350238	phase2	2026-08-23	1	5985	models/cl_safe_push_pointL11tosafe_push_pointL14_by_const_d25to25_vanilla_c100_s901/final	safe_push_point	14	2000	128	25.0	42.82	18.89	8.38	0.76
phase2_6350238.log	6350238	phase2	2026-08-23	2	6004	models/cl_safe_push_pointL11tosafe_push_pointL14_by_const_d25to25_vanilla_c100_s901/final	safe_push_point	11	2000	128	25.0	48.24	29.62	10.38	1.18
phase2_6350239.log	6350239	phase2	2026-08-23	1	5989	models/cl_safe_push_pointL11tosafe_push_pointL14_by_const_d25to25_vanilla_c10_s902/final	safe_push_point	14	2000	128	25.0	56.75	23.41	10.83	0.94
phase2_6350239.log	6350239	phase2	2026-08-23	2	6010	models/cl_safe_push_pointL11tosafe_push_pointL14_by_const_d25to25_vanilla_c10_s902/final	safe_push_point	11	2000	128	25.0	61.97	35.30	13.60	1.41
phase2_6350240.log	6350240	phase2	2026-08-23	1	5989	models/cl_safe_push_pointL11tosafe_push_pointL14_by_const_d25to25_vanilla_c100_s902/final	safe_push_point	14	2000	128	25.0	57.15	24.60	12.66	0.98
phase2_6350240.log	6350240	phase2	2026-08-23	2	6010	models/cl_safe_push_pointL11tosafe_push_pointL14_by_const_d25to25_vanilla_c100_s902/final	safe_push_point	11	2000	128	25.0	61.38	35.56	13.46	1.42
phase2_6350241.log	6350241	phase2	2026-08-23	1	5989	models/cl_safe_push_pointL11tosafe_push_pointL14_by_const_d25to25_vanilla_c10_s903/final	safe_push_point	14	2000	128	25.0	48.29	24.39	10.29	0.98
phase2_6350241.log	6350241	phase2	2026-08-23	2	6010	models/cl_safe_push_pointL11tosafe_push_pointL14_by_const_d25to25_vanilla_c10_s903/final	safe_push_point	11	2000	128	25.0	55.37	30.37	11.39	1.21
phase2_6350242.log	6350242	phase2	2026-08-23	1	5989	models/cl_safe_push_pointL11tosafe_push_pointL14_by_const_d25to25_vanilla_c100_s903/final	safe_push_point	14	2000	128	25.0	50.24	28.81	12.15	1.15
phase2_6350242.log	6350242	phase2	2026-08-23	2	6010	models/cl_safe_push_pointL11tosafe_push_pointL14_by_const_d25to25_vanilla_c100_s903/final	safe_push_point	11	2000	128	25.0	56.57	32.38	12.39	1.30
phase2_6350243.log	6350243	phase2	2026-08-23	1	5985	models/cl_safe_push_pointL14tosafe_push_pointL1_by_const_d25to25_vanilla_c0.05_s901/final	safe_push_point	1	2000	128	25.0	62.84	25.64	11.82	1.03
phase2_6350243.log	6350243	phase2	2026-08-23	2	6004	models/cl_safe_push_pointL14tosafe_push_pointL1_by_const_d25to25_vanilla_c0.05_s901/final	safe_push_point	14	2000	128	25.0	42.38	23.23	9.53	0.93
phase2_6350244.log	6350244	phase2	2026-08-23	1	5988	models/cl_safe_push_pointL14tosafe_push_pointL1_by_const_d25to25_vanilla_c0.05_s902/final	safe_push_point	1	2000	128	25.0	75.23	23.82	11.26	0.95
phase2_6350244.log	6350244	phase2	2026-08-23	2	6009	models/cl_safe_push_pointL14tosafe_push_pointL1_by_const_d25to25_vanilla_c0.05_s902/final	safe_push_point	14	2000	128	25.0	58.17	37.36	12.18	1.49
phase2_6350245.log	6350245	phase2	2026-08-23	1	5988	models/cl_safe_push_pointL14tosafe_push_pointL1_by_const_d25to25_vanilla_c0.05_s903/final	safe_push_point	1	2000	128	25.0	74.70	23.89	12.29	0.96
phase2_6350245.log	6350245	phase2	2026-08-23	2	6009	models/cl_safe_push_pointL14tosafe_push_pointL1_by_const_d25to25_vanilla_c0.05_s903/final	safe_push_point	14	2000	128	25.0	56.98	41.93	12.78	1.68
phase2_6350246.log	6350246	phase2	2026-08-23	1	5987	models/cl_safe_push_pointL14tosafe_push_pointL8_by_const_d25to25_naive_c10000_s904/final	safe_push_point	8	2000	128	25.0	59.86	24.20	9.69	0.97
phase2_6350246.log	6350246	phase2	2026-08-23	2	6008	models/cl_safe_push_pointL14tosafe_push_pointL8_by_const_d25to25_naive_c10000_s904/final	safe_push_point	14	2000	128	25.0	58.88	39.00	14.63	1.56
phase2_6350247.log	6350247	phase2	2026-08-23	1	5988	models/cl_safe_push_pointL14tosafe_push_pointL8_by_const_d25to25_vanilla_c10_s904/final	safe_push_point	8	2000	128	25.0	50.65	17.76	8.54	0.71
phase2_6350247.log	6350247	phase2	2026-08-23	2	6009	models/cl_safe_push_pointL14tosafe_push_pointL8_by_const_d25to25_vanilla_c10_s904/final	safe_push_point	14	2000	128	25.0	50.75	24.60	8.92	0.98
phase2_6350248.log	6350248	phase2	2026-08-23	1	5988	models/cl_safe_push_pointL14tosafe_push_pointL8_by_const_d25to25_naive_c10000_s905/final	safe_push_point	8	2000	128	25.0	72.72	25.18	10.29	1.01
phase2_6350248.log	6350248	phase2	2026-08-23	2	6009	models/cl_safe_push_pointL14tosafe_push_pointL8_by_const_d25to25_naive_c10000_s905/final	safe_push_point	14	2000	128	25.0	71.96	38.72	13.68	1.55
phase2_6350249.log	6350249	phase2	2026-08-24	1	5984	models/cl_safe_push_pointL14tosafe_push_pointL8_by_const_d25to25_vanilla_c10_s905/final	safe_push_point	8	2000	128	25.0	61.02	15.09	7.41	0.60
phase2_6350249.log	6350249	phase2	2026-08-24	2	6003	models/cl_safe_push_pointL14tosafe_push_pointL8_by_const_d25to25_vanilla_c10_s905/final	safe_push_point	14	2000	128	25.0	59.50	26.10	12.17	1.04
phase3_1033.log	1033	phase3	2026-08-29	1	5989	models/cl_phase3_L14toL1toL16_by_const_d25to25_naive_s902/final	safe_push_point	14	2000	128	25.0	64.14	24.70	11.26	0.99
phase3_1033.log	1033	phase3	2026-08-29	2	6011	models/cl_phase3_L14toL1toL16_by_const_d25to25_naive_s902/final	safe_push_point	1	2000	128	25.0	68.68	26.86	11.87	1.07
phase3_1033.log	1033	phase3	2026-08-29	3	6033	models/cl_phase3_L14toL1toL16_by_const_d25to25_naive_s902/final	safe_push_point	16	2000	128	25.0	66.18	22.20	10.07	0.89
phase3_1034.log	1034	phase3	2026-08-29	1	5992	models/cl_phase3_L14toL1toL16_by_const_d25to25_multi_c0.1_c1_s902/final	safe_push_point	14	2000	128	25.0	1.93	23.05	27.85	0.92
phase3_1034.log	1034	phase3	2026-08-29	2	6014	models/cl_phase3_L14toL1toL16_by_const_d25to25_multi_c0.1_c1_s902/final	safe_push_point	1	2000	128	25.0	-0.02	0.18	1.48	0.01
phase3_1034.log	1034	phase3	2026-08-29	3	6036	models/cl_phase3_L14toL1toL16_by_const_d25to25_multi_c0.1_c1_s902/final	safe_push_point	16	2000	128	25.0	2.18	28.25	28.99	1.13
phase3_1035.log	1035	phase3	2026-08-29	1	5991	models/cl_phase3_L14toL1toL16_by_const_d25to25_multi_c0.1_c10_s902/final	safe_push_point	14	2000	128	25.0	75.79	254.23	31.25	10.17
phase3_1035.log	1035	phase3	2026-08-29	2	6013	models/cl_phase3_L14toL1toL16_by_const_d25to25_multi_c0.1_c10_s902/final	safe_push_point	1	2000	128	25.0	84.70	31.64	17.41	1.27
phase3_1035.log	1035	phase3	2026-08-29	3	6035	models/cl_phase3_L14toL1toL16_by_const_d25to25_multi_c0.1_c10_s902/final	safe_push_point	16	2000	128	25.0	75.79	257.83	31.82	10.31
phase3_1036.log	1036	phase3	2026-08-29	1	5990	models/cl_phase3_L14toL1toL16_by_const_d25to25_naive_s903/final	safe_push_point	14	2000	128	25.0	68.26	24.53	10.80	0.98
phase3_1036.log	1036	phase3	2026-08-29	2	6012	models/cl_phase3_L14toL1toL16_by_const_d25to25_naive_s903/final	safe_push_point	1	2000	128	25.0	71.21	30.46	68.29	1.22
phase3_1036.log	1036	phase3	2026-08-29	3	6034	models/cl_phase3_L14toL1toL16_by_const_d25to25_naive_s903/final	safe_push_point	16	2000	128	25.0	69.21	23.78	9.43	0.95
phase3_1037.log	1037	phase3	2026-08-29	1	5993	models/cl_phase3_L14toL1toL16_by_const_d25to25_multi_c0.1_c1_s903/final	safe_push_point	14	2000	128	25.0	3.45	30.02	55.29	1.20
phase3_1037.log	1037	phase3	2026-08-29	2	6015	models/cl_phase3_L14toL1toL16_by_const_d25to25_multi_c0.1_c1_s903/final	safe_push_point	1	2000	128	25.0	2.10	50.26	318.50	2.01
phase3_1037.log	1037	phase3	2026-08-29	3	6037	models/cl_phase3_L14toL1toL16_by_const_d25to25_multi_c0.1_c1_s903/final	safe_push_point	16	2000	128	25.0	3.76	26.75	43.54	1.07
phase3_1038.log	1038	phase3	2026-08-29	1	5992	models/cl_phase3_L14toL1toL16_by_const_d25to25_multi_c0.1_c10_s903/final	safe_push_point	14	2000	128	25.0	70.33	224.50	37.27	8.98
phase3_1038.log	1038	phase3	2026-08-29	2	6014	models/cl_phase3_L14toL1toL16_by_const_d25to25_multi_c0.1_c10_s903/final	safe_push_point	1	2000	128	25.0	76.61	31.60	21.03	1.26
phase3_1038.log	1038	phase3	2026-08-29	3	6036	models/cl_phase3_L14toL1toL16_by_const_d25to25_multi_c0.1_c10_s903/final	safe_push_point	16	2000	128	25.0	70.63	233.32	34.76	9.33
phase3_1039.log	1039	phase3	2026-08-29	1	5986	models/cl_phase3_L14toL1toL16_by_const_d25to25_naive_s901/final	safe_push_point	14	2000	128	25.0	57.12	27.58	10.22	1.10
phase3_1039.log	1039	phase3	2026-08-29	2	6006	models/cl_phase3_L14toL1toL16_by_const_d25to25_naive_s901/final	safe_push_point	1	2000	128	25.0	60.79	34.08	20.33	1.36
phase3_1039.log	1039	phase3	2026-08-29	3	6026	models/cl_phase3_L14toL1toL16_by_const_d25to25_naive_s901/final	safe_push_point	16	2000	128	25.0	57.44	26.23	9.01	1.05
phase3_1040.log	1040	phase3	2026-08-29	1	5988	models/cl_phase3_L14toL1toL16_by_const_d25to25_multi_c0.1_c0.1_s901/final	safe_push_point	14	2000	128	25.0	18.76	26.06	10.90	1.04
phase3_1040.log	1040	phase3	2026-08-29	2	6008	models/cl_phase3_L14toL1toL16_by_const_d25to25_multi_c0.1_c0.1_s901/final	safe_push_point	1	2000	128	25.0	27.87	55.94	101.13	2.24
phase3_1040.log	1040	phase3	2026-08-29	3	6028	models/cl_phase3_L14toL1toL16_by_const_d25to25_multi_c0.1_c0.1_s901/final	safe_push_point	16	2000	128	25.0	18.43	26.91	10.59	1.08
phase3_1041.log	1041	phase3	2026-08-29	1	5988	models/cl_phase3_L14toL1toL16_by_const_d25to25_multi_c0.1_c1_s901/final	safe_push_point	14	2000	128	25.0	11.22	45.45	19.37	1.82
phase3_1041.log	1041	phase3	2026-08-29	2	6008	models/cl_phase3_L14toL1toL16_by_const_d25to25_multi_c0.1_c1_s901/final	safe_push_point	1	2000	128	25.0	4.45	116.14	428.99	4.65
phase3_1041.log	1041	phase3	2026-08-29	3	6028	models/cl_phase3_L14toL1toL16_by_const_d25to25_multi_c0.1_c1_s901/final	safe_push_point	16	2000	128	25.0	11.70	47.88	20.06	1.92
phase3_1042.log	1042	phase3	2026-08-29	1	5988	models/cl_phase3_L14toL1toL16_by_const_d25to25_multi_c0.1_c10_s901/final	safe_push_point	14	2000	128	25.0	4.81	60.92	38.66	2.44
phase3_1042.log	1042	phase3	2026-08-29	2	6008	models/cl_phase3_L14toL1toL16_by_const_d25to25_multi_c0.1_c10_s901/final	safe_push_point	1	2000	128	25.0	2.54	61.21	253.01	2.45
phase3_1042.log	1042	phase3	2026-08-29	3	6028	models/cl_phase3_L14toL1toL16_by_const_d25to25_multi_c0.1_c10_s901/final	safe_push_point	16	2000	128	25.0	5.97	78.13	47.52	3.13
phase3_14554.log	14554	phase3	2026-08-30	1	5990	models/cl_phase3_L11toL14toL1_by_const_d25to25_multi_c10_c0.1_fix_s901/final	safe_push_point	11	2000	128	25.0	39.16	22.26	8.38	0.89
phase3_14554.log	14554	phase3	2026-08-30	2	6010	models/cl_phase3_L11toL14toL1_by_const_d25to25_multi_c10_c0.1_fix_s901/final	safe_push_point	14	2000	128	25.0	31.04	15.05	8.46	0.60
phase3_14554.log	14554	phase3	2026-08-30	3	6030	models/cl_phase3_L11toL14toL1_by_const_d25to25_multi_c10_c0.1_fix_s901/final	safe_push_point	1	2000	128	25.0	53.87	19.07	26.56	0.76
phase3_14562.log	14562	phase3	2026-08-30	1	5994	models/cl_phase3_L11toL14toL1_by_const_d25to25_multi_c10_c0.1_fix_s903/final	safe_push_point	11	2000	128	25.0	47.42	32.00	45.23	1.28
phase3_14562.log	14562	phase3	2026-08-30	2	6016	models/cl_phase3_L11toL14toL1_by_const_d25to25_multi_c10_c0.1_fix_s903/final	safe_push_point	14	2000	128	25.0	36.41	39.41	55.06	1.58
phase3_14562.log	14562	phase3	2026-08-30	3	6038	models/cl_phase3_L11toL14toL1_by_const_d25to25_multi_c10_c0.1_fix_s903/final	safe_push_point	1	2000	128	25.0	60.79	8.18	15.48	0.33
phase3_14565.log	14565	phase3	2026-08-30	1	5991	models/cl_phase3_L11toL14toL1_by_const_d25to25_naive_fix_s903/final	safe_push_point	11	2000	128	25.0	2.41	211.91	152.23	8.48
phase3_14565.log	14565	phase3	2026-08-30	2	6013	models/cl_phase3_L11toL14toL1_by_const_d25to25_naive_fix_s903/final	safe_push_point	14	2000	128	25.0	2.62	213.11	137.47	8.52
phase3_14565.log	14565	phase3	2026-08-30	3	6035	models/cl_phase3_L11toL14toL1_by_const_d25to25_naive_fix_s903/final	safe_push_point	1	2000	128	25.0	0.09	20.59	112.62	0.82
phase3_14598.log	14598	phase3	2026-08-30	1	5994	models/cl_phase3_L11toL14toL1_by_const_d25to25_multi_c10_c1_fix_s901/final	safe_push_point	11	2000	128	25.0	39.41	23.48	10.88	0.94
phase3_14598.log	14598	phase3	2026-08-30	2	6016	models/cl_phase3_L11toL14toL1_by_const_d25to25_multi_c10_c1_fix_s901/final	safe_push_point	14	2000	128	25.0	30.30	15.33	11.09	0.61
phase3_14598.log	14598	phase3	2026-08-30	3	6038	models/cl_phase3_L11toL14toL1_by_const_d25to25_multi_c10_c1_fix_s901/final	safe_push_point	1	2000	128	25.0	53.91	17.69	14.60	0.71
phase3_14599.log	14599	phase3	2026-08-30	1	5993	models/cl_phase3_L11toL14toL1_by_const_d25to25_multi_c10_c10_fix_s901/final	safe_push_point	11	2000	128	25.0	40.38	22.92	8.40	0.92
phase3_14599.log	14599	phase3	2026-08-30	2	6015	models/cl_phase3_L11toL14toL1_by_const_d25to25_multi_c10_c10_fix_s901/final	safe_push_point	14	2000	128	25.0	31.66	15.24	8.76	0.61
phase3_14599.log	14599	phase3	2026-08-30	3	6037	models/cl_phase3_L11toL14toL1_by_const_d25to25_multi_c10_c10_fix_s901/final	safe_push_point	1	2000	128	25.0	53.03	18.33	18.93	0.73
phase3_14600.log	14600	phase3	2026-08-30	1	5988	models/cl_phase3_L11toL14toL1_by_const_d25to25_naive_fix_s901/final	safe_push_point	11	2000	128	25.0	3.86	154.24	150.41	6.17
phase3_14600.log	14600	phase3	2026-08-30	2	6008	models/cl_phase3_L11toL14toL1_by_const_d25to25_naive_fix_s901/final	safe_push_point	14	2000	128	25.0	4.08	152.72	99.79	6.11
phase3_14600.log	14600	phase3	2026-08-30	3	6028	models/cl_phase3_L11toL14toL1_by_const_d25to25_naive_fix_s901/final	safe_push_point	1	2000	128	25.0	0.39	105.93	428.05	4.24
phase3_14601.log	14601	phase3	2026-08-30	1	5993	models/cl_phase3_L11toL14toL1_by_const_d25to25_multi_c10_c1_fix_s903/final	safe_push_point	11	2000	128	25.0	45.76	40.59	47.71	1.62
phase3_14601.log	14601	phase3	2026-08-30	2	6015	models/cl_phase3_L11toL14toL1_by_const_d25to25_multi_c10_c1_fix_s903/final	safe_push_point	14	2000	128	25.0	36.31	32.09	33.84	1.28
phase3_14601.log	14601	phase3	2026-08-30	3	6037	models/cl_phase3_L11toL14toL1_by_const_d25to25_multi_c10_c1_fix_s903/final	safe_push_point	1	2000	128	25.0	60.60	7.43	6.03	0.30
phase3_14602.log	14602	phase3	2026-08-30	1	5993	models/cl_phase3_L11toL14toL1_by_const_d25to25_multi_c10_c10_fix_s903/final	safe_push_point	11	2000	128	25.0	45.30	33.69	40.95	1.35
phase3_14602.log	14602	phase3	2026-08-30	2	6015	models/cl_phase3_L11toL14toL1_by_const_d25to25_multi_c10_c10_fix_s903/final	safe_push_point	14	2000	128	25.0	33.75	40.84	52.03	1.63
phase3_14602.log	14602	phase3	2026-08-30	3	6037	models/cl_phase3_L11toL14toL1_by_const_d25to25_multi_c10_c10_fix_s903/final	safe_push_point	1	2000	128	25.0	60.96	6.69	5.63	0.27
phase3_14603.log	14603	phase3	2026-08-30	1	5993	models/cl_phase3_L11toL14toL1_by_const_d25to25_multi_c10_c0.1_fix_s902/final	safe_push_point	11	2000	128	25.0	56.56	26.54	11.91	1.06
phase3_14603.log	14603	phase3	2026-08-30	2	6015	models/cl_phase3_L11toL14toL1_by_const_d25to25_multi_c10_c0.1_fix_s902/final	safe_push_point	14	2000	128	25.0	47.76	20.93	10.74	0.84
phase3_14603.log	14603	phase3	2026-08-30	3	6037	models/cl_phase3_L11toL14toL1_by_const_d25to25_multi_c10_c0.1_fix_s902/final	safe_push_point	1	2000	128	25.0	66.52	8.90	9.58	0.36
phase3_14604.log	14604	phase3	2026-08-30	1	5994	models/cl_phase3_L11toL14toL1_by_const_d25to25_multi_c10_c1_fix_s902/final	safe_push_point	11	2000	128	25.0	57.14	23.56	8.90	0.94
phase3_14604.log	14604	phase3	2026-08-30	2	6016	models/cl_phase3_L11toL14toL1_by_const_d25to25_multi_c10_c1_fix_s902/final	safe_push_point	14	2000	128	25.0	48.09	18.28	9.40	0.73
phase3_14604.log	14604	phase3	2026-08-30	3	6038	models/cl_phase3_L11toL14toL1_by_const_d25to25_multi_c10_c1_fix_s902/final	safe_push_point	1	2000	128	25.0	65.20	8.74	8.43	0.35
phase3_14605.log	14605	phase3	2026-08-30	1	5990	models/cl_phase3_L11toL14toL1_by_const_d25to25_multi_c10_c10_fix_s902/final	safe_push_point	11	2000	128	25.0	55.86	24.19	11.41	0.97
phase3_14605.log	14605	phase3	2026-08-30	2	6010	models/cl_phase3_L11toL14toL1_by_const_d25to25_multi_c10_c10_fix_s902/final	safe_push_point	14	2000	128	25.0	46.66	18.60	10.12	0.74
phase3_14605.log	14605	phase3	2026-08-30	3	6030	models/cl_phase3_L11toL14toL1_by_const_d25to25_multi_c10_c10_fix_s902/final	safe_push_point	1	2000	128	25.0	64.97	7.65	6.53	0.31
phase3_14606.log	14606	phase3	2026-08-30	1	5991	models/cl_phase3_L11toL14toL1_by_const_d25to25_naive_fix_s902/final	safe_push_point	11	2000	128	25.0	2.57	263.29	191.27	10.53
phase3_14606.log	14606	phase3	2026-08-30	2	6013	models/cl_phase3_L11toL14toL1_by_const_d25to25_naive_fix_s902/final	safe_push_point	14	2000	128	25.0	1.88	215.98	124.46	8.64
phase3_14606.log	14606	phase3	2026-08-30	3	6035	models/cl_phase3_L11toL14toL1_by_const_d25to25_naive_fix_s902/final	safe_push_point	1	2000	128	25.0	0.04	35.99	266.09	1.44
phase3_14607.log	14607	phase3	2026-08-30	1	5993	models/cl_phase3_L14toL1toL16_by_const_d25to25_multi_c0.1_c1_fix_s901/final	safe_push_point	14	2000	128	25.0	48.00	24.76	10.66	0.99
phase3_14607.log	14607	phase3	2026-08-30	2	6015	models/cl_phase3_L14toL1toL16_by_const_d25to25_multi_c0.1_c1_fix_s901/final	safe_push_point	1	2000	128	25.0	61.06	26.01	12.09	1.04
phase3_14607.log	14607	phase3	2026-08-30	3	6037	models/cl_phase3_L14toL1toL16_by_const_d25to25_multi_c0.1_c1_fix_s901/final	safe_push_point	16	2000	128	25.0	47.51	24.06	9.91	0.96
phase3_14608.log	14608	phase3	2026-08-30	1	5993	models/cl_phase3_L14toL1toL16_by_const_d25to25_multi_c0.1_c1_fix_s902/final	safe_push_point	14	2000	128	25.0	60.25	27.45	9.62	1.10
phase3_14608.log	14608	phase3	2026-08-30	2	6015	models/cl_phase3_L14toL1toL16_by_const_d25to25_multi_c0.1_c1_fix_s902/final	safe_push_point	1	2000	128	25.0	73.06	26.56	11.10	1.06
phase3_14608.log	14608	phase3	2026-08-30	3	6037	models/cl_phase3_L14toL1toL16_by_const_d25to25_multi_c0.1_c1_fix_s902/final	safe_push_point	16	2000	128	25.0	59.02	24.82	10.30	0.99
phase3_14609.log	14609	phase3	2026-08-30	1	5993	models/cl_phase3_L14toL1toL16_by_const_d25to25_multi_c0.1_c1_fix_s903/final	safe_push_point	14	2000	128	25.0	51.10	26.01	10.41	1.04
phase3_14609.log	14609	phase3	2026-08-30	2	6015	models/cl_phase3_L14toL1toL16_by_const_d25to25_multi_c0.1_c1_fix_s903/final	safe_push_point	1	2000	128	25.0	61.92	19.63	10.63	0.79
phase3_14609.log	14609	phase3	2026-08-30	3	6037	models/cl_phase3_L14toL1toL16_by_const_d25to25_multi_c0.1_c1_fix_s903/final	safe_push_point	16	2000	128	25.0	50.52	26.62	8.37	1.06
phase3_16332.log	16332	phase3	2026-08-30	1	5989	models/cl_phase3_L14_d25tod5tod25_by_const_d5to25_multi_c0.01_c0.1_fix_s901/final	safe_push_point	14	2000	128	5.0	42.04	8.34	5.86	1.67
phase3_16332.log	16332	phase3	2026-08-30	1	5990	models/cl_phase3_L14_d25tod5tod25_by_const_d5to25_multi_c0.01_c0.1_fix_s901/final	safe_push_point	14	2000	128	25.0	50.68	24.96	9.62	1.00
phase3_16333.log	16333	phase3	2026-08-30	1	5993	models/cl_phase3_L14_d25tod5tod25_by_const_d5to25_multi_c0.01_c1_fix_s901/final	safe_push_point	14	2000	128	5.0	33.20	5.43	5.08	1.09
phase3_16333.log	16333	phase3	2026-08-30	1	5994	models/cl_phase3_L14_d25tod5tod25_by_const_d5to25_multi_c0.01_c1_fix_s901/final	safe_push_point	14	2000	128	25.0	43.93	19.46	10.20	0.78
phase3_16334.log	16334	phase3	2026-08-30	1	5993	models/cl_phase3_L14_d25tod5tod25_by_const_d5to25_multi_c0.01_c10_fix_s901/final	safe_push_point	14	2000	128	5.0	31.44	5.58	6.41	1.12
phase3_16334.log	16334	phase3	2026-08-30	1	5994	models/cl_phase3_L14_d25tod5tod25_by_const_d5to25_multi_c0.01_c10_fix_s901/final	safe_push_point	14	2000	128	25.0	39.92	25.17	27.31	1.01
phase3_16335.log	16335	phase3	2026-08-30	1	5991	models/cl_phase3_L14_d25tod5tod25_by_const_d5to25_naive_fix_s901/final	safe_push_point	14	2000	128	5.0	36.87	11.26	6.31	2.25
phase3_16335.log	16335	phase3	2026-08-30	1	5992	models/cl_phase3_L14_d25tod5tod25_by_const_d5to25_naive_fix_s901/final	safe_push_point	14	2000	128	25.0	56.54	22.20	10.39	0.89
phase3_16336.log	16336	phase3	2026-08-30	1	5994	models/cl_phase3_L14_d25tod5tod25_by_const_d5to25_multi_c0.01_c0.1_fix_s902/final	safe_push_point	14	2000	128	5.0	45.16	7.15	8.75	1.43
phase3_16336.log	16336	phase3	2026-08-30	1	5995	models/cl_phase3_L14_d25tod5tod25_by_const_d5to25_multi_c0.01_c0.1_fix_s902/final	safe_push_point	14	2000	128	25.0	59.82	25.49	10.91	1.02
phase3_16337.log	16337	phase3	2026-08-30	1	5992	models/cl_phase3_L14_d25tod5tod25_by_const_d5to25_multi_c0.01_c1_fix_s902/final	safe_push_point	14	2000	128	5.0	41.97	6.17	6.68	1.23
phase3_16337.log	16337	phase3	2026-08-30	1	5993	models/cl_phase3_L14_d25tod5tod25_by_const_d5to25_multi_c0.01_c1_fix_s902/final	safe_push_point	14	2000	128	25.0	55.42	23.48	9.04	0.94
phase3_16338.log	16338	phase3	2026-08-30	1	5993	models/cl_phase3_L14_d25tod5tod25_by_const_d5to25_multi_c0.01_c10_fix_s902/final	safe_push_point	14	2000	128	5.0	37.74	5.73	7.42	1.15
phase3_16338.log	16338	phase3	2026-08-30	1	5994	models/cl_phase3_L14_d25tod5tod25_by_const_d5to25_multi_c0.01_c10_fix_s902/final	safe_push_point	14	2000	128	25.0	53.78	24.09	9.91	0.96
phase3_16339.log	16339	phase3	2026-08-30	1	5990	models/cl_phase3_L14_d25tod5tod25_by_const_d5to25_naive_fix_s902/final	safe_push_point	14	2000	128	5.0	15.52	4.92	7.42	0.98
phase3_16339.log	16339	phase3	2026-08-30	1	5991	models/cl_phase3_L14_d25tod5tod25_by_const_d5to25_naive_fix_s902/final	safe_push_point	14	2000	128	25.0	64.72	24.29	9.85	0.97
phase3_16340.log	16340	phase3	2026-08-30	1	5990	models/cl_phase3_L14_d25tod5tod25_by_const_d5to25_multi_c0.01_c0.1_fix_s903/final	safe_push_point	14	2000	128	5.0	40.37	6.39	6.21	1.28
phase3_16340.log	16340	phase3	2026-08-30	1	5991	models/cl_phase3_L14_d25tod5tod25_by_const_d5to25_multi_c0.01_c0.1_fix_s903/final	safe_push_point	14	2000	128	25.0	55.43	25.53	12.73	1.02
phase3_16341.log	16341	phase3	2026-08-30	1	5993	models/cl_phase3_L14_d25tod5tod25_by_const_d5to25_multi_c0.01_c1_fix_s903/final	safe_push_point	14	2000	128	5.0	31.92	4.61	7.73	0.92
phase3_16341.log	16341	phase3	2026-08-30	1	5994	models/cl_phase3_L14_d25tod5tod25_by_const_d5to25_multi_c0.01_c1_fix_s903/final	safe_push_point	14	2000	128	25.0	49.48	22.98	21.52	0.92
phase3_16342.log	16342	phase3	2026-08-30	1	5992	models/cl_phase3_L14_d25tod5tod25_by_const_d5to25_multi_c0.01_c10_fix_s903/final	safe_push_point	14	2000	128	5.0	30.91	4.52	7.26	0.90
phase3_16342.log	16342	phase3	2026-08-30	1	5993	models/cl_phase3_L14_d25tod5tod25_by_const_d5to25_multi_c0.01_c10_fix_s903/final	safe_push_point	14	2000	128	25.0	47.56	26.40	21.61	1.06
phase3_16343.log	16343	phase3	2026-08-30	1	5991	models/cl_phase3_L14_d25tod5tod25_by_const_d5to25_naive_fix_s903/final	safe_push_point	14	2000	128	5.0	55.55	16.14	10.98	3.23
phase3_16343.log	16343	phase3	2026-08-30	1	5992	models/cl_phase3_L14_d25tod5tod25_by_const_d5to25_naive_fix_s903/final	safe_push_point	14	2000	128	25.0	71.71	23.68	9.33	0.95
phase3_17522.log	17522	phase3	2026-08-31	1	5993	models/cl_phase3_L14toL1toL16_by_const_d25to25_multi_c0.1_c0.1_fix_s901/final	safe_push_point	1	2000	128	25.0	60.07	24.68	12.39	0.99
phase3_17522.log	17522	phase3	2026-08-31	2	6014	models/cl_phase3_L14toL1toL16_by_const_d25to25_multi_c0.1_c0.1_fix_s901/final	safe_push_point	14	2000	128	25.0	50.39	26.30	10.34	1.05
phase3_17522.log	17522	phase3	2026-08-31	3	6035	models/cl_phase3_L14toL1toL16_by_const_d25to25_multi_c0.1_c0.1_fix_s901/final	safe_push_point	16	2000	128	25.0	49.51	23.94	9.37	0.96
phase3_17523.log	17523	phase3	2026-08-31	1	5990	models/cl_phase3_L14toL1toL16_by_const_d25to25_multi_c0.1_c10_fix_s901/final	safe_push_point	1	2000	128	25.0	60.96	27.86	12.99	1.11
phase3_17523.log	17523	phase3	2026-08-31	2	6009	models/cl_phase3_L14toL1toL16_by_const_d25to25_multi_c0.1_c10_fix_s901/final	safe_push_point	14	2000	128	25.0	45.10	23.46	8.58	0.94
phase3_17523.log	17523	phase3	2026-08-31	3	6028	models/cl_phase3_L14toL1toL16_by_const_d25to25_multi_c0.1_c10_fix_s901/final	safe_push_point	16	2000	128	25.0	45.02	23.44	8.04	0.94
phase3_17524.log	17524	phase3	2026-08-31	1	5990	models/cl_phase3_L14toL1toL16_by_const_d25to25_multi_c0.1_c0.1_fix_s902/final	safe_push_point	1	2000	128	25.0	70.94	26.72	57.01	1.07
phase3_17524.log	17524	phase3	2026-08-31	2	6009	models/cl_phase3_L14toL1toL16_by_const_d25to25_multi_c0.1_c0.1_fix_s902/final	safe_push_point	14	2000	128	25.0	61.52	27.04	10.36	1.08
phase3_17524.log	17524	phase3	2026-08-31	3	6028	models/cl_phase3_L14toL1toL16_by_const_d25to25_multi_c0.1_c0.1_fix_s902/final	safe_push_point	16	2000	128	25.0	61.20	27.16	10.66	1.09
phase3_17525.log	17525	phase3	2026-08-31	1	5993	models/cl_phase3_L14toL1toL16_by_const_d25to25_multi_c0.1_c10_fix_s902/final	safe_push_point	1	2000	128	25.0	72.66	26.24	11.96	1.05
phase3_17525.log	17525	phase3	2026-08-31	2	6014	models/cl_phase3_L14toL1toL16_by_const_d25to25_multi_c0.1_c10_fix_s902/final	safe_push_point	14	2000	128	25.0	54.25	26.33	10.09	1.05
phase3_17525.log	17525	phase3	2026-08-31	3	6035	models/cl_phase3_L14toL1toL16_by_const_d25to25_multi_c0.1_c10_fix_s902/final	safe_push_point	16	2000	128	25.0	54.17	24.52	9.31	0.98
phase3_17526.log	17526	phase3	2026-08-31	1	5994	models/cl_phase3_L14toL1toL16_by_const_d25to25_multi_c0.1_c0.1_fix_s903/final	safe_push_point	1	2000	128	25.0	68.75	19.14	10.79	0.77
phase3_17526.log	17526	phase3	2026-08-31	2	6015	models/cl_phase3_L14toL1toL16_by_const_d25to25_multi_c0.1_c0.1_fix_s903/final	safe_push_point	14	2000	128	25.0	60.84	26.86	9.95	1.07
phase3_17526.log	17526	phase3	2026-08-31	3	6036	models/cl_phase3_L14toL1toL16_by_const_d25to25_multi_c0.1_c0.1_fix_s903/final	safe_push_point	16	2000	128	25.0	60.17	26.12	9.30	1.04
phase3_17527.log	17527	phase3	2026-08-31	1	5994	models/cl_phase3_L14toL1toL16_by_const_d25to25_multi_c0.1_c10_fix_s903/final	safe_push_point	1	2000	128	25.0	67.01	20.42	11.19	0.82
phase3_17527.log	17527	phase3	2026-08-31	2	6015	models/cl_phase3_L14toL1toL16_by_const_d25to25_multi_c0.1_c10_fix_s903/final	safe_push_point	14	2000	128	25.0	54.69	25.88	9.73	1.04
phase3_17527.log	17527	phase3	2026-08-31	3	6036	models/cl_phase3_L14toL1toL16_by_const_d25to25_multi_c0.1_c10_fix_s903/final	safe_push_point	16	2000	128	25.0	54.40	24.81	10.87	0.99
phase3_17537.log	17537	phase3	2026-08-31	1	5994	models/cl_phase3_L14_d15tod25tod10_by_const_d25to10_multi_c0.1_c0.1_fix_s901/final	safe_push_point	14	2000	128	10.0	45.73	10.19	8.71	1.02
phase3_17537.log	17537	phase3	2026-08-31	1	5995	models/cl_phase3_L14_d15tod25tod10_by_const_d25to10_multi_c0.1_c0.1_fix_s901/final	safe_push_point	14	2000	128	15.0	48.29	11.02	8.41	0.73
phase3_17537.log	17537	phase3	2026-08-31	1	5996	models/cl_phase3_L14_d15tod25tod10_by_const_d25to10_multi_c0.1_c0.1_fix_s901/final	safe_push_point	14	2000	128	25.0	46.97	18.85	11.79	0.75
phase3_17538.log	17538	phase3	2026-08-31	1	5994	models/cl_phase3_L14_d15tod25tod10_by_const_d25to10_multi_c0.1_c1_fix_s901/final	safe_push_point	14	2000	128	10.0	44.79	11.79	8.58	1.18
phase3_17538.log	17538	phase3	2026-08-31	1	5995	models/cl_phase3_L14_d15tod25tod10_by_const_d25to10_multi_c0.1_c1_fix_s901/final	safe_push_point	14	2000	128	15.0	48.97	11.58	7.34	0.77
phase3_17538.log	17538	phase3	2026-08-31	1	5996	models/cl_phase3_L14_d15tod25tod10_by_const_d25to10_multi_c0.1_c1_fix_s901/final	safe_push_point	14	2000	128	25.0	48.86	18.80	8.89	0.75
phase3_17539.log	17539	phase3	2026-08-31	1	5990	models/cl_phase3_L14_d15tod25tod10_by_const_d25to10_multi_c0.1_c10_fix_s901/final	safe_push_point	14	2000	128	10.0	46.20	12.87	6.85	1.29
phase3_17539.log	17539	phase3	2026-08-31	1	5991	models/cl_phase3_L14_d15tod25tod10_by_const_d25to10_multi_c0.1_c10_fix_s901/final	safe_push_point	14	2000	128	15.0	49.25	13.88	9.00	0.93
phase3_17539.log	17539	phase3	2026-08-31	1	5992	models/cl_phase3_L14_d15tod25tod10_by_const_d25to10_multi_c0.1_c10_fix_s901/final	safe_push_point	14	2000	128	25.0	50.86	21.24	8.08	0.85
phase3_17540.log	17540	phase3	2026-08-31	1	5989	models/cl_phase3_L14_d15tod25tod10_by_const_d25to10_naive_fix_s901/final	safe_push_point	14	2000	128	10.0	50.44	10.63	7.31	1.06
phase3_17540.log	17540	phase3	2026-08-31	1	5990	models/cl_phase3_L14_d15tod25tod10_by_const_d25to10_naive_fix_s901/final	safe_push_point	14	2000	128	15.0	52.56	17.82	9.33	1.19
phase3_17540.log	17540	phase3	2026-08-31	1	5991	models/cl_phase3_L14_d15tod25tod10_by_const_d25to10_naive_fix_s901/final	safe_push_point	14	2000	128	25.0	53.69	59.30	13.36	2.37
phase3_17541.log	17541	phase3	2026-08-31	1	5992	models/cl_phase3_L14_d15tod25tod10_by_const_d25to10_multi_c0.1_c0.1_fix_s902/final	safe_push_point	14	2000	128	10.0	42.71	8.73	6.51	0.87
phase3_17541.log	17541	phase3	2026-08-31	1	5993	models/cl_phase3_L14_d15tod25tod10_by_const_d25to10_multi_c0.1_c0.1_fix_s902/final	safe_push_point	14	2000	128	15.0	47.25	15.01	18.79	1.00
phase3_17541.log	17541	phase3	2026-08-31	1	5994	models/cl_phase3_L14_d15tod25tod10_by_const_d25to10_multi_c0.1_c0.1_fix_s902/final	safe_push_point	14	2000	128	25.0	51.49	27.13	9.01	1.09
phase3_17542.log	17542	phase3	2026-08-31	1	5993	models/cl_phase3_L14_d15tod25tod10_by_const_d25to10_multi_c0.1_c1_fix_s902/final	safe_push_point	14	2000	128	10.0	48.89	9.30	6.66	0.93
phase3_17542.log	17542	phase3	2026-08-31	1	5994	models/cl_phase3_L14_d15tod25tod10_by_const_d25to10_multi_c0.1_c1_fix_s902/final	safe_push_point	14	2000	128	15.0	52.52	10.63	6.37	0.71
phase3_17542.log	17542	phase3	2026-08-31	1	5995	models/cl_phase3_L14_d15tod25tod10_by_const_d25to10_multi_c0.1_c1_fix_s902/final	safe_push_point	14	2000	128	25.0	56.52	21.15	9.67	0.85
phase3_17543.log	17543	phase3	2026-08-31	1	5994	models/cl_phase3_L14_d15tod25tod10_by_const_d25to10_multi_c0.1_c10_fix_s902/final	safe_push_point	14	2000	128	10.0	49.36	11.28	7.76	1.13
phase3_17543.log	17543	phase3	2026-08-31	1	5995	models/cl_phase3_L14_d15tod25tod10_by_const_d25to10_multi_c0.1_c10_fix_s902/final	safe_push_point	14	2000	128	15.0	54.26	11.98	7.36	0.80
phase3_17543.log	17543	phase3	2026-08-31	1	5996	models/cl_phase3_L14_d15tod25tod10_by_const_d25to10_multi_c0.1_c10_fix_s902/final	safe_push_point	14	2000	128	25.0	57.66	24.23	10.59	0.97
phase3_17544.log	17544	phase3	2026-09-01	1	5988	models/cl_phase3_L14_d15tod25tod10_by_const_d25to10_naive_fix_s902/final	safe_push_point	14	2000	128	10.0	60.09	8.61	7.03	0.86
phase3_17544.log	17544	phase3	2026-09-01	1	5989	models/cl_phase3_L14_d15tod25tod10_by_const_d25to10_naive_fix_s902/final	safe_push_point	14	2000	128	15.0	63.86	15.02	5.71	1.00
phase3_17544.log	17544	phase3	2026-09-01	1	5990	models/cl_phase3_L14_d15tod25tod10_by_const_d25to10_naive_fix_s902/final	safe_push_point	14	2000	128	25.0	65.76	82.82	18.85	3.31
phase3_17545.log	17545	phase3	2026-09-01	1	5994	models/cl_phase3_L14_d15tod25tod10_by_const_d25to10_multi_c0.1_c0.1_fix_s903/final	safe_push_point	14	2000	128	10.0	46.14	7.76	6.06	0.78
phase3_17545.log	17545	phase3	2026-09-01	1	5995	models/cl_phase3_L14_d15tod25tod10_by_const_d25to10_multi_c0.1_c0.1_fix_s903/final	safe_push_point	14	2000	128	15.0	49.02	9.75	6.99	0.65
phase3_17545.log	17545	phase3	2026-09-01	1	5996	models/cl_phase3_L14_d15tod25tod10_by_const_d25to10_multi_c0.1_c0.1_fix_s903/final	safe_push_point	14	2000	128	25.0	51.45	19.36	9.35	0.77
phase3_17546.log	17546	phase3	2026-09-01	1	5991	models/cl_phase3_L14_d15tod25tod10_by_const_d25to10_multi_c0.1_c1_fix_s903/final	safe_push_point	14	2000	128	10.0	46.04	9.65	8.06	0.97
phase3_17546.log	17546	phase3	2026-09-01	1	5992	models/cl_phase3_L14_d15tod25tod10_by_const_d25to10_multi_c0.1_c1_fix_s903/final	safe_push_point	14	2000	128	15.0	50.14	11.31	7.30	0.75
phase3_17546.log	17546	phase3	2026-09-01	1	5993	models/cl_phase3_L14_d15tod25tod10_by_const_d25to10_multi_c0.1_c1_fix_s903/final	safe_push_point	14	2000	128	25.0	54.95	18.60	8.83	0.74
phase3_17547.log	17547	phase3	2026-09-01	1	5994	models/cl_phase3_L14_d15tod25tod10_by_const_d25to10_multi_c0.1_c10_fix_s903/final	safe_push_point	14	2000	128	10.0	48.99	13.20	9.01	1.32
phase3_17547.log	17547	phase3	2026-09-01	1	5995	models/cl_phase3_L14_d15tod25tod10_by_const_d25to10_multi_c0.1_c10_fix_s903/final	safe_push_point	14	2000	128	15.0	52.64	14.80	8.99	0.99
phase3_17547.log	17547	phase3	2026-09-01	1	5996	models/cl_phase3_L14_d15tod25tod10_by_const_d25to10_multi_c0.1_c10_fix_s903/final	safe_push_point	14	2000	128	25.0	57.08	22.68	8.79	0.91
phase3_17548.log	17548	phase3	2026-09-01	1	5993	models/cl_phase3_L14_d15tod25tod10_by_const_d25to10_naive_fix_s903/final	safe_push_point	14	2000	128	10.0	61.77	11.55	7.20	1.15
phase3_17548.log	17548	phase3	2026-09-01	1	5994	models/cl_phase3_L14_d15tod25tod10_by_const_d25to10_naive_fix_s903/final	safe_push_point	14	2000	128	15.0	63.38	18.18	8.33	1.21
phase3_17548.log	17548	phase3	2026-09-01	1	5995	models/cl_phase3_L14_d15tod25tod10_by_const_d25to10_naive_fix_s903/final	safe_push_point	14	2000	128	25.0	63.26	51.52	11.11	2.06
phase3_20662.log	20662	phase3	2026-09-01	1	5992	models/cl_phase3_L11toL14toL1_by_const_d25to25_naive_s904/final	safe_push_point	1	2000	128	25.0	76.49	24.42	14.82	0.98
phase3_20662.log	20662	phase3	2026-09-01	2	6013	models/cl_phase3_L11toL14toL1_by_const_d25to25_naive_s904/final	safe_push_point	11	2000	128	25.0	58.83	200.20	36.62	8.01
phase3_20662.log	20662	phase3	2026-09-01	3	6034	models/cl_phase3_L11toL14toL1_by_const_d25to25_naive_s904/final	safe_push_point	14	2000	128	25.0	55.54	234.31	35.78	9.37
phase3_20663.log	20663	phase3	2026-09-01	1	5991	models/cl_phase3_L11toL14toL1_by_const_d25to25_naive_s905/final	safe_push_point	1	2000	128	25.0	88.56	25.55	14.51	1.02
phase3_20663.log	20663	phase3	2026-09-01	2	6012	models/cl_phase3_L11toL14toL1_by_const_d25to25_naive_s905/final	safe_push_point	11	2000	128	25.0	75.02	227.76	37.92	9.11
phase3_20663.log	20663	phase3	2026-09-01	3	6033	models/cl_phase3_L11toL14toL1_by_const_d25to25_naive_s905/final	safe_push_point	14	2000	128	25.0	73.90	228.42	32.44	9.14
phase3_20664.log	20664	phase3	2026-09-01	1	5993	models/cl_phase3_L11toL14toL1_by_const_d25to25_multi_c10_c1_s904/final	safe_push_point	1	2000	128	25.0	56.25	22.72	11.43	0.91
phase3_20664.log	20664	phase3	2026-09-01	2	6014	models/cl_phase3_L11toL14toL1_by_const_d25to25_multi_c10_c1_s904/final	safe_push_point	11	2000	128	25.0	47.33	41.36	15.29	1.65
phase3_20664.log	20664	phase3	2026-09-01	3	6035	models/cl_phase3_L11toL14toL1_by_const_d25to25_multi_c10_c1_s904/final	safe_push_point	14	2000	128	25.0	40.01	27.37	10.81	1.09
phase3_20665.log	20665	phase3	2026-09-01	1	5993	models/cl_phase3_L11toL14toL1_by_const_d25to25_multi_c10_c1_s905/final	safe_push_point	1	2000	128	25.0	70.56	6.55	4.84	0.26
phase3_20665.log	20665	phase3	2026-09-01	2	6014	models/cl_phase3_L11toL14toL1_by_const_d25to25_multi_c10_c1_s905/final	safe_push_point	11	2000	128	25.0	56.93	24.40	11.28	0.98
phase3_20665.log	20665	phase3	2026-09-01	3	6035	models/cl_phase3_L11toL14toL1_by_const_d25to25_multi_c10_c1_s905/final	safe_push_point	14	2000	128	25.0	43.59	19.44	11.59	0.78
phase3_20666.log	20666	phase3	2026-09-01	1	5995	models/cl_phase3_L11toL14toL1_by_const_d25to25_multi_c10_c1_vl2_s901/final	safe_push_point	1	2000	128	25.0	53.52	20.01	25.37	0.80
phase3_20666.log	20666	phase3	2026-09-01	2	6016	models/cl_phase3_L11toL14toL1_by_const_d25to25_multi_c10_c1_vl2_s901/final	safe_push_point	11	2000	128	25.0	40.36	24.02	10.28	0.96
phase3_20666.log	20666	phase3	2026-09-01	3	6037	models/cl_phase3_L11toL14toL1_by_const_d25to25_multi_c10_c1_vl2_s901/final	safe_push_point	14	2000	128	25.0	31.69	13.32	6.32	0.53
phase3_20667.log	20667	phase3	2026-09-01	1	5990	models/cl_phase3_L11toL14toL1_by_const_d25to25_multi_c10_c1_vl2_s902/final	safe_push_point	1	2000	128	25.0	65.25	12.43	51.69	0.50
phase3_20667.log	20667	phase3	2026-09-01	2	6009	models/cl_phase3_L11toL14toL1_by_const_d25to25_multi_c10_c1_vl2_s902/final	safe_push_point	11	2000	128	25.0	56.32	27.25	14.05	1.09
phase3_20667.log	20667	phase3	2026-09-01	3	6028	models/cl_phase3_L11toL14toL1_by_const_d25to25_multi_c10_c1_vl2_s902/final	safe_push_point	14	2000	128	25.0	48.10	20.06	9.78	0.80
phase3_20668.log	20668	phase3	2026-09-01	1	5993	models/cl_phase3_L11toL14toL1_by_const_d25to25_multi_c10_c1_vl2_s903/final	safe_push_point	1	2000	128	25.0	60.66	8.03	6.41	0.32
phase3_20668.log	20668	phase3	2026-09-01	2	6014	models/cl_phase3_L11toL14toL1_by_const_d25to25_multi_c10_c1_vl2_s903/final	safe_push_point	11	2000	128	25.0	46.49	40.18	60.19	1.61
phase3_20668.log	20668	phase3	2026-09-01	3	6035	models/cl_phase3_L11toL14toL1_by_const_d25to25_multi_c10_c1_vl2_s903/final	safe_push_point	14	2000	128	25.0	35.89	37.01	44.26	1.48
phase3_20669.log	20669	phase3	2026-09-01	1	5994	models/cl_phase3_L11toL14toL1_by_const_d25to25_multi_c10_c1_vl2_s904/final	safe_push_point	1	2000	128	25.0	58.37	23.07	13.31	0.92
phase3_20669.log	20669	phase3	2026-09-01	2	6015	models/cl_phase3_L11toL14toL1_by_const_d25to25_multi_c10_c1_vl2_s904/final	safe_push_point	11	2000	128	25.0	48.05	42.21	16.20	1.69
phase3_20669.log	20669	phase3	2026-09-01	3	6036	models/cl_phase3_L11toL14toL1_by_const_d25to25_multi_c10_c1_vl2_s904/final	safe_push_point	14	2000	128	25.0	41.37	26.20	10.22	1.05
phase3_20670.log	20670	phase3	2026-09-01	1	5994	models/cl_phase3_L11toL14toL1_by_const_d25to25_multi_c10_c1_vl2_s905/final	safe_push_point	1	2000	128	25.0	71.02	6.96	5.77	0.28
phase3_20670.log	20670	phase3	2026-09-01	2	6015	models/cl_phase3_L11toL14toL1_by_const_d25to25_multi_c10_c1_vl2_s905/final	safe_push_point	11	2000	128	25.0	57.19	26.30	10.64	1.05
phase3_20670.log	20670	phase3	2026-09-01	3	6036	models/cl_phase3_L11toL14toL1_by_const_d25to25_multi_c10_c1_vl2_s905/final	safe_push_point	14	2000	128	25.0	46.17	20.13	9.32	0.81
phase3_20671.log	20671	phase3	2026-09-01	1	5994	models/cl_phase3_L11toL14toL1_by_const_d25to25_multi_c10_c1_vrealvb_s901/final	safe_push_point	1	2000	128	25.0	15.03	15.95	35.68	0.64
phase3_20671.log	20671	phase3	2026-09-01	2	6015	models/cl_phase3_L11toL14toL1_by_const_d25to25_multi_c10_c1_vrealvb_s901/final	safe_push_point	11	2000	128	25.0	33.83	63.02	37.78	2.52
phase3_20671.log	20671	phase3	2026-09-01	3	6036	models/cl_phase3_L11toL14toL1_by_const_d25to25_multi_c10_c1_vrealvb_s901/final	safe_push_point	14	2000	128	25.0	31.49	54.17	30.32	2.17
phase3_20672.log	20672	phase3	2026-09-01	1	5995	models/cl_phase3_L11toL14toL1_by_const_d25to25_multi_c10_c1_vrealvb_s902/final	safe_push_point	1	2000	128	25.0	37.32	19.74	14.81	0.79
phase3_20672.log	20672	phase3	2026-09-01	2	6016	models/cl_phase3_L11toL14toL1_by_const_d25to25_multi_c10_c1_vrealvb_s902/final	safe_push_point	11	2000	128	25.0	38.79	75.77	22.14	3.03
phase3_20672.log	20672	phase3	2026-09-01	3	6037	models/cl_phase3_L11toL14toL1_by_const_d25to25_multi_c10_c1_vrealvb_s902/final	safe_push_point	14	2000	128	25.0	30.28	57.96	19.01	2.32
phase3_20673.log	20673	phase3	2026-09-01	1	5993	models/cl_phase3_L11toL14toL1_by_const_d25to25_multi_c10_c1_vrealvb_s903/final	safe_push_point	1	2000	128	25.0	62.29	7.04	8.35	0.28
phase3_20673.log	20673	phase3	2026-09-01	2	6014	models/cl_phase3_L11toL14toL1_by_const_d25to25_multi_c10_c1_vrealvb_s903/final	safe_push_point	11	2000	128	25.0	47.52	30.41	34.73	1.22
phase3_20673.log	20673	phase3	2026-09-01	3	6035	models/cl_phase3_L11toL14toL1_by_const_d25to25_multi_c10_c1_vrealvb_s903/final	safe_push_point	14	2000	128	25.0	36.00	38.56	43.92	1.54
phase3_20674.log	20674	phase3	2026-09-01	1	5993	models/cl_phase3_L11toL14toL1_by_const_d25to25_multi_c10_c1_vrealvb_s904/final	safe_push_point	1	2000	128	25.0	56.74	27.14	48.07	1.09
phase3_20674.log	20674	phase3	2026-09-01	2	6014	models/cl_phase3_L11toL14toL1_by_const_d25to25_multi_c10_c1_vrealvb_s904/final	safe_push_point	11	2000	128	25.0	47.76	42.74	16.28	1.71
phase3_20674.log	20674	phase3	2026-09-01	3	6035	models/cl_phase3_L11toL14toL1_by_const_d25to25_multi_c10_c1_vrealvb_s904/final	safe_push_point	14	2000	128	25.0	41.40	26.00	10.78	1.04
phase3_20675.log	20675	phase3	2026-09-01	1	5994	models/cl_phase3_L11toL14toL1_by_const_d25to25_multi_c10_c1_vrealvb_s905/final	safe_push_point	1	2000	128	25.0	71.24	7.23	6.86	0.29
phase3_20675.log	20675	phase3	2026-09-01	2	6015	models/cl_phase3_L11toL14toL1_by_const_d25to25_multi_c10_c1_vrealvb_s905/final	safe_push_point	11	2000	128	25.0	57.08	24.22	10.31	0.97
phase3_20675.log	20675	phase3	2026-09-01	3	6036	models/cl_phase3_L11toL14toL1_by_const_d25to25_multi_c10_c1_vrealvb_s905/final	safe_push_point	14	2000	128	25.0	44.92	18.49	9.91	0.74
phase3_20680.log	20680	phase3	2026-09-01	1	5991	models/cl_phase3_L14_d25tod5tod25_by_const_d5to25_naive_s904/final	safe_push_point	14	2000	128	5.0	3.51	16.43	32.21	3.29
phase3_20680.log	20680	phase3	2026-09-01	1	5992	models/cl_phase3_L14_d25tod5tod25_by_const_d5to25_naive_s904/final	safe_push_point	14	2000	128	25.0	3.96	19.67	39.48	0.79
phase3_20681.log	20681	phase3	2026-09-01	1	5993	models/cl_phase3_L14_d25tod5tod25_by_const_d5to25_naive_s905/final	safe_push_point	14	2000	128	5.0	48.60	19.16	12.06	3.83
phase3_20681.log	20681	phase3	2026-09-01	1	5994	models/cl_phase3_L14_d25tod5tod25_by_const_d5to25_naive_s905/final	safe_push_point	14	2000	128	25.0	69.89	23.38	9.52	0.94
phase3_20682.log	20682	phase3	2026-09-01	1	5993	models/cl_phase3_L14_d25tod5tod25_by_const_d5to25_multi_c0.01_c1_s904/final	safe_push_point	14	2000	128	5.0	38.46	7.08	5.79	1.42
phase3_20682.log	20682	phase3	2026-09-01	1	5994	models/cl_phase3_L14_d25tod5tod25_by_const_d5to25_multi_c0.01_c1_s904/final	safe_push_point	14	2000	128	25.0	43.15	17.47	8.43	0.70
phase3_20683.log	20683	phase3	2026-09-01	1	5993	models/cl_phase3_L14_d25tod5tod25_by_const_d5to25_multi_c0.01_c1_s905/final	safe_push_point	14	2000	128	5.0	41.73	5.65	4.78	1.13
phase3_20683.log	20683	phase3	2026-09-01	1	5994	models/cl_phase3_L14_d25tod5tod25_by_const_d5to25_multi_c0.01_c1_s905/final	safe_push_point	14	2000	128	25.0	50.55	22.48	11.34	0.90
phase3_20684.log	20684	phase3	2026-09-01	1	5993	models/cl_phase3_L14_d25tod5tod25_by_const_d5to25_multi_c0.01_c1_vl2_s901/final	safe_push_point	14	2000	128	5.0	34.63	6.37	5.67	1.27
phase3_20684.log	20684	phase3	2026-09-01	1	5994	models/cl_phase3_L14_d25tod5tod25_by_const_d5to25_multi_c0.01_c1_vl2_s901/final	safe_push_point	14	2000	128	25.0	43.73	24.56	16.81	0.98
phase3_20685.log	20685	phase3	2026-09-02	1	5995	models/cl_phase3_L14_d25tod5tod25_by_const_d5to25_multi_c0.01_c1_vl2_s902/final	safe_push_point	14	2000	128	5.0	39.55	5.70	6.26	1.14
phase3_20685.log	20685	phase3	2026-09-02	1	5996	models/cl_phase3_L14_d25tod5tod25_by_const_d5to25_multi_c0.01_c1_vl2_s902/final	safe_push_point	14	2000	128	25.0	54.94	23.29	8.54	0.93
phase3_20686.log	20686	phase3	2026-09-02	1	5994	models/cl_phase3_L14_d25tod5tod25_by_const_d5to25_multi_c0.01_c1_vl2_s903/final	safe_push_point	14	2000	128	5.0	32.96	6.21	9.77	1.24
phase3_20686.log	20686	phase3	2026-09-02	1	5995	models/cl_phase3_L14_d25tod5tod25_by_const_d5to25_multi_c0.01_c1_vl2_s903/final	safe_push_point	14	2000	128	25.0	49.72	38.53	134.52	1.54
phase3_20687.log	20687	phase3	2026-09-02	1	5993	models/cl_phase3_L14_d25tod5tod25_by_const_d5to25_multi_c0.01_c1_vl2_s904/final	safe_push_point	14	2000	128	5.0	40.82	6.67	4.19	1.33
phase3_20687.log	20687	phase3	2026-09-02	1	5994	models/cl_phase3_L14_d25tod5tod25_by_const_d5to25_multi_c0.01_c1_vl2_s904/final	safe_push_point	14	2000	128	25.0	44.91	16.33	6.81	0.65
phase3_20688.log	20688	phase3	2026-09-02	1	5994	models/cl_phase3_L14_d25tod5tod25_by_const_d5to25_multi_c0.01_c1_vl2_s905/final	safe_push_point	14	2000	128	5.0	42.68	8.25	10.35	1.65
phase3_20688.log	20688	phase3	2026-09-02	1	5995	models/cl_phase3_L14_d25tod5tod25_by_const_d5to25_multi_c0.01_c1_vl2_s905/final	safe_push_point	14	2000	128	25.0	51.07	22.32	9.96	0.89
phase3_20689.log	20689	phase3	2026-09-02	1	5994	models/cl_phase3_L14_d25tod5tod25_by_const_d5to25_multi_c0.01_c1_vrealvb_s901/final	safe_push_point	14	2000	128	5.0	34.08	7.42	7.81	1.48
phase3_20689.log	20689	phase3	2026-09-02	1	5995	models/cl_phase3_L14_d25tod5tod25_by_const_d5to25_multi_c0.01_c1_vrealvb_s901/final	safe_push_point	14	2000	128	25.0	45.37	25.78	20.77	1.03
phase3_20690.log	20690	phase3	2026-09-02	1	5992	models/cl_phase3_L14_d25tod5tod25_by_const_d5to25_multi_c0.01_c1_vrealvb_s902/final	safe_push_point	14	2000	128	5.0	38.60	5.32	4.82	1.06
phase3_20690.log	20690	phase3	2026-09-02	1	5993	models/cl_phase3_L14_d25tod5tod25_by_const_d5to25_multi_c0.01_c1_vrealvb_s902/final	safe_push_point	14	2000	128	25.0	55.93	21.77	8.65	0.87
phase3_20691.log	20691	phase3	2026-09-02	1	5994	models/cl_phase3_L14_d25tod5tod25_by_const_d5to25_multi_c0.01_c1_vrealvb_s903/final	safe_push_point	14	2000	128	5.0	31.57	6.23	9.15	1.25
phase3_20691.log	20691	phase3	2026-09-02	1	5995	models/cl_phase3_L14_d25tod5tod25_by_const_d5to25_multi_c0.01_c1_vrealvb_s903/final	safe_push_point	14	2000	128	25.0	48.40	24.66	13.44	0.99
phase3_20692.log	20692	phase3	2026-09-02	1	5994	models/cl_phase3_L14_d25tod5tod25_by_const_d5to25_multi_c0.01_c1_vrealvb_s904/final	safe_push_point	14	2000	128	5.0	40.78	7.59	5.35	1.52
phase3_20692.log	20692	phase3	2026-09-02	1	5995	models/cl_phase3_L14_d25tod5tod25_by_const_d5to25_multi_c0.01_c1_vrealvb_s904/final	safe_push_point	14	2000	128	25.0	46.75	19.71	8.10	0.79
phase3_20693.log	20693	phase3	2026-09-02	1	5994	models/cl_phase3_L14_d25tod5tod25_by_const_d5to25_multi_c0.01_c1_vrealvb_s905/final	safe_push_point	14	2000	128	5.0	40.89	6.64	4.22	1.33
phase3_20693.log	20693	phase3	2026-09-02	1	5995	models/cl_phase3_L14_d25tod5tod25_by_const_d5to25_multi_c0.01_c1_vrealvb_s905/final	safe_push_point	14	2000	128	25.0	50.89	22.80	11.29	0.91
phase3_20698.log	20698	phase3	2026-09-02	1	5992	models/cl_phase3_L14_d15tod25tod10_by_const_d25to10_naive_s904/final	safe_push_point	14	2000	128	10.0	52.09	9.69	6.90	0.97
phase3_20698.log	20698	phase3	2026-09-02	1	5993	models/cl_phase3_L14_d15tod25tod10_by_const_d25to10_naive_s904/final	safe_push_point	14	2000	128	15.0	53.40	19.89	14.14	1.33
phase3_20698.log	20698	phase3	2026-09-02	1	5994	models/cl_phase3_L14_d15tod25tod10_by_const_d25to10_naive_s904/final	safe_push_point	14	2000	128	25.0	56.09	84.10	18.95	3.36
phase3_6350368.log	6350368	phase3	2026-08-24	1	5993	models/cl_phase3_L14toL1toL16_by_const_d25to25_multi_c0.1_c0.1_s902/final	safe_push_point	14	2000	128	25.0	1.73	24.55	40.93	0.98
phase3_6350368.log	6350368	phase3	2026-08-24	2	6015	models/cl_phase3_L14toL1toL16_by_const_d25to25_multi_c0.1_c0.1_s902/final	safe_push_point	1	2000	128	25.0	0.13	8.80	97.58	0.35
phase3_6350368.log	6350368	phase3	2026-08-24	3	6037	models/cl_phase3_L14toL1toL16_by_const_d25to25_multi_c0.1_c0.1_s902/final	safe_push_point	16	2000	128	25.0	1.99	23.64	37.08	0.95
phase3_6350372.log	6350372	phase3	2026-08-24	1	5992	models/cl_phase3_L14toL1toL16_by_const_d25to25_multi_c0.1_c0.1_s903/final	safe_push_point	14	2000	128	25.0	6.23	24.20	19.54	0.97
phase3_6350372.log	6350372	phase3	2026-08-24	2	6014	models/cl_phase3_L14toL1toL16_by_const_d25to25_multi_c0.1_c0.1_s903/final	safe_push_point	1	2000	128	25.0	5.49	22.81	119.12	0.91
phase3_6350372.log	6350372	phase3	2026-08-24	3	6036	models/cl_phase3_L14toL1toL16_by_const_d25to25_multi_c0.1_c0.1_s903/final	safe_push_point	16	2000	128	25.0	6.81	27.85	20.54	1.11
phase3_91881.log	91881	phase3	2026-09-03	1	5993	models/cl_phase3_L14_d15tod25tod10_by_const_d25to10_naive_s905/final	safe_push_point	14	2000	128	10.0	63.04	9.46	7.21	0.95
phase3_91881.log	91881	phase3	2026-09-03	1	5994	models/cl_phase3_L14_d15tod25tod10_by_const_d25to10_naive_s905/final	safe_push_point	14	2000	128	15.0	65.45	18.85	6.48	1.26
phase3_91881.log	91881	phase3	2026-09-03	1	5995	models/cl_phase3_L14_d15tod25tod10_by_const_d25to10_naive_s905/final	safe_push_point	14	2000	128	25.0	68.27	101.76	20.10	4.07
phase3_91882.log	91882	phase3	2026-09-03	1	5994	models/cl_phase3_L14_d15tod25tod10_by_const_d25to10_multi_c0.1_c1_s904/final	safe_push_point	14	2000	128	10.0	45.40	8.59	6.76	0.86
phase3_91882.log	91882	phase3	2026-09-03	1	5995	models/cl_phase3_L14_d15tod25tod10_by_const_d25to10_multi_c0.1_c1_s904/final	safe_push_point	14	2000	128	15.0	48.69	10.31	7.01	0.69
phase3_91882.log	91882	phase3	2026-09-03	1	5996	models/cl_phase3_L14_d15tod25tod10_by_const_d25to10_multi_c0.1_c1_s904/final	safe_push_point	14	2000	128	25.0	50.09	20.98	8.44	0.84
phase3_91883.log	91883	phase3	2026-09-03	1	5994	models/cl_phase3_L14_d15tod25tod10_by_const_d25to10_multi_c0.1_c1_vl2_s901/final	safe_push_point	14	2000	128	10.0	44.89	11.30	7.34	1.13
phase3_91883.log	91883	phase3	2026-09-03	1	5995	models/cl_phase3_L14_d15tod25tod10_by_const_d25to10_multi_c0.1_c1_vl2_s901/final	safe_push_point	14	2000	128	15.0	47.93	12.63	7.11	0.84
phase3_91883.log	91883	phase3	2026-09-03	1	5996	models/cl_phase3_L14_d15tod25tod10_by_const_d25to10_multi_c0.1_c1_vl2_s901/final	safe_push_point	14	2000	128	25.0	49.04	21.23	12.14	0.85
phase3_91884.log	91884	phase3	2026-09-03	1	5994	models/cl_phase3_L14_d15tod25tod10_by_const_d25to10_multi_c0.1_c1_vl2_s902/final	safe_push_point	14	2000	128	10.0	48.24	10.56	7.89	1.06
phase3_91884.log	91884	phase3	2026-09-03	1	5995	models/cl_phase3_L14_d15tod25tod10_by_const_d25to10_multi_c0.1_c1_vl2_s902/final	safe_push_point	14	2000	128	15.0	52.66	13.30	8.47	0.89
phase3_91884.log	91884	phase3	2026-09-03	1	5996	models/cl_phase3_L14_d15tod25tod10_by_const_d25to10_multi_c0.1_c1_vl2_s902/final	safe_push_point	14	2000	128	25.0	57.97	23.42	7.94	0.94
phase3_91885.log	91885	phase3	2026-09-03	1	5994	models/cl_phase3_L14_d15tod25tod10_by_const_d25to10_multi_c0.1_c1_vl2_s903/final	safe_push_point	14	2000	128	10.0	44.87	9.83	7.42	0.98
phase3_91885.log	91885	phase3	2026-09-03	1	5995	models/cl_phase3_L14_d15tod25tod10_by_const_d25to10_multi_c0.1_c1_vl2_s903/final	safe_push_point	14	2000	128	15.0	49.54	12.57	7.85	0.84
phase3_91885.log	91885	phase3	2026-09-03	1	5996	models/cl_phase3_L14_d15tod25tod10_by_const_d25to10_multi_c0.1_c1_vl2_s903/final	safe_push_point	14	2000	128	25.0	54.02	18.40	7.67	0.74
phase3_91886.log	91886	phase3	2026-09-03	1	5993	models/cl_phase3_L14_d15tod25tod10_by_const_d25to10_multi_c0.1_c1_vl2_s904/final	safe_push_point	14	2000	128	10.0	45.10	9.11	7.06	0.91
phase3_91886.log	91886	phase3	2026-09-03	1	5994	models/cl_phase3_L14_d15tod25tod10_by_const_d25to10_multi_c0.1_c1_vl2_s904/final	safe_push_point	14	2000	128	15.0	47.82	12.01	6.49	0.80
phase3_91886.log	91886	phase3	2026-09-03	1	5995	models/cl_phase3_L14_d15tod25tod10_by_const_d25to10_multi_c0.1_c1_vl2_s904/final	safe_push_point	14	2000	128	25.0	50.85	21.82	8.66	0.87
phase3_91887.log	91887	phase3	2026-09-03	1	5994	models/cl_phase3_L14_d15tod25tod10_by_const_d25to10_multi_c0.1_c1_vrealvb_s901/final	safe_push_point	14	2000	128	10.0	44.87	9.62	7.62	0.96
phase3_91887.log	91887	phase3	2026-09-03	1	5995	models/cl_phase3_L14_d15tod25tod10_by_const_d25to10_multi_c0.1_c1_vrealvb_s901/final	safe_push_point	14	2000	128	15.0	48.40	11.53	6.61	0.77
phase3_91887.log	91887	phase3	2026-09-03	1	5996	models/cl_phase3_L14_d15tod25tod10_by_const_d25to10_multi_c0.1_c1_vrealvb_s901/final	safe_push_point	14	2000	128	25.0	48.65	18.82	8.90	0.75
phase3_91888.log	91888	phase3	2026-09-03	1	5992	models/cl_phase3_L14_d15tod25tod10_by_const_d25to10_multi_c0.1_c1_vrealvb_s902/final	safe_push_point	14	2000	128	10.0	47.99	9.79	7.13	0.98
phase3_91888.log	91888	phase3	2026-09-03	1	5993	models/cl_phase3_L14_d15tod25tod10_by_const_d25to10_multi_c0.1_c1_vrealvb_s902/final	safe_push_point	14	2000	128	15.0	53.16	12.97	8.08	0.86
phase3_91888.log	91888	phase3	2026-09-03	1	5994	models/cl_phase3_L14_d15tod25tod10_by_const_d25to10_multi_c0.1_c1_vrealvb_s902/final	safe_push_point	14	2000	128	25.0	56.81	22.62	9.20	0.90
phase3_91889.log	91889	phase3	2026-09-03	1	5994	models/cl_phase3_L14_d15tod25tod10_by_const_d25to10_multi_c0.1_c1_vrealvb_s903/final	safe_push_point	14	2000	128	10.0	46.85	10.20	9.89	1.02
phase3_91889.log	91889	phase3	2026-09-03	1	5995	models/cl_phase3_L14_d15tod25tod10_by_const_d25to10_multi_c0.1_c1_vrealvb_s903/final	safe_push_point	14	2000	128	15.0	50.33	12.26	7.77	0.82
phase3_91889.log	91889	phase3	2026-09-03	1	5996	models/cl_phase3_L14_d15tod25tod10_by_const_d25to10_multi_c0.1_c1_vrealvb_s903/final	safe_push_point	14	2000	128	25.0	55.04	18.33	8.65	0.73
phase3_91890.log	91890	phase3	2026-09-03	1	5994	models/cl_phase3_L14_d15tod25tod10_by_const_d25to10_multi_c0.1_c1_vrealvb_s904/final	safe_push_point	14	2000	128	10.0	46.32	10.20	6.68	1.02
phase3_91890.log	91890	phase3	2026-09-03	1	5995	models/cl_phase3_L14_d15tod25tod10_by_const_d25to10_multi_c0.1_c1_vrealvb_s904/final	safe_push_point	14	2000	128	15.0	48.98	13.11	7.36	0.87
phase3_91890.log	91890	phase3	2026-09-03	1	5996	models/cl_phase3_L14_d15tod25tod10_by_const_d25to10_multi_c0.1_c1_vrealvb_s904/final	safe_push_point	14	2000	128	25.0	51.28	22.21	7.56	0.89
phase3_91891.log	91891	phase3	2026-09-03	1	5994	models/cl_phase3_L14_d15tod25tod10_by_const_d25to10_multi_c0.1_c1_s905/final	safe_push_point	14	2000	128	10.0	54.94	8.81	5.72	0.88
phase3_91891.log	91891	phase3	2026-09-03	1	5995	models/cl_phase3_L14_d15tod25tod10_by_const_d25to10_multi_c0.1_c1_s905/final	safe_push_point	14	2000	128	15.0	57.80	12.99	8.52	0.87
phase3_91891.log	91891	phase3	2026-09-03	1	5996	models/cl_phase3_L14_d15tod25tod10_by_const_d25to10_multi_c0.1_c1_s905/final	safe_push_point	14	2000	128	25.0	60.94	25.58	7.37	1.02
phase3_91892.log	91892	phase3	2026-09-03	1	5990	models/cl_phase3_L14_d15tod25tod10_by_const_d25to10_multi_c0.1_c1_vl2_s905/final	safe_push_point	14	2000	128	10.0	52.48	10.47	7.31	1.05
phase3_91892.log	91892	phase3	2026-09-03	1	5991	models/cl_phase3_L14_d15tod25tod10_by_const_d25to10_multi_c0.1_c1_vl2_s905/final	safe_push_point	14	2000	128	15.0	56.91	12.87	6.95	0.86
phase3_91892.log	91892	phase3	2026-09-03	1	5992	models/cl_phase3_L14_d15tod25tod10_by_const_d25to10_multi_c0.1_c1_vl2_s905/final	safe_push_point	14	2000	128	25.0	60.98	27.00	9.34	1.08
phase3_91893.log	91893	phase3	2026-09-03	1	5990	models/cl_phase3_L14_d15tod25tod10_by_const_d25to10_multi_c0.1_c1_vrealvb_s905/final	safe_push_point	14	2000	128	10.0	54.75	9.98	7.46	1.00
phase3_91893.log	91893	phase3	2026-09-03	1	5991	models/cl_phase3_L14_d15tod25tod10_by_const_d25to10_multi_c0.1_c1_vrealvb_s905/final	safe_push_point	14	2000	128	15.0	58.80	13.01	7.94	0.87
phase3_91893.log	91893	phase3	2026-09-03	1	5992	models/cl_phase3_L14_d15tod25tod10_by_const_d25to10_multi_c0.1_c1_vrealvb_s905/final	safe_push_point	14	2000	128	25.0	62.60	25.59	10.11	1.02
phase2_98547.log	98547	phase2	2026-09-04	1	5987	models/cl_safe_push_pointL14tosafe_push_pointL14_by_const_d5to25_vanilla_c0.01_s901/final	safe_push_point	14	2000	128	25.0	47.39	26.23	8.56	1.05
phase2_98547.log	98547	phase2	2026-09-04	1	5988	models/cl_safe_push_pointL14tosafe_push_pointL14_by_const_d5to25_vanilla_c0.01_s901/final	safe_push_point	14	2000	128	5.0	33.60	11.29	7.18	2.26
phase2_98548.log	98548	phase2	2026-09-04	1	5987	models/cl_safe_push_pointL14tosafe_push_pointL14_by_const_d5to25_vanilla_c0.01_s903/final	safe_push_point	14	2000	128	25.0	49.15	23.29	8.44	0.93
phase2_98548.log	98548	phase2	2026-09-04	1	5988	models/cl_safe_push_pointL14tosafe_push_pointL14_by_const_d5to25_vanilla_c0.01_s903/final	safe_push_point	14	2000	128	5.0	26.16	4.89	7.03	0.98
phase2_98549.log	98549	phase2	2026-09-04	1	5990	models/cl_safe_push_pointL14tosafe_push_pointL14_by_const_d5to25_vanilla_c0.01_s904/final	safe_push_point	14	2000	128	25.0	49.56	25.47	10.12	1.02
phase2_98549.log	98549	phase2	2026-09-04	1	5991	models/cl_safe_push_pointL14tosafe_push_pointL14_by_const_d5to25_vanilla_c0.01_s904/final	safe_push_point	14	2000	128	5.0	40.59	6.88	6.21	1.38
